path,source,verses,source_sha256,markdown_sha256,retrieved_utc,status
10 신앙·성경/성경/개역개정 4복음서/10 마태복음/마태복음 01장.md,http://www.holybible.or.kr/B_GAE/cgi/bibleftxt.php?VR=GAE&VL=40&CN=1&CV=99,25,6d80dca59d4b93e1db3c4ebfa7d549ad9a4df4d4c1d0b29d7b458262e17f9c17,30532020987180ddf817abd42b9d8a0944e72b744b7432a948b006904ab46cdf,2026-08-17T12:51:26+00:00,ok
10 신앙·성경/성경/개역개정 4복음서/10 마태복음/마태복음 02장.md,http://www.holybible.or.kr/B_GAE/cgi/bibleftxt.php?VR=GAE&VL=40&CN=2&CV=99,23,61f032ecceefe156275deea946518e72e1d0abf5730843fb661c7d86df9be243,7d8875cc1f8e3c74bdfcbdf55033426c9607a1e6c3f2d366e76dda76f7954173,2026-08-17T12:51:26+00:00,ok
10 신앙·성경/성경/개역개정 4복음서/10 마태복음/마태복음 03장.md,http://www.holybible.or.kr/B_GAE/cgi/bibleftxt.php?VR=GAE&VL=40&CN=3&CV=99,17,dbad35b293c965fcd903bc2334dd6b5ef5f131e418fd192f8bd59571c60f5144,6008c7e44b0d02c04b66f7a45536a77e7a6ff2a8838ed41ae6b076acc6372f88,2026-08-17T12:51:26+00:00,ok
10 신앙·성경/성경/개역개정 4복음서/10 마태복음/마태복음 04장.md,http://www.holybible.or.kr/B_GAE/cgi/bibleftxt.php?VR=GAE&VL=40&CN=4&CV=99,25,ade31916d718ccf173f7b050c6b06582b3e14fd30d818eb91c0538c5aab1d0da,2a8503813dd02c0d7b91e0eee294fc5677d5deaeb9ffd66ebc046d60f7fc5dbb,2026-08-17T12:51:26+00:00,ok
10 신앙·성경/성경/개역개정 4복음서/10 마태복음/마태복음 05장.md,http://www.holybible.or.kr/B_GAE/cgi/bibleftxt.php?VR=GAE&VL=40&CN=5&CV=99,48,dae99cffb228cd4762ece2f7d08b56dab80d7723fa863212357de7b643966516,63c158c89ff233b9e10433750e76967d7d6fdd29bda7b988c6c074dc22ada622,2026-08-17T12:51:26+00:00,ok
10 신앙·성경/성경/개역개정 4복음서/10 마태복음/마태복음 06장.md,http://www.holybible.or.kr/B_GAE/cgi/bibleftxt.php?VR=GAE&VL=40&CN=6&CV=99,34,f5aa77fe79b57bd0dc3bc919797a80f6192080b0b688b41edc41e146ea0a55f9,77b6bbc1d7202915369d0213ba35b030e9855fa2c9167392cd420622086c1d92,2026-08-17T12:51:26+00:00,ok
10 신앙·성경/성경/개역개정 4복음서/10 마태복음/마태복음 07장.md,http://www.holybible.or.kr/B_GAE/cgi/bibleftxt.php?VR=GAE&VL=40&CN=7&CV=99,29,16dc8576749e51f082aa2cfd193d40e6aa94c78abd1ed87772564c13e539b74e,451840d1b4716c62b7e22940b8a6bfbd116cde5ee5740a60a2bea5610afe77c6,2026-08-17T12:51:26+00:00,ok
10 신앙·성경/성경/개역개정 4복음서/10 마태복음/마태복음 08장.md,http://www.holybible.or.kr/B_GAE/cgi/bibleftxt.php?VR=GAE&VL=40&CN=8&CV=99,34,9d986012c2b704507b944c08236bca93a77a387a6d97593ad2b4227e0c4fabd3,e1dec2d6b488026f254b7ac21b79840f610df7a5e32b8a1f79e56daf8a106568,2026-08-17T12:51:26+00:00,ok
10 신앙·성경/성경/개역개정 4복음서/10 마태복음/마태복음 09장.md,http://www.holybible.or.kr/B_GAE/cgi/bibleftxt.php?VR=GAE&VL=40&CN=9&CV=99,38,987f87c0321634aa1817ec7b409a0830dabe7fa77ecfa1c6595ac5fa6bc9b881,f99ecf17e1ad01c2e7f80380ebf7ea1da62eb047c1ec777fcd8868e710b5f20c,2026-08-17T12:51:26+00:00,ok
10 신앙·성경/성경/개역개정 4복음서/10 마태복음/마태복음 10장.md,http://www.holybible.or.kr/B_GAE/cgi/bibleftxt.php?VR=GAE&VL=40&CN=10&CV=99,42,e96f67fb0438375d850ef2d61c7a7b5cd79b4fd976c748cca1a9e9f3bea3ca42,06a9858a6550587fb34fa87d7f9c09db0e3c986186940e165f3f139fd90cb54e,2026-08-17T12:51:26+00:00,ok
10 신앙·성경/성경/개역개정 4복음서/10 마태복음/마태복음 11장.md,http://www.holybible.or.kr/B_GAE/cgi/bibleftxt.php?VR=GAE&VL=40&CN=11&CV=99,30,d1094217f7228318be9f56cea2600b464b72beaa1b410eb9f3938f837607af35,14c19dafcd49164ad6219b4d03d56af3e5e08b75b79a183f93df79ddd5c4af9d,2026-08-17T12:51:26+00:00,ok
10 신앙·성경/성경/개역개정 4복음서/10 마태복음/마태복음 12장.md,http://www.holybible.or.kr/B_GAE/cgi/bibleftxt.php?VR=GAE&VL=40&CN=12&CV=99,50,d5c4dd52559853f6542cdf852e9e3be42af36d01b6719278058b8004bf5dc168,41981e78d4c5dff1a2905f10b89c5233e17f0f977790b76a865b65d203daba66,2026-08-17T12:51:26+00:00,ok
10 신앙·성경/성경/개역개정 4복음서/10 마태복음/마태복음 13장.md,http://www.holybible.or.kr/B_GAE/cgi/bibleftxt.php?VR=GAE&VL=40&CN=13&CV=99,58,32c5b665f765263e1bb15d193ea2c56c9d1f497a88eca14de7303852f5567a0d,761fd265f36804e4bab9a9d38806cfc99f94f21414ed05ad7008b5e3de0e49aa,2026-08-17T12:51:26+00:00,ok
10 신앙·성경/성경/개역개정 4복음서/10 마태복음/마태복음 14장.md,http://www.holybible.or.kr/B_GAE/cgi/bibleftxt.php?VR=GAE&VL=40&CN=14&CV=99,36,350d9e915abeb1661d8d840a48cdad0b871e2f5fa4f6c2d5daa44a9ebb127d4a,a3c98d7e39a58ac847b0a260a90fb687fc6b756cab85d02a05a734d3709eeb21,2026-08-17T12:51:26+00:00,ok
10 신앙·성경/성경/개역개정 4복음서/10 마태복음/마태복음 15장.md,http://www.holybible.or.kr/B_GAE/cgi/bibleftxt.php?VR=GAE&VL=40&CN=15&CV=99,39,bea788c67c5f614ed40a2fd351875788f0c2db98fd1442045953836246e47619,7850833b9ae9e468795872817c2bdf228abd8bcfffd79da5f7ff67a175a2cb73,2026-08-17T12:51:26+00:00,ok
10 신앙·성경/성경/개역개정 4복음서/10 마태복음/마태복음 16장.md,http://www.holybible.or.kr/B_GAE/cgi/bibleftxt.php?VR=GAE&VL=40&CN=16&CV=99,28,d0292b08584f3e4fec2ed9f5cca020a924a83ea6a7750cd9388170458c1530fe,06037c18addb010d39e737cf4a3e6753a77c7d218bf95d1f079c16fc6ee5381a,2026-08-17T12:51:26+00:00,ok
10 신앙·성경/성경/개역개정 4복음서/10 마태복음/마태복음 17장.md,http://www.holybible.or.kr/B_GAE/cgi/bibleftxt.php?VR=GAE&VL=40&CN=17&CV=99,27,66fe099e18819f3bfc33435cdccd40767e98abf35789b8ea14cc9debf05a7105,72ad04f66f94d6ea0b9ceac56ff7d29e3381147472cb8f7219d374201b33eb32,2026-08-17T12:51:26+00:00,ok
10 신앙·성경/성경/개역개정 4복음서/10 마태복음/마태복음 18장.md,http://www.holybible.or.kr/B_GAE/cgi/bibleftxt.php?VR=GAE&VL=40&CN=18&CV=99,35,b92734d2ff04925279eb4d673487e4208a0ed9e81d94368e67bb7cd8d0c5ea97,656a32178c562f574ad034db0936022aad43899bb1365ddc425430c431bf6696,2026-08-17T12:51:26+00:00,ok
10 신앙·성경/성경/개역개정 4복음서/10 마태복음/마태복음 19장.md,http://www.holybible.or.kr/B_GAE/cgi/bibleftxt.php?VR=GAE&VL=40&CN=19&CV=99,30,572e8dcc479fc4996340c080dd6a3cad31b84f2ecb281a7d982839cee85de753,9878d87d5155e94d8e7d7d2f46a2c9bb61b8145448f3d3facaaf57f2cc79dfeb,2026-08-17T12:51:26+00:00,ok
10 신앙·성경/성경/개역개정 4복음서/10 마태복음/마태복음 20장.md,http://www.holybible.or.kr/B_GAE/cgi/bibleftxt.php?VR=GAE&VL=40&CN=20&CV=99,34,f1463c7a2ebbe2325422a5c102f82ed8d8da8569f7f772f95510cf25e93f7c4f,34719b3228635c2d9cf465c4eb4fb6847574567600f29f2c37ff7c618689749b,2026-08-17T12:51:26+00:00,ok
10 신앙·성경/성경/개역개정 4복음서/10 마태복음/마태복음 21장.md,http://www.holybible.or.kr/B_GAE/cgi/bibleftxt.php?VR=GAE&VL=40&CN=21&CV=99,46,446ff9d0f13a6fa075072f8cb31b432ded9fba5d3346c92de55cec25e5b91760,246343cb513f369dd81e56fed6de1fe58e145afba91b11711a68a3ea5cc333ec,2026-08-17T12:51:26+00:00,ok
10 신앙·성경/성경/개역개정 4복음서/10 마태복음/마태복음 22장.md,http://www.holybible.or.kr/B_GAE/cgi/bibleftxt.php?VR=GAE&VL=40&CN=22&CV=99,46,4dfa76c0f308c72a015008fc70daf9fa1c5250b5bb07dc3d7c82f9257f6826df,0673774c57afcf6d9990d7f1f9d3992cfbb5e0e7355c3ef105191a73dbe00576,2026-08-17T12:51:26+00:00,ok
10 신앙·성경/성경/개역개정 4복음서/10 마태복음/마태복음 23장.md,http://www.holybible.or.kr/B_GAE/cgi/bibleftxt.php?VR=GAE&VL=40&CN=23&CV=99,39,77866beab9bee84c2b3f35b9c41384cc63b50e2616b267ee4cb069e5816f5665,eb775cfe0c6fe5ed9b2f6b69b889b2068cebe02ccab9c7d0e8e055c5d0c32824,2026-08-17T12:51:26+00:00,ok
10 신앙·성경/성경/개역개정 4복음서/10 마태복음/마태복음 24장.md,http://www.holybible.or.kr/B_GAE/cgi/bibleftxt.php?VR=GAE&VL=40&CN=24&CV=99,51,d7bd473cad755fa36f6f40f38a56516b781e648647bcc8b8b3237ead065651ed,2330e18fb3dabe9ac271faf31e430c721b677375a5eb42155838bd580f2b0095,2026-08-17T12:51:26+00:00,ok
10 신앙·성경/성경/개역개정 4복음서/10 마태복음/마태복음 25장.md,http://www.holybible.or.kr/B_GAE/cgi/bibleftxt.php?VR=GAE&VL=40&CN=25&CV=99,46,723d79b1d4647cd0748029299ccdf3bf14316b0ccf19a8e9be8a0f946c41d648,be13383929eace229de73cf997f6e84df12806ba398194e046edb59e97d2dba5,2026-08-17T12:51:26+00:00,ok
10 신앙·성경/성경/개역개정 4복음서/10 마태복음/마태복음 26장.md,http://www.holybible.or.kr/B_GAE/cgi/bibleftxt.php?VR=GAE&VL=40&CN=26&CV=99,75,a70bcaefb020746422fc76c572f4963ab8541e54b2ca52c238e5fb53d95fec35,51634d1b7b4d5230a1fc9f3d551a488a98b8f47895da27ec8346610f80a57ef1,2026-08-17T12:51:26+00:00,ok
10 신앙·성경/성경/개역개정 4복음서/10 마태복음/마태복음 27장.md,http://www.holybible.or.kr/B_GAE/cgi/bibleftxt.php?VR=GAE&VL=40&CN=27&CV=99,66,eb9d90439e9c521c6415452a0382a3e7dc9ee10f000718e40538374ed48f5d21,81ff55023f8f4c853e2546176b3beb9073581848e90f31b998caa54e45b51aea,2026-08-17T12:51:26+00:00,ok
10 신앙·성경/성경/개역개정 4복음서/10 마태복음/마태복음 28장.md,http://www.holybible.or.kr/B_GAE/cgi/bibleftxt.php?VR=GAE&VL=40&CN=28&CV=99,20,76c08eb13524ddf757e769a4f3b4eab99eee4be5e37343fb30572c7be73bab7c,0ae94910750b577df8807ebeda2c60efca22e616036ee3452d9b91e1573a19e1,2026-08-17T12:51:26+00:00,ok
10 신앙·성경/성경/개역개정 4복음서/20 마가복음/마가복음 01장.md,http://www.holybible.or.kr/B_GAE/cgi/bibleftxt.php?VR=GAE&VL=41&CN=1&CV=99,45,67622609e9258ad5c4cdb2ade96dfa49f318ec51e6e88ce20129b94682decc52,c00e9cf5b253e7675ab722d84cbc38a9e4dc5aa453458d63c33301cd44af4ce3,2026-08-17T12:51:26+00:00,ok
10 신앙·성경/성경/개역개정 4복음서/20 마가복음/마가복음 02장.md,http://www.holybible.or.kr/B_GAE/cgi/bibleftxt.php?VR=GAE&VL=41&CN=2&CV=99,28,b19eb65bed79a08eb26a0e81003e642a5f090106e50e023ffef899c8e2fcaa4c,e0bb1ef36d73764625e9b24100bfd35e1d8540e1bdd07fd945ee780a6ccde168,2026-08-17T12:51:26+00:00,ok
10 신앙·성경/성경/개역개정 4복음서/20 마가복음/마가복음 03장.md,http://www.holybible.or.kr/B_GAE/cgi/bibleftxt.php?VR=GAE&VL=41&CN=3&CV=99,35,ca51654add702529d0d57645656c2dfd8cedff3b9139238526d966266671f87a,20ecab353ba0108817f66816e5b54534cd4bd3521e58b8f92a49187f4b4d7c6f,2026-08-17T12:51:26+00:00,ok
10 신앙·성경/성경/개역개정 4복음서/20 마가복음/마가복음 04장.md,http://www.holybible.or.kr/B_GAE/cgi/bibleftxt.php?VR=GAE&VL=41&CN=4&CV=99,41,ef2bc1861a8a8bbc7b13ec6b3a94ca7c426648e3e8f8af6d4f56ba44d408b481,6e2928e21103bf8f33e32af64a00ca63440d969d92dabbd56073121a759a624d,2026-08-17T12:51:26+00:00,ok
10 신앙·성경/성경/개역개정 4복음서/20 마가복음/마가복음 05장.md,http://www.holybible.or.kr/B_GAE/cgi/bibleftxt.php?VR=GAE&VL=41&CN=5&CV=99,43,1e11d7521931f56e0a24629ff75e53e56ac0d14dc1bd312f91d4ff8c25941cdf,8e64d18b7ffe0f99cb7804babc6b528d79b38c08e9a2cb7feed326d0215215dd,2026-08-17T12:51:26+00:00,ok
10 신앙·성경/성경/개역개정 4복음서/20 마가복음/마가복음 06장.md,http://www.holybible.or.kr/B_GAE/cgi/bibleftxt.php?VR=GAE&VL=41&CN=6&CV=99,56,e43e0a178d3f0f220d5d41cc44823f8ada852d164a40a3afb5e1ec663aa2ea0a,d82382bbad5739acf4abde8604e0d66fa141667d9b61c5a6ff07b09589372095,2026-08-17T12:51:26+00:00,ok
10 신앙·성경/성경/개역개정 4복음서/20 마가복음/마가복음 07장.md,http://www.holybible.or.kr/B_GAE/cgi/bibleftxt.php?VR=GAE&VL=41&CN=7&CV=99,37,455cc630781521d499d8271668f947f9eaca0818deaa0af6080e719bc238fb62,c4903945774694011e33b09fad624fecf75be918ebd79d196985be6d2fcc4f23,2026-08-17T12:51:26+00:00,ok
10 신앙·성경/성경/개역개정 4복음서/20 마가복음/마가복음 08장.md,http://www.holybible.or.kr/B_GAE/cgi/bibleftxt.php?VR=GAE&VL=41&CN=8&CV=99,38,7352fb7f3d7f0a2f103cdb10e3c67261c59be6dfe8fd2aa5badb56cf7c40282d,48d119a077a54d833f23b26b884c54e1bff6499d01d02bd93203ee49cbaeefe4,2026-08-17T12:51:26+00:00,ok
10 신앙·성경/성경/개역개정 4복음서/20 마가복음/마가복음 09장.md,http://www.holybible.or.kr/B_GAE/cgi/bibleftxt.php?VR=GAE&VL=41&CN=9&CV=99,50,2b487fdc2003e225175c6871fee6d976725dbd98c5e82ee1c6bd1f20e390ff17,6351cfaf44f781461ddef9873d911f2607ddf158512c9ac139c4ff0bf4c9b112,2026-08-17T12:51:26+00:00,ok
10 신앙·성경/성경/개역개정 4복음서/20 마가복음/마가복음 10장.md,http://www.holybible.or.kr/B_GAE/cgi/bibleftxt.php?VR=GAE&VL=41&CN=10&CV=99,52,e2f1c0c2395c791cdb8d7f563bafc91b5783c33d9b8e2f253a901558e305e8c8,c5cb960a3b6afccb1c54b57d67c22e6b42ba55ce5968679e64b4c3d2b1f2f577,2026-08-17T12:51:26+00:00,ok
10 신앙·성경/성경/개역개정 4복음서/20 마가복음/마가복음 11장.md,http://www.holybible.or.kr/B_GAE/cgi/bibleftxt.php?VR=GAE&VL=41&CN=11&CV=99,33,3d377e7b5ba280afbbb38ca4c7304e8e82256d1579d5ee49b2f0c769e4b8fb3f,ccf74c0fc5632ba01b40e611e7586777340184e1343a770828de5fb018d2aa13,2026-08-17T12:51:26+00:00,ok
10 신앙·성경/성경/개역개정 4복음서/20 마가복음/마가복음 12장.md,http://www.holybible.or.kr/B_GAE/cgi/bibleftxt.php?VR=GAE&VL=41&CN=12&CV=99,44,2fc7c723874adf9a4926c1d0644fdf4c53dc51114e7b8ea0cce29cc6799ef7b7,5b460a72039df6809ccdd3a95ddf0754a4dd050eb8112fae8686f1045991371a,2026-08-17T12:51:26+00:00,ok
10 신앙·성경/성경/개역개정 4복음서/20 마가복음/마가복음 13장.md,http://www.holybible.or.kr/B_GAE/cgi/bibleftxt.php?VR=GAE&VL=41&CN=13&CV=99,37,1f53f3f924427570ae9f7f28fd0642878f1cd4e9c1fc21d2f46210175a7cd714,0e10215c480047d11be436dcee146420a05bd030b25685c18e6a39103bffe08d,2026-08-17T12:51:26+00:00,ok
10 신앙·성경/성경/개역개정 4복음서/20 마가복음/마가복음 14장.md,http://www.holybible.or.kr/B_GAE/cgi/bibleftxt.php?VR=GAE&VL=41&CN=14&CV=99,72,01efdc5e138028d8670c22e7602802654702e356f3694d9ba9bcfac2619c7ac6,438ed962b8772cbbca9f52ee0dcb694adf74aaf1ddee71823152ca7294c66e65,2026-08-17T12:51:26+00:00,ok
10 신앙·성경/성경/개역개정 4복음서/20 마가복음/마가복음 15장.md,http://www.holybible.or.kr/B_GAE/cgi/bibleftxt.php?VR=GAE&VL=41&CN=15&CV=99,47,e0052dfe9ceca62a228820b082d05bbfdf5177055a9eaabffc2e77f044019c73,63b2c70e676e43e90afb7627819a9a900bf7dbf7cd0d5bc2c5645adbb7ff6a1b,2026-08-17T12:51:26+00:00,ok
10 신앙·성경/성경/개역개정 4복음서/20 마가복음/마가복음 16장.md,http://www.holybible.or.kr/B_GAE/cgi/bibleftxt.php?VR=GAE&VL=41&CN=16&CV=99,20,319c42e266663677173d25469bacaf51cb8a204533cb275dfb5979bc179edc8f,2301dbd3ff726e0dc4ef303bf9993d2b1907175a3c8f3ecd994cd9396abb4623,2026-08-17T12:51:26+00:00,ok
10 신앙·성경/성경/개역개정 4복음서/30 누가복음/누가복음 01장.md,http://www.holybible.or.kr/B_GAE/cgi/bibleftxt.php?VR=GAE&VL=42&CN=1&CV=99,80,d99bcaefc845b104003db8f4c70580496a42a0225a8c16160a5e5ce2a6d808ab,85ecd2a46bb95faa07965868e818fa6f2a6585aeb5f25f4515e3f4923f450c41,2026-08-17T12:51:26+00:00,ok
10 신앙·성경/성경/개역개정 4복음서/30 누가복음/누가복음 02장.md,http://www.holybible.or.kr/B_GAE/cgi/bibleftxt.php?VR=GAE&VL=42&CN=2&CV=99,52,5da7f5474b7995d58f55d121475b68d7ffcc7cc75814e5500e2db00227554f03,08445c2754520c787c0d66bc3ca351e8f0f1c79eb08ea71d261869307720d9af,2026-08-17T12:51:26+00:00,ok
10 신앙·성경/성경/개역개정 4복음서/30 누가복음/누가복음 03장.md,http://www.holybible.or.kr/B_GAE/cgi/bibleftxt.php?VR=GAE&VL=42&CN=3&CV=99,38,a7202ca2593b08e872361b11402e5b3e9905135800de47016a735789487504a1,0eabd0d26341c56cb9d92e1b0c74455c9b04abe2582fbf3d49618975bf3f2e22,2026-08-17T12:51:26+00:00,ok
10 신앙·성경/성경/개역개정 4복음서/30 누가복음/누가복음 04장.md,http://www.holybible.or.kr/B_GAE/cgi/bibleftxt.php?VR=GAE&VL=42&CN=4&CV=99,44,465eafa839018d8bdad2bdc2267ce598ba21f82bdf822ddfd7337be2d3f1322f,ad093a13115cde8479aa854bc4d5e1ef279d3b9d17e1ddbe2dc30e3b70c9caf3,2026-08-17T12:51:26+00:00,ok
10 신앙·성경/성경/개역개정 4복음서/30 누가복음/누가복음 05장.md,http://www.holybible.or.kr/B_GAE/cgi/bibleftxt.php?VR=GAE&VL=42&CN=5&CV=99,39,9b423e4e160a2ba4e42eb617e3844258b451ecfd38793a66049fa094172d8289,7b6bb6a3d5970c61c6b596af432bed60039d70f166e7131a7fd6fa519ab1ece3,2026-08-17T12:51:26+00:00,ok
10 신앙·성경/성경/개역개정 4복음서/30 누가복음/누가복음 06장.md,http://www.holybible.or.kr/B_GAE/cgi/bibleftxt.php?VR=GAE&VL=42&CN=6&CV=99,49,da22b4f9879fbcb0da84a479d444cab8ea30f333718088ebd977daf486062160,fbcde695d5cbe87a634f7dabb931b8b46d6a498b553144500aac526d6eeb0bd4,2026-08-17T12:51:26+00:00,ok
10 신앙·성경/성경/개역개정 4복음서/30 누가복음/누가복음 07장.md,http://www.holybible.or.kr/B_GAE/cgi/bibleftxt.php?VR=GAE&VL=42&CN=7&CV=99,50,31fd89f514e72119645aa0b12cddab17925360cf9315fc5e2b29a329883c1125,bc8ddc009f9fc87d19d52daa6ab24261a12873c686b525d371886ae0ce990ec3,2026-08-17T12:51:26+00:00,ok
10 신앙·성경/성경/개역개정 4복음서/30 누가복음/누가복음 08장.md,http://www.holybible.or.kr/B_GAE/cgi/bibleftxt.php?VR=GAE&VL=42&CN=8&CV=99,56,556372776cda58aca2aea90a11e80f7d3385197a439125976d07e5e5f67dd98d,852091333d2cdb92feb9f3f40557b7e144419abf7281068498ef20c07faa5080,2026-08-17T12:51:26+00:00,ok
10 신앙·성경/성경/개역개정 4복음서/30 누가복음/누가복음 09장.md,http://www.holybible.or.kr/B_GAE/cgi/bibleftxt.php?VR=GAE&VL=42&CN=9&CV=99,62,d252c095613b1435b7f1e2bb3d905f4a8565cfddc5d22729b2fcb715b0b29fc1,a0d34ee4e435f829817e5f6248e4aaf9e96c41985d4319ff000435615df9e791,2026-08-17T12:51:26+00:00,ok
10 신앙·성경/성경/개역개정 4복음서/30 누가복음/누가복음 10장.md,http://www.holybible.or.kr/B_GAE/cgi/bibleftxt.php?VR=GAE&VL=42&CN=10&CV=99,42,cb931bad3de74ada766228040422e727443c5a23624c5f64f6f1458484bb609e,0835bf7a0db5cb2930284794cfd8d6fd8611151dfc71f2a7eb91162e65b97c4d,2026-08-17T12:51:26+00:00,ok
10 신앙·성경/성경/개역개정 4복음서/30 누가복음/누가복음 11장.md,http://www.holybible.or.kr/B_GAE/cgi/bibleftxt.php?VR=GAE&VL=42&CN=11&CV=99,54,067c4f668d42be0980ff50b6fbf2b502ae35a9a1a835934cfda228c89e539c22,80de57b6ceb8b9cfc1ba7eeff038573186f0b633461f5659154a08bcdf23f089,2026-08-17T12:51:26+00:00,ok
10 신앙·성경/성경/개역개정 4복음서/30 누가복음/누가복음 12장.md,http://www.holybible.or.kr/B_GAE/cgi/bibleftxt.php?VR=GAE&VL=42&CN=12&CV=99,59,104ac9a1094b1a9c7aabbb78bc2c28018ae07092e5f0a646efb197c7beb08af9,7151e829cba38003d20d6914d3f7e654075287ffbce182d1bac6b47d08298858,2026-08-17T12:51:26+00:00,ok
10 신앙·성경/성경/개역개정 4복음서/30 누가복음/누가복음 13장.md,http://www.holybible.or.kr/B_GAE/cgi/bibleftxt.php?VR=GAE&VL=42&CN=13&CV=99,35,8298add01b4bb3367ae58cf168fc079dda01a258929e70e4cf3165c1f1c94ea6,f916a5703b6b01108a61ce54d64957b000265251314d7196d21bdf7a18e97c63,2026-08-17T12:51:26+00:00,ok
10 신앙·성경/성경/개역개정 4복음서/30 누가복음/누가복음 14장.md,http://www.holybible.or.kr/B_GAE/cgi/bibleftxt.php?VR=GAE&VL=42&CN=14&CV=99,35,204bbcaec80008378c41cb55435d7968bee2aeb9a27c8f07cc4316ba87b318dd,96870be26c65a44754c2813627da6aa8ecd14ee87f9af75bc8ba204c7b7a04c5,2026-08-17T12:51:26+00:00,ok
10 신앙·성경/성경/개역개정 4복음서/30 누가복음/누가복음 15장.md,http://www.holybible.or.kr/B_GAE/cgi/bibleftxt.php?VR=GAE&VL=42&CN=15&CV=99,32,3b325c97f3a66ecbdcf6242549feade459f9af9006317527474d979dd1772243,e23b94ac0c5ec936e9b09090e9a02471c98bdd818ed0c8512bd132f06f4776cc,2026-08-17T12:51:26+00:00,ok
10 신앙·성경/성경/개역개정 4복음서/30 누가복음/누가복음 16장.md,http://www.holybible.or.kr/B_GAE/cgi/bibleftxt.php?VR=GAE&VL=42&CN=16&CV=99,31,15b797b027bd0bb758db1d8eb0ce643d0017f3cc3a1445bb19aa86d7386ec7b9,5c064f79bd8cdab5ae88da793951b97e88ed66ba8f1d793d558aefc44c1054f9,2026-08-17T12:51:26+00:00,ok
10 신앙·성경/성경/개역개정 4복음서/30 누가복음/누가복음 17장.md,http://www.holybible.or.kr/B_GAE/cgi/bibleftxt.php?VR=GAE&VL=42&CN=17&CV=99,37,23669b868d630fd1820b0c80e261ea98feee2267b8263cf835da4c4861b8f85c,d43fbeb0d309297220aab172d23bdcba5418ce1e94927db965946765ca9820da,2026-08-17T12:51:26+00:00,ok
10 신앙·성경/성경/개역개정 4복음서/30 누가복음/누가복음 18장.md,http://www.holybible.or.kr/B_GAE/cgi/bibleftxt.php?VR=GAE&VL=42&CN=18&CV=99,43,0f61e415015d5aa6b681cc78edf8a92870b3769d842d49517f9517bbc84412e3,b4720b9c3296701aecfae567c221cb72399b4318f7a17ffe408e717d62fabfa7,2026-08-17T12:51:26+00:00,ok
10 신앙·성경/성경/개역개정 4복음서/30 누가복음/누가복음 19장.md,http://www.holybible.or.kr/B_GAE/cgi/bibleftxt.php?VR=GAE&VL=42&CN=19&CV=99,48,eb83d0f132947f0eb1836568ec22f2ab824cbd3ae50a0602877df9aeb4a4ebd6,0829cfcd24479f587884c07be35ceef16f91dadd0d86ea9c02f98c7abf0a8b77,2026-08-17T12:51:26+00:00,ok
10 신앙·성경/성경/개역개정 4복음서/30 누가복음/누가복음 20장.md,http://www.holybible.or.kr/B_GAE/cgi/bibleftxt.php?VR=GAE&VL=42&CN=20&CV=99,47,318b76c94e5bc91057feed0fa8cd8cef82d18c1a6e8b8df90c896a6d546a25e0,04729c5b82148cff1b87ad20b485c85d4b2692755ff909eb5ba08d4aabb62a23,2026-08-17T12:51:26+00:00,ok
10 신앙·성경/성경/개역개정 4복음서/30 누가복음/누가복음 21장.md,http://www.holybible.or.kr/B_GAE/cgi/bibleftxt.php?VR=GAE&VL=42&CN=21&CV=99,38,2fa33aef5a9509d171761e6b6723d03f0aa12b746c4db376d0af650b4cd3728d,5f22ffa9eaf200f13cea42acde19b5585aad96d01f3df3894745abe0f8709f0c,2026-08-17T12:51:26+00:00,ok
10 신앙·성경/성경/개역개정 4복음서/30 누가복음/누가복음 22장.md,http://www.holybible.or.kr/B_GAE/cgi/bibleftxt.php?VR=GAE&VL=42&CN=22&CV=99,71,78d9cae1c6fd78b18eb714fd3d6ffac4d7276ab06ba5abb9587ab906a6f638dc,3e4350af72d8b96ca01f0ab4960aaec7a44180a40fa3388b12d028e52eab4f9b,2026-08-17T12:51:26+00:00,ok
10 신앙·성경/성경/개역개정 4복음서/30 누가복음/누가복음 23장.md,http://www.holybible.or.kr/B_GAE/cgi/bibleftxt.php?VR=GAE&VL=42&CN=23&CV=99,56,e67d1592035157bf6ba34f70c6ccc8459289f248fd27a0bfaac09ba902d71076,af364bf24fb307e1894906dd186b96622debe622502e8baf01881f8a213b2fe1,2026-08-17T12:51:26+00:00,ok
10 신앙·성경/성경/개역개정 4복음서/30 누가복음/누가복음 24장.md,http://www.holybible.or.kr/B_GAE/cgi/bibleftxt.php?VR=GAE&VL=42&CN=24&CV=99,53,36e0b7414796430d09b3747d0902e168e811dc0f3cb3d0e0729099180533ae4b,33476e395a25df7ec41cee36104a68d8bcfe0846524f90ef04aaffa7713d8b01,2026-08-17T12:51:26+00:00,ok
10 신앙·성경/성경/개역개정 4복음서/40 요한복음/요한복음 01장.md,http://www.holybible.or.kr/B_GAE/cgi/bibleftxt.php?VR=GAE&VL=43&CN=1&CV=99,51,66e3c5858b2cc18b0d125e14c48fe8e08d02b9673855e992a78ce890612f4172,16fac2a82a35c2ab72b637a4feca188e1a5b17d74b1a16e8bd46b4de7eba6839,2026-08-17T12:51:26+00:00,ok
10 신앙·성경/성경/개역개정 4복음서/40 요한복음/요한복음 02장.md,http://www.holybible.or.kr/B_GAE/cgi/bibleftxt.php?VR=GAE&VL=43&CN=2&CV=99,25,95990ef446d0621c89aee834de05fa49163d9cc5c13e4fafc3ceecb65cd1f998,37a1e7633e4801becb0db1e6e2c39750e7714094a78ca7841c230d0075971ef8,2026-08-17T12:51:26+00:00,ok
10 신앙·성경/성경/개역개정 4복음서/40 요한복음/요한복음 03장.md,http://www.holybible.or.kr/B_GAE/cgi/bibleftxt.php?VR=GAE&VL=43&CN=3&CV=99,36,ad5a9f5a3f987181b7ea2f5822286485c3de2a3cad8ccec20420bc87657c47e8,deef1264be0bd8cb58013e232121350dc5d230dda32631bb3e8f88a3f5f7a099,2026-08-17T12:51:26+00:00,ok
10 신앙·성경/성경/개역개정 4복음서/40 요한복음/요한복음 04장.md,http://www.holybible.or.kr/B_GAE/cgi/bibleftxt.php?VR=GAE&VL=43&CN=4&CV=99,54,0d8676cea98c0c90c1066fca6bca472dc8e9bdb35f5fc816312482f24303a8e0,ab164c0b9b400b5441b42c37d1d21e6ff04cd34935263b77311258b9961c4948,2026-08-17T12:51:26+00:00,ok
10 신앙·성경/성경/개역개정 4복음서/40 요한복음/요한복음 05장.md,http://www.holybible.or.kr/B_GAE/cgi/bibleftxt.php?VR=GAE&VL=43&CN=5&CV=99,47,9c7f02de1a35dffebf6dfb7bfeba17d855cbcd8ed2c984880157beca6f66ef50,3aa043bbfa97400df769cc7bd1c184ed8a8c805f4d5450fbd7ce904060fd9288,2026-08-17T12:51:26+00:00,ok
10 신앙·성경/성경/개역개정 4복음서/40 요한복음/요한복음 06장.md,http://www.holybible.or.kr/B_GAE/cgi/bibleftxt.php?VR=GAE&VL=43&CN=6&CV=99,71,ad84d95d2174954f357c84e19d72a8cfc03b091ca898f926426796b75012144c,3e0611e8c733f37d7ea6ef94df8396da8c5b9942d9ad821471c8a0ece101082e,2026-08-17T12:51:26+00:00,ok
10 신앙·성경/성경/개역개정 4복음서/40 요한복음/요한복음 07장.md,http://www.holybible.or.kr/B_GAE/cgi/bibleftxt.php?VR=GAE&VL=43&CN=7&CV=99,53,90cecaa0250016cb5d44c1fabdff216ae0ee6f911966fd7b0e5a212470d42de7,e27a4962b7b8519c675372df6b1c0ec35277ffa6739e9727a6931c90909c11eb,2026-08-17T12:51:26+00:00,ok
10 신앙·성경/성경/개역개정 4복음서/40 요한복음/요한복음 08장.md,http://www.holybible.or.kr/B_GAE/cgi/bibleftxt.php?VR=GAE&VL=43&CN=8&CV=99,59,8be39bc81c703a98a8358d0949142219d8ae7bf562db118a81298499a0a82f94,febf501496be678cb2ff59394c48964a8e144768bdcb14f68e4076c422ee3a07,2026-08-17T12:51:26+00:00,ok
10 신앙·성경/성경/개역개정 4복음서/40 요한복음/요한복음 09장.md,http://www.holybible.or.kr/B_GAE/cgi/bibleftxt.php?VR=GAE&VL=43&CN=9&CV=99,41,e668f5abf225d5839e4617bfd45c178f75aa83fd817284ffb810ace6b608fd55,983973b0f6461a1157c06096379e135abeca39f3605413e666b2e34f1630e0d7,2026-08-17T12:51:26+00:00,ok
10 신앙·성경/성경/개역개정 4복음서/40 요한복음/요한복음 10장.md,http://www.holybible.or.kr/B_GAE/cgi/bibleftxt.php?VR=GAE&VL=43&CN=10&CV=99,42,16f2baab1a843c7708819170408678b1d30ae6587c90d36e91b2066a46d144a3,a8c963d73670256db056a40d67b459eb8a3bb035b98af1905de7778598490ec8,2026-08-17T12:51:26+00:00,ok
10 신앙·성경/성경/개역개정 4복음서/40 요한복음/요한복음 11장.md,http://www.holybible.or.kr/B_GAE/cgi/bibleftxt.php?VR=GAE&VL=43&CN=11&CV=99,57,1388420d3719a978fc3646b491bffdf8e79f2c20ab933aff9815e67361b001b4,889c6b110eb01f0802d3b8aa65f48ce0a43f5c2e52b3ac605ec1865c3c466fb0,2026-08-17T12:51:26+00:00,ok
10 신앙·성경/성경/개역개정 4복음서/40 요한복음/요한복음 12장.md,http://www.holybible.or.kr/B_GAE/cgi/bibleftxt.php?VR=GAE&VL=43&CN=12&CV=99,50,158486debac9bfe74283ccb2955f8f99d66a394125d9f80848e84a1878e683b5,0b7a9469b7e898e72eab5ca5819b8b7e88043449e302e3825b870b216839c557,2026-08-17T12:51:26+00:00,ok
10 신앙·성경/성경/개역개정 4복음서/40 요한복음/요한복음 13장.md,http://www.holybible.or.kr/B_GAE/cgi/bibleftxt.php?VR=GAE&VL=43&CN=13&CV=99,38,93157329e94ce0ea53055d30500f47844e8d6c3a5e276e0854b47f8a1ec51535,7fc15c974b17128e3cbfd800ff075fe38fa1c84189c0990348ba446e3903e412,2026-08-17T12:51:26+00:00,ok
10 신앙·성경/성경/개역개정 4복음서/40 요한복음/요한복음 14장.md,http://www.holybible.or.kr/B_GAE/cgi/bibleftxt.php?VR=GAE&VL=43&CN=14&CV=99,31,acaf405424ba3f21536df60c95d085d9b2d9bd0bd73d9708cb71b70488b37049,aa5c9f65aded29e2406614fcc1b63ff3526c8309ff1a82453998452181d0b96b,2026-08-17T12:51:26+00:00,ok
10 신앙·성경/성경/개역개정 4복음서/40 요한복음/요한복음 15장.md,http://www.holybible.or.kr/B_GAE/cgi/bibleftxt.php?VR=GAE&VL=43&CN=15&CV=99,27,9d41ef6394b9e5b6f6ae310fe1b6a67cb1b03c95f73f20de0b5aa351e1a5de76,3aed252cb8120e5bf14ab1e79dfdcfe9952a3e7b065c1ae581e2f5421cd83e7c,2026-08-17T12:51:26+00:00,ok
10 신앙·성경/성경/개역개정 4복음서/40 요한복음/요한복음 16장.md,http://www.holybible.or.kr/B_GAE/cgi/bibleftxt.php?VR=GAE&VL=43&CN=16&CV=99,33,4c75e3b1b12c3da76fc441e32f6476b14fd1bca9b6263a3ad8303078dab9422e,006fd561ade29130b32825a6fc3bba80eeedce5f2d11426c0606b04d98a281cb,2026-08-17T12:51:26+00:00,ok
10 신앙·성경/성경/개역개정 4복음서/40 요한복음/요한복음 17장.md,http://www.holybible.or.kr/B_GAE/cgi/bibleftxt.php?VR=GAE&VL=43&CN=17&CV=99,26,c62797d8239b64ab7e6a4d2e1b581f877966b8107dc3c8db63c454a99f4a5dc5,9a8e9c6feac30d57d229cc1043cc324fc12ca93220c0d7a0c17e01f07536ee0f,2026-08-17T12:51:26+00:00,ok
10 신앙·성경/성경/개역개정 4복음서/40 요한복음/요한복음 18장.md,http://www.holybible.or.kr/B_GAE/cgi/bibleftxt.php?VR=GAE&VL=43&CN=18&CV=99,40,5460ff5a1253632095ae89b32eb7c96368848a27bfb3ecff0d374b241ec298a8,c02b7fcc4fcab66ee8fdf5b35692083bead260dcc7dda13ec9d9004416e61609,2026-08-17T12:51:26+00:00,ok
10 신앙·성경/성경/개역개정 4복음서/40 요한복음/요한복음 19장.md,http://www.holybible.or.kr/B_GAE/cgi/bibleftxt.php?VR=GAE&VL=43&CN=19&CV=99,42,df162289fe7e52a5364224586129deb7bf09bde5431a2ca23dd5725808c2f729,bad30f2e7760bfd3b39f6a9098816984324e7076a44d87ddf0190b997545c7c7,2026-08-17T12:51:26+00:00,ok
10 신앙·성경/성경/개역개정 4복음서/40 요한복음/요한복음 20장.md,http://www.holybible.or.kr/B_GAE/cgi/bibleftxt.php?VR=GAE&VL=43&CN=20&CV=99,31,f6879c10216402e3e92e5694aa315fc1cfd7b030b3fb72f52429aa4a800ff667,abf05da3ca0006a54c052b29d747ba9826a46a51760e4a73d1cc3cee689272a6,2026-08-17T12:51:26+00:00,ok
10 신앙·성경/성경/개역개정 4복음서/40 요한복음/요한복음 21장.md,http://www.holybible.or.kr/B_GAE/cgi/bibleftxt.php?VR=GAE&VL=43&CN=21&CV=99,25,00b5c72e7b9b27e494cb9fefe2ed9cf9bf4098f60fc616dc52ef58e2c24e3146,a37061b86f9c4d3a25ed6b93d093ec19222e10624d3f8346b591395f852305e0,2026-08-17T12:51:26+00:00,ok
10 신앙·성경/성경/개역개정 구약성경/10 모세오경/01 창세기/창세기 001장.md,http://www.holybible.or.kr/B_GAE/cgi/bibleftxt.php?VR=GAE&VL=1&CN=1&CV=99,31,9c2f751fcf4ad3922729fd13891f713464836881efe997af296095293328e734,8023b43a9da94b54711735c86cea4e924f98d5e94bc755e49b8c848b6eaf0ffd,2026-08-17T12:51:26+00:00,ok
10 신앙·성경/성경/개역개정 구약성경/10 모세오경/01 창세기/창세기 002장.md,http://www.holybible.or.kr/B_GAE/cgi/bibleftxt.php?VR=GAE&VL=1&CN=2&CV=99,25,2a006c81f02de9bef1017df1d8dd9338b60a4f55248725b3661a960681863cf3,b50a5a41408fbd792d7df5a95288466ca2f1f451b72b9bc1c624c26bc695d5dd,2026-08-17T12:51:26+00:00,ok
10 신앙·성경/성경/개역개정 구약성경/10 모세오경/01 창세기/창세기 003장.md,http://www.holybible.or.kr/B_GAE/cgi/bibleftxt.php?VR=GAE&VL=1&CN=3&CV=99,24,d866b7a25c400d8ed6fbd79159e5203ab0b4667405127b2dbe51c02b8b351f6b,18f5581a0db9cc84166fce6b2697c7dfc301b68c34acfecac299bad3352f4ef9,2026-08-17T12:51:26+00:00,ok
10 신앙·성경/성경/개역개정 구약성경/10 모세오경/01 창세기/창세기 004장.md,http://www.holybible.or.kr/B_GAE/cgi/bibleftxt.php?VR=GAE&VL=1&CN=4&CV=99,26,4259b7059f113e29d7e03a6709f8a038a3cd1ef4980c72bb6a4e7dd65ad5962b,1fb1194e816c906c4c4cac5ad35a30b567edc20395ed45ed5a4a9e92f816f4d4,2026-08-17T12:51:26+00:00,ok
10 신앙·성경/성경/개역개정 구약성경/10 모세오경/01 창세기/창세기 005장.md,http://www.holybible.or.kr/B_GAE/cgi/bibleftxt.php?VR=GAE&VL=1&CN=5&CV=99,32,3d8492ccde64d46c97849322e69d7d43727a272ca41638d0460882cbc9966f30,e5de0384b81ba42c92b343843278337abd55663377fde21d3744a6edd8e09aac,2026-08-17T12:51:26+00:00,ok
10 신앙·성경/성경/개역개정 구약성경/10 모세오경/01 창세기/창세기 006장.md,http://www.holybible.or.kr/B_GAE/cgi/bibleftxt.php?VR=GAE&VL=1&CN=6&CV=99,22,c4dd0905a1420b65053d10fe1e8b664ce4ae2892fcb5e6bbd487a69a942ce2c8,e64376d26571ce6d5a58313effd502b23b37aa2d2b7e5ebfa127940a984adeb6,2026-08-17T12:51:26+00:00,ok
10 신앙·성경/성경/개역개정 구약성경/10 모세오경/01 창세기/창세기 007장.md,http://www.holybible.or.kr/B_GAE/cgi/bibleftxt.php?VR=GAE&VL=1&CN=7&CV=99,24,e934ef66af6087d3a440086cacec174651f8919773df4b625d415b85bbf56c98,a0eef9f981ca2577644c96b44752ed7f23bea2fcbf78b527eccbe76ff868f5d2,2026-08-17T12:51:26+00:00,ok
10 신앙·성경/성경/개역개정 구약성경/10 모세오경/01 창세기/창세기 008장.md,http://www.holybible.or.kr/B_GAE/cgi/bibleftxt.php?VR=GAE&VL=1&CN=8&CV=99,22,4dcd3d00087cb9171560d64209634e9bfb9eee1162e0248956d0ee888664a4b4,5b7268355cc2c76240b133b6f073b22a5dff880dd670aa7bccd870be9d23f525,2026-08-17T12:51:26+00:00,ok
10 신앙·성경/성경/개역개정 구약성경/10 모세오경/01 창세기/창세기 009장.md,http://www.holybible.or.kr/B_GAE/cgi/bibleftxt.php?VR=GAE&VL=1&CN=9&CV=99,29,a6d78b55337ffbcb57e3242ae0e0cd4eb1d82e073f9785c39ba042d28eb0a988,7450b2c1557b851aa3dc1b88d4b62031c94a6a229cc0f88878a7a7ec26e1fc73,2026-08-17T12:51:26+00:00,ok
10 신앙·성경/성경/개역개정 구약성경/10 모세오경/01 창세기/창세기 010장.md,http://www.holybible.or.kr/B_GAE/cgi/bibleftxt.php?VR=GAE&VL=1&CN=10&CV=99,32,e1814f49a8f7db6cf129513f3e9395aaaa31888417615cceb28a4e111fc7f884,4bbeb5d4ce56998b59f79dd8652094802aa94cb4363eb98ac20682c919472341,2026-08-17T12:51:26+00:00,ok
10 신앙·성경/성경/개역개정 구약성경/10 모세오경/01 창세기/창세기 011장.md,http://www.holybible.or.kr/B_GAE/cgi/bibleftxt.php?VR=GAE&VL=1&CN=11&CV=99,32,ce16a2d2b9ce698bbfc95b0b3a00c481fb8e4519dd1f52182d924323e5bbe4e5,edb4a28fa2f928783bd3beedd810b9b63453f18bfe6ac95ea8d926f4e688f11b,2026-08-17T12:51:26+00:00,ok
10 신앙·성경/성경/개역개정 구약성경/10 모세오경/01 창세기/창세기 012장.md,http://www.holybible.or.kr/B_GAE/cgi/bibleftxt.php?VR=GAE&VL=1&CN=12&CV=99,20,ff4a9a83e4150ec2a32cc38223ea7cfd06fb78c9ee22f93d3e7d8b84fff700f4,523159d2bb5f7e7638e4b8b847292f45d3b806c27ebe8cec8c7efbd2a4a7f108,2026-08-17T12:51:26+00:00,ok
10 신앙·성경/성경/개역개정 구약성경/10 모세오경/01 창세기/창세기 013장.md,http://www.holybible.or.kr/B_GAE/cgi/bibleftxt.php?VR=GAE&VL=1&CN=13&CV=99,18,87c881bc3d29ae5b8d89a396cd3239cc4d3e25b3e6b9416b29cba972982899a8,214b3e4e09e54d565d1abaf6487a666d9fff8aa15349077256d130e8b34b8214,2026-08-17T12:51:26+00:00,ok
10 신앙·성경/성경/개역개정 구약성경/10 모세오경/01 창세기/창세기 014장.md,http://www.holybible.or.kr/B_GAE/cgi/bibleftxt.php?VR=GAE&VL=1&CN=14&CV=99,24,04b0bd0340ffd537f0a37631574e59b54e5b6383eda4ccba00b44ea0fd84a358,f423019653fc1208257326e1a85507ab9e6bca4cf23ea07ea15aa7a853df5803,2026-08-17T12:51:26+00:00,ok
10 신앙·성경/성경/개역개정 구약성경/10 모세오경/01 창세기/창세기 015장.md,http://www.holybible.or.kr/B_GAE/cgi/bibleftxt.php?VR=GAE&VL=1&CN=15&CV=99,21,e417c2269d3cecde67f86c9a7e869a4548beffe98fff398d17221b461cdebc88,d1214ae7d63be85358a33de580378f2e0fe51d5caaf12c872c27e541dd6e9f3d,2026-08-17T12:51:26+00:00,ok
10 신앙·성경/성경/개역개정 구약성경/10 모세오경/01 창세기/창세기 016장.md,http://www.holybible.or.kr/B_GAE/cgi/bibleftxt.php?VR=GAE&VL=1&CN=16&CV=99,16,1a82c8357167abaa8d7e23b7727590f0baed845a316b1cf50edd60c4119e78b8,d2346eb01c1cc7ddf740385ce2769e6792313eb321c337171cf4340f0bc33486,2026-08-17T12:51:26+00:00,ok
10 신앙·성경/성경/개역개정 구약성경/10 모세오경/01 창세기/창세기 017장.md,http://www.holybible.or.kr/B_GAE/cgi/bibleftxt.php?VR=GAE&VL=1&CN=17&CV=99,27,902999f080a53f4467e302604f6ccd013edb42f468c02e639944385971a0229d,8308521b1106989796f174fc39e666e5802b878a41d7b08ddffe4a3c606eba8b,2026-08-17T12:51:26+00:00,ok
10 신앙·성경/성경/개역개정 구약성경/10 모세오경/01 창세기/창세기 018장.md,http://www.holybible.or.kr/B_GAE/cgi/bibleftxt.php?VR=GAE&VL=1&CN=18&CV=99,33,c6c54f7d8a9eabc2881aa2e1d5478b20751af8bc48a2835b4c66e7c206320963,51e51449b3d5dd7f8b1ed9c98eac5a757cfa6e8d2e1e46edd565315ae47e586c,2026-08-17T12:51:26+00:00,ok
10 신앙·성경/성경/개역개정 구약성경/10 모세오경/01 창세기/창세기 019장.md,http://www.holybible.or.kr/B_GAE/cgi/bibleftxt.php?VR=GAE&VL=1&CN=19&CV=99,38,783ff7ebc36cd8fc078f776fcc50deebebe38c4fabb562198e2759806372f040,363d2b70a6189447e70c3d49fd9dd12499fa73ea0bbe95dc3888868eb0ae568e,2026-08-17T12:51:26+00:00,ok
10 신앙·성경/성경/개역개정 구약성경/10 모세오경/01 창세기/창세기 020장.md,http://www.holybible.or.kr/B_GAE/cgi/bibleftxt.php?VR=GAE&VL=1&CN=20&CV=99,18,5636e1ec1649a3127b668e1933b8c47d4b7dc1fb30b83ec4a05a8560a3f13ef5,bb9265d77f6250eeb731f50469e4e9f3a2faa8495960a7cc58904f3986093777,2026-08-17T12:51:26+00:00,ok
10 신앙·성경/성경/개역개정 구약성경/10 모세오경/01 창세기/창세기 021장.md,http://www.holybible.or.kr/B_GAE/cgi/bibleftxt.php?VR=GAE&VL=1&CN=21&CV=99,34,1021b430baaa2ec268ef90a199e02f3a395b4884b691855cb959e9d59efdeade,98cd6be95af99772bc3d311259af3514139414163747701adb063b024921c775,2026-08-17T12:51:26+00:00,ok
10 신앙·성경/성경/개역개정 구약성경/10 모세오경/01 창세기/창세기 022장.md,http://www.holybible.or.kr/B_GAE/cgi/bibleftxt.php?VR=GAE&VL=1&CN=22&CV=99,24,c2ecb07a2ed6192664c8c5f11eb2dc99005314fce9303e68ea8621f2c568af62,ecf980b9bb8ba8540ffb2e4dba12797364bca08cc20512a40c36e23764b1a00c,2026-08-17T12:51:26+00:00,ok
10 신앙·성경/성경/개역개정 구약성경/10 모세오경/01 창세기/창세기 023장.md,http://www.holybible.or.kr/B_GAE/cgi/bibleftxt.php?VR=GAE&VL=1&CN=23&CV=99,20,60b9cd3c234d3eb8b1a3a0259a9461443d176f37e34d39eb3d3a437395a128f7,33edc70be4f7f9f588fc3222ffca4019c702e8bb965530be28bb7f01a39f5a62,2026-08-17T12:51:26+00:00,ok
10 신앙·성경/성경/개역개정 구약성경/10 모세오경/01 창세기/창세기 024장.md,http://www.holybible.or.kr/B_GAE/cgi/bibleftxt.php?VR=GAE&VL=1&CN=24&CV=99,67,285dea032003cf9a38fc3411fca87f28a1fa261d7fd4a1bfa84e136fba26ce56,cf21783facdae50c3fa526ea898b228f991becd5b96cbd28eab6820865d0bbdd,2026-08-17T12:51:26+00:00,ok
10 신앙·성경/성경/개역개정 구약성경/10 모세오경/01 창세기/창세기 025장.md,http://www.holybible.or.kr/B_GAE/cgi/bibleftxt.php?VR=GAE&VL=1&CN=25&CV=99,34,a02910ff2dd556e77e379b0439a1d71cf65ca551e91ba005cc05a5e88be0696c,865de410cb643080eaccda8adaa753aebaf7b4990bd1141ec94807e3f81f82a2,2026-08-17T12:51:26+00:00,ok
10 신앙·성경/성경/개역개정 구약성경/10 모세오경/01 창세기/창세기 026장.md,http://www.holybible.or.kr/B_GAE/cgi/bibleftxt.php?VR=GAE&VL=1&CN=26&CV=99,35,a754aef22685e67b238595f72b95638c07bd0e43c33911c7348b08787d80d43e,e18d952d859a932975adab9240e938611bb8ca2614f85ed027296bfb974bc2d3,2026-08-17T12:51:26+00:00,ok
10 신앙·성경/성경/개역개정 구약성경/10 모세오경/01 창세기/창세기 027장.md,http://www.holybible.or.kr/B_GAE/cgi/bibleftxt.php?VR=GAE&VL=1&CN=27&CV=99,46,b67cdef3705e62e3be87beab652a16459a6f3ac4995398327c14d0a2e3c04de4,6007af057f64629d8b0a73b64db64b27454f9bf402b272c55737489ed82518cc,2026-08-17T12:51:26+00:00,ok
10 신앙·성경/성경/개역개정 구약성경/10 모세오경/01 창세기/창세기 028장.md,http://www.holybible.or.kr/B_GAE/cgi/bibleftxt.php?VR=GAE&VL=1&CN=28&CV=99,22,177039b686c5f28bc2dda4712ec6fc6c2d6c57451b0addb065a1d98aeca354fc,25171d33132be11b4127b1bcf2ee006657b04e0e0ea5165bffc19fa2e42c55f2,2026-08-17T12:51:26+00:00,ok
10 신앙·성경/성경/개역개정 구약성경/10 모세오경/01 창세기/창세기 029장.md,http://www.holybible.or.kr/B_GAE/cgi/bibleftxt.php?VR=GAE&VL=1&CN=29&CV=99,35,dd7dc1199d5013623f65f30e23203258a834cae7be62c68c1456e14742582809,41e08e982c2e21e1df75036db3e9e8a2db8628fecd1cce231e0de24259600cae,2026-08-17T12:51:26+00:00,ok
10 신앙·성경/성경/개역개정 구약성경/10 모세오경/01 창세기/창세기 030장.md,http://www.holybible.or.kr/B_GAE/cgi/bibleftxt.php?VR=GAE&VL=1&CN=30&CV=99,43,90671a1e2d344c2c129cad221d261ab1f2101326caeaef254d4dbe1d795a7e30,c497930482733ed6ba5063705e0e8856fe843bf32539f77b11252e4912ee086f,2026-08-17T12:51:26+00:00,ok
10 신앙·성경/성경/개역개정 구약성경/10 모세오경/01 창세기/창세기 031장.md,http://www.holybible.or.kr/B_GAE/cgi/bibleftxt.php?VR=GAE&VL=1&CN=31&CV=99,55,7f6f181e8b833f71cc9f25141eb795b0c161afd88c8013d82485bd09d25e8b74,0d93bca2df8af2f0df0c93fc1ac90ac12c2b0e70d0c837c471568037280c664f,2026-08-17T12:51:26+00:00,ok
10 신앙·성경/성경/개역개정 구약성경/10 모세오경/01 창세기/창세기 032장.md,http://www.holybible.or.kr/B_GAE/cgi/bibleftxt.php?VR=GAE&VL=1&CN=32&CV=99,32,6c68758c7b2082dd768a709b46d76f0d7fc45b2de03136e7959e6384dde01d5f,606a0d2bb72e65e328d63678ebde8afc10940cd96dc1e8875dfddfe5675a3679,2026-08-17T12:51:26+00:00,ok
10 신앙·성경/성경/개역개정 구약성경/10 모세오경/01 창세기/창세기 033장.md,http://www.holybible.or.kr/B_GAE/cgi/bibleftxt.php?VR=GAE&VL=1&CN=33&CV=99,20,f8fda1df6ba0d0dad7177c01a033276eb545214b5015234b018cd532f7255b19,992b6129f9c25c53de26abd838ba0939749fe421d951037899480f5d471188b9,2026-08-17T12:51:26+00:00,ok
10 신앙·성경/성경/개역개정 구약성경/10 모세오경/01 창세기/창세기 034장.md,http://www.holybible.or.kr/B_GAE/cgi/bibleftxt.php?VR=GAE&VL=1&CN=34&CV=99,31,65a37942e9bd75c01035f6cad8b6091d4dd9261a84baba19acba58dfbbceb6f1,493fdca9d3456e79613754b33120f155465865e7ac48c04a451b61b91a9ab5fe,2026-08-17T12:51:26+00:00,ok
10 신앙·성경/성경/개역개정 구약성경/10 모세오경/01 창세기/창세기 035장.md,http://www.holybible.or.kr/B_GAE/cgi/bibleftxt.php?VR=GAE&VL=1&CN=35&CV=99,29,e56c324c393c9a20962a080981acde9a9e8a8b121ef61dd9fe2ba7b01cf183fb,27ca39d70d7db75a0fb1537833a3124f2423134fb3400867be1475a43a5d2363,2026-08-17T12:51:26+00:00,ok
10 신앙·성경/성경/개역개정 구약성경/10 모세오경/01 창세기/창세기 036장.md,http://www.holybible.or.kr/B_GAE/cgi/bibleftxt.php?VR=GAE&VL=1&CN=36&CV=99,43,06da48e4553cb11fce48c619692df1e359494ab93a59b690d379d262663874f2,5402c195f88b84464285a2b166160b6d79529ddba99a788f472be965684851c8,2026-08-17T12:51:26+00:00,ok
10 신앙·성경/성경/개역개정 구약성경/10 모세오경/01 창세기/창세기 037장.md,http://www.holybible.or.kr/B_GAE/cgi/bibleftxt.php?VR=GAE&VL=1&CN=37&CV=99,36,40dca3f133c36d62225ab1057c4e52e6897f5405a70c5ec5eb7a1bf737651132,e2dca72e666eac71cf34ea6c6db76b7647a52dcbe208783e860fe940852bd4ac,2026-08-17T12:51:26+00:00,ok
10 신앙·성경/성경/개역개정 구약성경/10 모세오경/01 창세기/창세기 038장.md,http://www.holybible.or.kr/B_GAE/cgi/bibleftxt.php?VR=GAE&VL=1&CN=38&CV=99,30,c1e8650dadf06f2c1195dd849e8b8b79129da126646153c0e5bafc0b8cc9bf3b,fd4c7a42cc208dc172b1179b3b673ca8be299a8ddd4b9c72c6832a8d82e582c3,2026-08-17T12:51:26+00:00,ok
10 신앙·성경/성경/개역개정 구약성경/10 모세오경/01 창세기/창세기 039장.md,http://www.holybible.or.kr/B_GAE/cgi/bibleftxt.php?VR=GAE&VL=1&CN=39&CV=99,23,d5124be8489b32dc84a8612e906f773c1ac5e94820ab5c0d47ac857fd26b63f5,0c264d3a9ba58103f749ba42e642c540a90350f3bb964d552d5f8046cd746bcf,2026-08-17T12:51:26+00:00,ok
10 신앙·성경/성경/개역개정 구약성경/10 모세오경/01 창세기/창세기 040장.md,http://www.holybible.or.kr/B_GAE/cgi/bibleftxt.php?VR=GAE&VL=1&CN=40&CV=99,23,6de7fc2fb197675a2d5dc44ea7ef4dbeb08b2bf45032e33a25944e57b71b8b91,9e4e2367981abc37f4c70682dc3c62f105b9a50b246717db5adb648317feaaf1,2026-08-17T12:51:26+00:00,ok
10 신앙·성경/성경/개역개정 구약성경/10 모세오경/01 창세기/창세기 041장.md,http://www.holybible.or.kr/B_GAE/cgi/bibleftxt.php?VR=GAE&VL=1&CN=41&CV=99,57,a5012d3b1b005e4931c9273ab3f003c6fe762e70f54944c833a223da3eabb95b,4f9e74c7c7182ebf7cba47fcb33e04fd5eb1db7885cb38c13532c4550ebf1813,2026-08-17T12:51:26+00:00,ok
10 신앙·성경/성경/개역개정 구약성경/10 모세오경/01 창세기/창세기 042장.md,http://www.holybible.or.kr/B_GAE/cgi/bibleftxt.php?VR=GAE&VL=1&CN=42&CV=99,38,245dbd68783e50382c26939e6a443f3a6e3eccca55665812060aa3134deae707,627730a5de6e835fa0b54d16594f29110190071eb0cf94428cced600a74c372f,2026-08-17T12:51:26+00:00,ok
10 신앙·성경/성경/개역개정 구약성경/10 모세오경/01 창세기/창세기 043장.md,http://www.holybible.or.kr/B_GAE/cgi/bibleftxt.php?VR=GAE&VL=1&CN=43&CV=99,34,e2ee93cf8d039d69b0ad32e82ea9ae2703377d1c69363c97e9a2e7b0db29142f,846867a8390ff1c548bb803acfe9ebdd064df8edcd32d8e09673f82e7d659d7a,2026-08-17T12:51:26+00:00,ok
10 신앙·성경/성경/개역개정 구약성경/10 모세오경/01 창세기/창세기 044장.md,http://www.holybible.or.kr/B_GAE/cgi/bibleftxt.php?VR=GAE&VL=1&CN=44&CV=99,34,b929329b40161c09d47ed08d46358d2b1c44600fca371a77594b9b559e20eecb,04a850c7362dcf87532644d58f562e8aa309dbf97b5f7102325ce57d1c14c512,2026-08-17T12:51:26+00:00,ok
10 신앙·성경/성경/개역개정 구약성경/10 모세오경/01 창세기/창세기 045장.md,http://www.holybible.or.kr/B_GAE/cgi/bibleftxt.php?VR=GAE&VL=1&CN=45&CV=99,28,a396c15bdad50d5b6472ff0467473d0f998895e706b329788d1757d1fa12a92f,b78e84be69f9ffe6ab9a04b01433eebf0f859549544fdc1c739e98efe971e44f,2026-08-17T12:51:26+00:00,ok
10 신앙·성경/성경/개역개정 구약성경/10 모세오경/01 창세기/창세기 046장.md,http://www.holybible.or.kr/B_GAE/cgi/bibleftxt.php?VR=GAE&VL=1&CN=46&CV=99,34,d55efca594925f7a36d6fb8f6893069c8dafdefed946b58ccbf44df75938344b,b1480a372c54e3f5b7d1f6d557322b17d5eeaa61d1bee9096f6a666730f3ba3d,2026-08-17T12:51:26+00:00,ok
10 신앙·성경/성경/개역개정 구약성경/10 모세오경/01 창세기/창세기 047장.md,http://www.holybible.or.kr/B_GAE/cgi/bibleftxt.php?VR=GAE&VL=1&CN=47&CV=99,31,7b730d3f9ef16a115d3303db16b661186d3999121d8d3128fe63a587656843f7,ebc91684fdccfb2b2f64589509ac00f14f4c0839ccd581dc7e9ba66c3d47b66f,2026-08-17T12:51:26+00:00,ok
10 신앙·성경/성경/개역개정 구약성경/10 모세오경/01 창세기/창세기 048장.md,http://www.holybible.or.kr/B_GAE/cgi/bibleftxt.php?VR=GAE&VL=1&CN=48&CV=99,22,28ec5df94e0043d226408269fb2bcf4551db7ffa07f9a827f8efa7ccf0c03bc1,28fcc326e3061fc68923260a71ed5be51ea804420e705ee6a887e28f4a20d88a,2026-08-17T12:51:26+00:00,ok
10 신앙·성경/성경/개역개정 구약성경/10 모세오경/01 창세기/창세기 049장.md,http://www.holybible.or.kr/B_GAE/cgi/bibleftxt.php?VR=GAE&VL=1&CN=49&CV=99,33,be74c33fbce9445a86a3f8e13b32f0356abded4b693b8ea14cad5b51105ffc26,99ea052783c9d2cd9ef1637c8715c095ba314f2690b7592a092e797e7068f64a,2026-08-17T12:51:26+00:00,ok
10 신앙·성경/성경/개역개정 구약성경/10 모세오경/01 창세기/창세기 050장.md,http://www.holybible.or.kr/B_GAE/cgi/bibleftxt.php?VR=GAE&VL=1&CN=50&CV=99,26,61457ea28e0a66b766a92ed2ffbcb75f52f2b14cc19c3208ffc342aef35c83d4,4093782acf0291ea05c4f8759a91be8cc0a841eb5ea8f8c2dbce294abc0b6e46,2026-08-17T12:51:26+00:00,ok
10 신앙·성경/성경/개역개정 구약성경/10 모세오경/02 출애굽기/출애굽기 001장.md,http://www.holybible.or.kr/B_GAE/cgi/bibleftxt.php?VR=GAE&VL=2&CN=1&CV=99,22,315d7333d0dd877149910c0508b811d5e1731de2e862405942142244e3b90eb5,ffd065e64b5f7777d37e12b196f1102e2f760e0c1106fcfffe73bf3d5f91205d,2026-08-17T12:51:26+00:00,ok
10 신앙·성경/성경/개역개정 구약성경/10 모세오경/02 출애굽기/출애굽기 002장.md,http://www.holybible.or.kr/B_GAE/cgi/bibleftxt.php?VR=GAE&VL=2&CN=2&CV=99,25,b0423a57ae7d5af00dc317510c767adb698f052e4e7a337caea8d6d898d78d0e,18aa00421cd05fdcee70630ffa2a5368bcb38abc37420cb28707dc802ca60baf,2026-08-17T12:51:26+00:00,ok
10 신앙·성경/성경/개역개정 구약성경/10 모세오경/02 출애굽기/출애굽기 003장.md,http://www.holybible.or.kr/B_GAE/cgi/bibleftxt.php?VR=GAE&VL=2&CN=3&CV=99,22,99f42af0174167d24b62b19f67e8240ba45d6278d52ec93c303073bd265fb183,b2989f50e5bb26d1f32a767e100e68ddb41c7000b73b4c279aeb4ebd9b96fcff,2026-08-17T12:51:26+00:00,ok
10 신앙·성경/성경/개역개정 구약성경/10 모세오경/02 출애굽기/출애굽기 004장.md,http://www.holybible.or.kr/B_GAE/cgi/bibleftxt.php?VR=GAE&VL=2&CN=4&CV=99,31,588b67ffc47e80dcd846a08d94843776d5537c0d043927fa8df52c07937316f7,7de938ab602420d9b3a9de5f6ba544d38f38af6a70a0db1a2f61dbe52c65bac1,2026-08-17T12:51:26+00:00,ok
10 신앙·성경/성경/개역개정 구약성경/10 모세오경/02 출애굽기/출애굽기 005장.md,http://www.holybible.or.kr/B_GAE/cgi/bibleftxt.php?VR=GAE&VL=2&CN=5&CV=99,23,d4ce348c9f01167de5cb984c36d0e80256d88ae30d14aec4e53c30b64d7730fb,c2fe2d152969996c5e52a92848c0acaa83a00af263f897163c22445c61a98dcc,2026-08-17T12:51:26+00:00,ok
10 신앙·성경/성경/개역개정 구약성경/10 모세오경/02 출애굽기/출애굽기 006장.md,http://www.holybible.or.kr/B_GAE/cgi/bibleftxt.php?VR=GAE&VL=2&CN=6&CV=99,30,53d1d930db296c15a2196dd4641986517524f4bd66bc439aa81311319a297e4b,0388e6b03d7a1aeca5c0eb7b2a69eb9e01507c690d11201f9b1cf9d712dd150b,2026-08-17T12:51:26+00:00,ok
10 신앙·성경/성경/개역개정 구약성경/10 모세오경/02 출애굽기/출애굽기 007장.md,http://www.holybible.or.kr/B_GAE/cgi/bibleftxt.php?VR=GAE&VL=2&CN=7&CV=99,25,8992121d6f04c771015a4d32be6d04a116d0785ca781e6d6a56708e3a8b545e3,e9a228edbb35ed525dcdc2c362973063c299614e957839e2c154c0176e9f1bd7,2026-08-17T12:51:26+00:00,ok
10 신앙·성경/성경/개역개정 구약성경/10 모세오경/02 출애굽기/출애굽기 008장.md,http://www.holybible.or.kr/B_GAE/cgi/bibleftxt.php?VR=GAE&VL=2&CN=8&CV=99,32,c62f8ad05dc3339b517c4d702bb3161ad8927205313a2e0ebbfe2a9fc56c92e4,85eaaa941a70e757b130597ae4f9ce907540b76b8a8e9ce446f01858efe0ecce,2026-08-17T12:51:26+00:00,ok
10 신앙·성경/성경/개역개정 구약성경/10 모세오경/02 출애굽기/출애굽기 009장.md,http://www.holybible.or.kr/B_GAE/cgi/bibleftxt.php?VR=GAE&VL=2&CN=9&CV=99,35,53bf3bf880e1b7a06ff9b65c770accd3f9224396638fca5dd958b9f3c5338b6a,ac6056f80c2c7b9c862937dc08da57314dced4eefe6f056fc2096e2d52fc377e,2026-08-17T12:51:26+00:00,ok
10 신앙·성경/성경/개역개정 구약성경/10 모세오경/02 출애굽기/출애굽기 010장.md,http://www.holybible.or.kr/B_GAE/cgi/bibleftxt.php?VR=GAE&VL=2&CN=10&CV=99,29,fd910817e6a2dc91bb0f41b42065be5de626ae7534591ba90cb5137cfca97bce,fc5c4718f97857f2a83c7e2bd4b0373c6b34a2c74c7ebe551c4b8b18e127c6de,2026-08-17T12:51:26+00:00,ok
10 신앙·성경/성경/개역개정 구약성경/10 모세오경/02 출애굽기/출애굽기 011장.md,http://www.holybible.or.kr/B_GAE/cgi/bibleftxt.php?VR=GAE&VL=2&CN=11&CV=99,10,538dc42ce3290b030151097dd15a5324b5c752da3b472e4aefd1d98938a1da6b,59d2c5d0ff7718d3e586fc91238e3b71885e8641496b4444ed8653a5edecadd4,2026-08-17T12:51:26+00:00,ok
10 신앙·성경/성경/개역개정 구약성경/10 모세오경/02 출애굽기/출애굽기 012장.md,http://www.holybible.or.kr/B_GAE/cgi/bibleftxt.php?VR=GAE&VL=2&CN=12&CV=99,51,7b2609eb388d0cc0546d1a0732322178b7354917f19682365edbab116bb01bc5,a7e30dd71878359dbbb5abf55288b0fe8deb5f4d96ca85a898500b49071b9688,2026-08-17T12:51:26+00:00,ok
10 신앙·성경/성경/개역개정 구약성경/10 모세오경/02 출애굽기/출애굽기 013장.md,http://www.holybible.or.kr/B_GAE/cgi/bibleftxt.php?VR=GAE&VL=2&CN=13&CV=99,22,4b7987389763e7bf69d36a1c82b880e4c98483ba7c031ae51c7bce808e784e91,c02bfc629689a48359e216219f76228751d30b6d89c53fa2f0027329b0e1e42b,2026-08-17T12:51:26+00:00,ok
10 신앙·성경/성경/개역개정 구약성경/10 모세오경/02 출애굽기/출애굽기 014장.md,http://www.holybible.or.kr/B_GAE/cgi/bibleftxt.php?VR=GAE&VL=2&CN=14&CV=99,31,ee5e22061450b13a3f91d1ecb992d2995132664a1f5d173827093d3e96ae4e45,696372ab3f2446494be6396184cbeb558dfaf91a642e53cda6d9d86a34f70713,2026-08-17T12:51:26+00:00,ok
10 신앙·성경/성경/개역개정 구약성경/10 모세오경/02 출애굽기/출애굽기 015장.md,http://www.holybible.or.kr/B_GAE/cgi/bibleftxt.php?VR=GAE&VL=2&CN=15&CV=99,27,6f173cc719d6963eccde3a8dca8c2cdd99af6a7fc09b94d4f8852d03d997e454,6f3f99580ee6dd82699a62459a788185d5c81b0a730385b382b5e406ffa2b2b5,2026-08-17T12:51:26+00:00,ok
10 신앙·성경/성경/개역개정 구약성경/10 모세오경/02 출애굽기/출애굽기 016장.md,http://www.holybible.or.kr/B_GAE/cgi/bibleftxt.php?VR=GAE&VL=2&CN=16&CV=99,36,72f58be42632eda824b1ffd45b82467b873903bb22cad99e077c594dabf1c8ee,fd47f11b91535982bc123816b62469c8428a2d04227570398eff3d6ec919c3cb,2026-08-17T12:51:26+00:00,ok
10 신앙·성경/성경/개역개정 구약성경/10 모세오경/02 출애굽기/출애굽기 017장.md,http://www.holybible.or.kr/B_GAE/cgi/bibleftxt.php?VR=GAE&VL=2&CN=17&CV=99,16,822e263391dc06ebb05f05b5d9d5542f15804ea8775dd46f9a4fea11dc32d729,de8e5423c6bf37abf3276712ebceddcb1b12e8e152523dea24bdb6c22615d805,2026-08-17T12:51:26+00:00,ok
10 신앙·성경/성경/개역개정 구약성경/10 모세오경/02 출애굽기/출애굽기 018장.md,http://www.holybible.or.kr/B_GAE/cgi/bibleftxt.php?VR=GAE&VL=2&CN=18&CV=99,27,365708e4e860bbc083ba425b75d9e334c3e7b314d894768b24b1664672be0416,cc120150bc590b3b1c55441dc615c65e44ab1b1ed36b92c23c4b92618259afc7,2026-08-17T12:51:26+00:00,ok
10 신앙·성경/성경/개역개정 구약성경/10 모세오경/02 출애굽기/출애굽기 019장.md,http://www.holybible.or.kr/B_GAE/cgi/bibleftxt.php?VR=GAE&VL=2&CN=19&CV=99,25,5c995991d5590d3603606cc409e02e7331be56175f0a18a634dac3c5d97ec2a5,11fe349aef86a3eeb0def8d6943566833fa64e6f4ce50287cc35001057c50067,2026-08-17T12:51:26+00:00,ok
10 신앙·성경/성경/개역개정 구약성경/10 모세오경/02 출애굽기/출애굽기 020장.md,http://www.holybible.or.kr/B_GAE/cgi/bibleftxt.php?VR=GAE&VL=2&CN=20&CV=99,26,087c892f18ce1cc3958a5cfa42b416d8c3d01f57df60501de78066a9ddce532e,dcdf9c76ea841166a48df423b56898f71c85a4561c93b00026c21c77058df231,2026-08-17T12:51:26+00:00,ok
10 신앙·성경/성경/개역개정 구약성경/10 모세오경/02 출애굽기/출애굽기 021장.md,http://www.holybible.or.kr/B_GAE/cgi/bibleftxt.php?VR=GAE&VL=2&CN=21&CV=99,36,b69aa84ead0d6643a876ef80e895a97795fc1d15cf71e3be019c8401d129e91f,9040113fb8ab7d906169700400c93cb9efa36aa29f4a3c52d385e9afb4c0a88d,2026-08-17T12:51:26+00:00,ok
10 신앙·성경/성경/개역개정 구약성경/10 모세오경/02 출애굽기/출애굽기 022장.md,http://www.holybible.or.kr/B_GAE/cgi/bibleftxt.php?VR=GAE&VL=2&CN=22&CV=99,31,33e220dcaa74c95c8e8d8df5336e40af04d314ded55f4f9be667b3ab45ad4349,93336b67404b3a1bd9af108e15780445dce51333807db5766a94eda4817f0bf2,2026-08-17T12:51:26+00:00,ok
10 신앙·성경/성경/개역개정 구약성경/10 모세오경/02 출애굽기/출애굽기 023장.md,http://www.holybible.or.kr/B_GAE/cgi/bibleftxt.php?VR=GAE&VL=2&CN=23&CV=99,33,765a8395cb3f37a99d7dbff0633f82f6ee9e1a4fa0b581953380d08c4a1f866f,168ecb546017b2764a3e4c40dc246af8995af9c415478ca0df9dfbd96a5e03f2,2026-08-17T12:51:26+00:00,ok
10 신앙·성경/성경/개역개정 구약성경/10 모세오경/02 출애굽기/출애굽기 024장.md,http://www.holybible.or.kr/B_GAE/cgi/bibleftxt.php?VR=GAE&VL=2&CN=24&CV=99,18,f8663370c823880281c187ee3af48f632c52d49b0b23a33c6fdd68726aa24b3e,be4c8600efbeb179c55e4f2e2ec36e5e294bb45af716c2d6e642c4bea877ad70,2026-08-17T12:51:26+00:00,ok
10 신앙·성경/성경/개역개정 구약성경/10 모세오경/02 출애굽기/출애굽기 025장.md,http://www.holybible.or.kr/B_GAE/cgi/bibleftxt.php?VR=GAE&VL=2&CN=25&CV=99,40,5f9c969b04f3dc34622989d71cd48f48d62127fcae7952762efc6771799bbb32,b303825d762068a07f0c2d927d6978b2894821c6707b0b81552b239a2cc1bb06,2026-08-17T12:51:26+00:00,ok
10 신앙·성경/성경/개역개정 구약성경/10 모세오경/02 출애굽기/출애굽기 026장.md,http://www.holybible.or.kr/B_GAE/cgi/bibleftxt.php?VR=GAE&VL=2&CN=26&CV=99,37,821d00c59e79a7b8383940a09646480435ee4c470be5678a2377670ecfb780d4,440f53191d7a9fad3602712d6d42bafbe08195e6f34d852038ec55be994cc255,2026-08-17T12:51:26+00:00,ok
10 신앙·성경/성경/개역개정 구약성경/10 모세오경/02 출애굽기/출애굽기 027장.md,http://www.holybible.or.kr/B_GAE/cgi/bibleftxt.php?VR=GAE&VL=2&CN=27&CV=99,21,d6a564db1bc6e597ecd62749f4a6fec5e9bb728352a023eb017ab7626b457fd2,4aa0892801de9e80858bd8f906f238bd78650ac894804e5a6a8a114edb7c6c50,2026-08-17T12:51:26+00:00,ok
10 신앙·성경/성경/개역개정 구약성경/10 모세오경/02 출애굽기/출애굽기 028장.md,http://www.holybible.or.kr/B_GAE/cgi/bibleftxt.php?VR=GAE&VL=2&CN=28&CV=99,43,1a674af1ea51b539dd8ff86ec3cf10a1ba359b97450d8cf318446002b3be9bc2,c2cf3859bab9aa7f40ffe379b5596b4ec62921b8a9620cffb1c1f1a5de3635d0,2026-08-17T12:51:26+00:00,ok
10 신앙·성경/성경/개역개정 구약성경/10 모세오경/02 출애굽기/출애굽기 029장.md,http://www.holybible.or.kr/B_GAE/cgi/bibleftxt.php?VR=GAE&VL=2&CN=29&CV=99,46,7bb1cc990100f5790b4b4bb23091572606d8c1ca215e097233988b2b3922597e,0c3154d792e0a5deaad98ab254305cfd3e0702627ac0caf0cba6c1a567b30510,2026-08-17T12:51:26+00:00,ok
10 신앙·성경/성경/개역개정 구약성경/10 모세오경/02 출애굽기/출애굽기 030장.md,http://www.holybible.or.kr/B_GAE/cgi/bibleftxt.php?VR=GAE&VL=2&CN=30&CV=99,38,ccafe3eb09d4f4a55b2d32c52b3e0f9a38495beb2605f66a43a655dc25782848,57771d0e8e5ca3b4c4ce6c7976210cd84fbc96146765e34f3ef54351c4513c14,2026-08-17T12:51:26+00:00,ok
10 신앙·성경/성경/개역개정 구약성경/10 모세오경/02 출애굽기/출애굽기 031장.md,http://www.holybible.or.kr/B_GAE/cgi/bibleftxt.php?VR=GAE&VL=2&CN=31&CV=99,18,b68d18de400ebfe07846abebbeec7bb51a63353c222def171e257a2fed3bef37,2763d18c644eec61c8274512ae222a1f0b119f3aa991a46a92f625ae665fd80e,2026-08-17T12:51:26+00:00,ok
10 신앙·성경/성경/개역개정 구약성경/10 모세오경/02 출애굽기/출애굽기 032장.md,http://www.holybible.or.kr/B_GAE/cgi/bibleftxt.php?VR=GAE&VL=2&CN=32&CV=99,35,ad3470e3ec9053f4658509ff36499a2c370c723e476ca543daa9340f742d99af,0448a526cdbb4c86351e76bd8cd928cdbf9c5a74d11b36e4b7ad08dbfaf11fb9,2026-08-17T12:51:26+00:00,ok
10 신앙·성경/성경/개역개정 구약성경/10 모세오경/02 출애굽기/출애굽기 033장.md,http://www.holybible.or.kr/B_GAE/cgi/bibleftxt.php?VR=GAE&VL=2&CN=33&CV=99,23,b08f9c23e49bfeafd5594187a574affedb68bf39e8d74628fb0b0927ddba8254,10394ee2ca2649bd6e40ed22f0aca64f23527108cf837feb500acd6feb83d645,2026-08-17T12:51:26+00:00,ok
10 신앙·성경/성경/개역개정 구약성경/10 모세오경/02 출애굽기/출애굽기 034장.md,http://www.holybible.or.kr/B_GAE/cgi/bibleftxt.php?VR=GAE&VL=2&CN=34&CV=99,35,325d6f576cb48e5e62a938a81112f2e17761295a2fb85ee1ba5cb55d51a90684,fc0cb4234d02a3fbb6c5bd2d2767ca4ef69e673ecfab723ec7493755daaf7875,2026-08-17T12:51:26+00:00,ok
10 신앙·성경/성경/개역개정 구약성경/10 모세오경/02 출애굽기/출애굽기 035장.md,http://www.holybible.or.kr/B_GAE/cgi/bibleftxt.php?VR=GAE&VL=2&CN=35&CV=99,35,1fd5bed0e7293a314a9cfd2ff42f38ab6930c4e9d2443a5017c7aab1f9d6474a,1b5d6e40a05f1474487ab89b8f03fefb5dea576d00207daafa857581c287bab2,2026-08-17T12:51:26+00:00,ok
10 신앙·성경/성경/개역개정 구약성경/10 모세오경/02 출애굽기/출애굽기 036장.md,http://www.holybible.or.kr/B_GAE/cgi/bibleftxt.php?VR=GAE&VL=2&CN=36&CV=99,38,47fe15c0251575d4db2bd3a5af76ade713ca7b5fa53bf84a324aa5802a25d9ec,a34888df8d434c39ceac51e286fcdd9f117d365143a6766297f2497299f51913,2026-08-17T12:51:26+00:00,ok
10 신앙·성경/성경/개역개정 구약성경/10 모세오경/02 출애굽기/출애굽기 037장.md,http://www.holybible.or.kr/B_GAE/cgi/bibleftxt.php?VR=GAE&VL=2&CN=37&CV=99,29,7e65c6434236614b8bf32cfbeed00f0b54808431ca58c072d533de593239dba8,8f494f31f945e2fe61624a0e9017885d6d488c2d189d1b2e99640361ab3d4e09,2026-08-17T12:51:26+00:00,ok
10 신앙·성경/성경/개역개정 구약성경/10 모세오경/02 출애굽기/출애굽기 038장.md,http://www.holybible.or.kr/B_GAE/cgi/bibleftxt.php?VR=GAE&VL=2&CN=38&CV=99,31,060d2a70c3655ee377a3dcee72f5d57979616f5fb39a359e35bfbf05eff29544,16154e334f6a13a88b4714263c4983ef2a4e1fb4ca7b09d72d76a17d0902cc10,2026-08-17T12:51:26+00:00,ok
10 신앙·성경/성경/개역개정 구약성경/10 모세오경/02 출애굽기/출애굽기 039장.md,http://www.holybible.or.kr/B_GAE/cgi/bibleftxt.php?VR=GAE&VL=2&CN=39&CV=99,43,0016752e1a2b92e3b77bd77ba316367fa2d3f9d8d96ba274c74aca1f27c0493f,bbdaeb01fb996e41aefe41193ba2a9bb6553bf85be5d7ef3bfab1a1b68d5c840,2026-08-17T12:51:26+00:00,ok
10 신앙·성경/성경/개역개정 구약성경/10 모세오경/02 출애굽기/출애굽기 040장.md,http://www.holybible.or.kr/B_GAE/cgi/bibleftxt.php?VR=GAE&VL=2&CN=40&CV=99,38,38b8aec0125b2062cc67e5b13aa58876502ec4aa27b23a47860b6aaa58c54386,f807e568998d30026dc1835065d424e5bbc2f338a55db5db32100f0beb7d3168,2026-08-17T12:51:26+00:00,ok
10 신앙·성경/성경/개역개정 구약성경/10 모세오경/03 레위기/레위기 001장.md,http://www.holybible.or.kr/B_GAE/cgi/bibleftxt.php?VR=GAE&VL=3&CN=1&CV=99,17,cfa090abede489734dbd27ccb23834bf106d2fa16db7337a5799509c93f3f8e4,1f3bd65627514b9413988153704f78609dd1fc0d9a43d11113bf479fa8cf1512,2026-08-17T12:51:26+00:00,ok
10 신앙·성경/성경/개역개정 구약성경/10 모세오경/03 레위기/레위기 002장.md,http://www.holybible.or.kr/B_GAE/cgi/bibleftxt.php?VR=GAE&VL=3&CN=2&CV=99,16,d85d8739e08ae72967b710d6fba0d2258c3cc87389e3643c797583737e914757,136aeea4d66c9667826d8b1f69a8154fa81fbf635776d2f5560af19eb9907418,2026-08-17T12:51:26+00:00,ok
10 신앙·성경/성경/개역개정 구약성경/10 모세오경/03 레위기/레위기 003장.md,http://www.holybible.or.kr/B_GAE/cgi/bibleftxt.php?VR=GAE&VL=3&CN=3&CV=99,17,2ae959b9bf7e713e69a2fa1fd114f7ef3b3ba29fd57fee22a3ec6b572c744b4b,dc9e3783faf352c166fe2c29fc0f007d812eba18b2e98a7f056f086e63fd69cb,2026-08-17T12:51:26+00:00,ok
10 신앙·성경/성경/개역개정 구약성경/10 모세오경/03 레위기/레위기 004장.md,http://www.holybible.or.kr/B_GAE/cgi/bibleftxt.php?VR=GAE&VL=3&CN=4&CV=99,35,3f97a28c003de03268cd32405ba15678383e6eb1e2d753dd19071630f56642ea,5fff2879a80f261fb155051bee46f752fbd9de798c32e7d8532a7f0dc2e991d0,2026-08-17T12:51:26+00:00,ok
10 신앙·성경/성경/개역개정 구약성경/10 모세오경/03 레위기/레위기 005장.md,http://www.holybible.or.kr/B_GAE/cgi/bibleftxt.php?VR=GAE&VL=3&CN=5&CV=99,19,23e10830d898780f5dc921ee2f86b6583f3d4adfe0bb53ef0e9573b0f39d5445,70a47c3a98e16f7c3aa4a9d8c01dfbb781a6a3f717a3444c8468484377184147,2026-08-17T12:51:26+00:00,ok
10 신앙·성경/성경/개역개정 구약성경/10 모세오경/03 레위기/레위기 006장.md,http://www.holybible.or.kr/B_GAE/cgi/bibleftxt.php?VR=GAE&VL=3&CN=6&CV=99,30,18cb92006a756bb227147f7b1de2544fed43f70c61c5e01a9b869e6882629a8f,f57e26b3e95b8b257cf7b4f76fdf0be683cc4457fe9bc50b1afc2e43b7e3a369,2026-08-17T12:51:26+00:00,ok
10 신앙·성경/성경/개역개정 구약성경/10 모세오경/03 레위기/레위기 007장.md,http://www.holybible.or.kr/B_GAE/cgi/bibleftxt.php?VR=GAE&VL=3&CN=7&CV=99,38,6e6a55158864e4ef2d43704a3ac22e28bdfce35aeb7ce6c6e1d13e331eb3e724,e879dc51e1529ae63fefd6d65f95f8a2f5b4a1f371f518f7db99d7c3e16f78b9,2026-08-17T12:51:26+00:00,ok
10 신앙·성경/성경/개역개정 구약성경/10 모세오경/03 레위기/레위기 008장.md,http://www.holybible.or.kr/B_GAE/cgi/bibleftxt.php?VR=GAE&VL=3&CN=8&CV=99,36,e43b2d00c44bb8c387fca385566fb639479b07fd656c1a0a00af19b6c9501587,16288b2ee61fde5fc93e01890f790e378a5d0304d4e907e4986656a407c3c301,2026-08-17T12:51:26+00:00,ok
10 신앙·성경/성경/개역개정 구약성경/10 모세오경/03 레위기/레위기 009장.md,http://www.holybible.or.kr/B_GAE/cgi/bibleftxt.php?VR=GAE&VL=3&CN=9&CV=99,24,d11dfa1934c8b1309087d8a126a8da819e3df6d12c517629205566a141e2938a,b3854e78920a99de55fc5db15f06382215bbdccc6eb3b0670251cf405d96a275,2026-08-17T12:51:26+00:00,ok
10 신앙·성경/성경/개역개정 구약성경/10 모세오경/03 레위기/레위기 010장.md,http://www.holybible.or.kr/B_GAE/cgi/bibleftxt.php?VR=GAE&VL=3&CN=10&CV=99,20,eb4ef0c7f81577b2400ce3e14fce1e46626da2e0dfacc0131f26fcde84d0517d,ea867ac539074c52fcdc031fba3cb4901a484e6beff6cd64a85140c55f461af0,2026-08-17T12:51:26+00:00,ok
10 신앙·성경/성경/개역개정 구약성경/10 모세오경/03 레위기/레위기 011장.md,http://www.holybible.or.kr/B_GAE/cgi/bibleftxt.php?VR=GAE&VL=3&CN=11&CV=99,47,7b6c53d6028ffda599f7c860306bafc406b23f62ccdb2fba69e5cb7d8c383844,10299c462e465937555345610f72b5b71bbbd045b605e53ebed1e82d5ec34ec4,2026-08-17T12:51:26+00:00,ok
10 신앙·성경/성경/개역개정 구약성경/10 모세오경/03 레위기/레위기 012장.md,http://www.holybible.or.kr/B_GAE/cgi/bibleftxt.php?VR=GAE&VL=3&CN=12&CV=99,8,8782b41bf49d51d441cf2e285885eb2e981b089194ab58b35bff6f2e688e6caa,93018ed96ace47ae91aa0d4ba4bdd1740b2c059adeec9c0cf4ba1eda84b0b9d8,2026-08-17T12:51:26+00:00,ok
10 신앙·성경/성경/개역개정 구약성경/10 모세오경/03 레위기/레위기 013장.md,http://www.holybible.or.kr/B_GAE/cgi/bibleftxt.php?VR=GAE&VL=3&CN=13&CV=99,59,1e67ed9d27011e847fcd107649ceca7f84e6d939d62ee9e6e1b20642f1a04e5a,3d99bc1162cd1f3d9f1338a831a0786cddcf022eac533cc1139bfefd179dd5d7,2026-08-17T12:51:26+00:00,ok
10 신앙·성경/성경/개역개정 구약성경/10 모세오경/03 레위기/레위기 014장.md,http://www.holybible.or.kr/B_GAE/cgi/bibleftxt.php?VR=GAE&VL=3&CN=14&CV=99,57,0ddece0b6ae37ec72d633ddacb42d222d30e70fb4e5ed581ed624fce471c253e,5bb0f7c708996ea0ff3890d239fb66c67078d1211506a498be0f1f0a241b389d,2026-08-17T12:51:26+00:00,ok
10 신앙·성경/성경/개역개정 구약성경/10 모세오경/03 레위기/레위기 015장.md,http://www.holybible.or.kr/B_GAE/cgi/bibleftxt.php?VR=GAE&VL=3&CN=15&CV=99,33,ab99e1827189a9b05e937e2b20105f5264f7c9979166bd63b73d9f0445b922ec,9f062137dab24e046e67956a2ced8486cd91a4026a951a5128935067f532bd34,2026-08-17T12:51:26+00:00,ok
10 신앙·성경/성경/개역개정 구약성경/10 모세오경/03 레위기/레위기 016장.md,http://www.holybible.or.kr/B_GAE/cgi/bibleftxt.php?VR=GAE&VL=3&CN=16&CV=99,34,5de3e44832dd17bc46aec1b454ef9eed603cd6687678fec25bda4b4d5b733aec,758516cfe20d3b7581decadd92a689dabad7504a972e5e16a46781f5b680c616,2026-08-17T12:51:26+00:00,ok
10 신앙·성경/성경/개역개정 구약성경/10 모세오경/03 레위기/레위기 017장.md,http://www.holybible.or.kr/B_GAE/cgi/bibleftxt.php?VR=GAE&VL=3&CN=17&CV=99,16,ad6f5fdfe748b2b7c3f397672fb60cee3df649bac841d3ac2bfd6ee9e9a5d75e,614a771a56125d4fabe6d8be67f007b4cb3eea4e9bb0881469386ef2b443af67,2026-08-17T12:51:26+00:00,ok
10 신앙·성경/성경/개역개정 구약성경/10 모세오경/03 레위기/레위기 018장.md,http://www.holybible.or.kr/B_GAE/cgi/bibleftxt.php?VR=GAE&VL=3&CN=18&CV=99,30,5d0138945bc0059ae2a216020dd951caf50dacffbb470edc72977d24581a628a,6ea88cf8e473b7db249f63b66e65562b63d7befc2cf8d0bc63aa3ea6d95764a6,2026-08-17T12:51:26+00:00,ok
10 신앙·성경/성경/개역개정 구약성경/10 모세오경/03 레위기/레위기 019장.md,http://www.holybible.or.kr/B_GAE/cgi/bibleftxt.php?VR=GAE&VL=3&CN=19&CV=99,37,0bf25ddc68cf0af8dc555709fca562e9949fea5a47f4b051929c5a0233d967bd,17b5f6adb85e92ab9f4c1ae274ded08ec0a0c8eb729ac0845a5f7607870a01fb,2026-08-17T12:51:26+00:00,ok
10 신앙·성경/성경/개역개정 구약성경/10 모세오경/03 레위기/레위기 020장.md,http://www.holybible.or.kr/B_GAE/cgi/bibleftxt.php?VR=GAE&VL=3&CN=20&CV=99,27,8d1d40067f024ddeb5c0944983fafa5729089bf29472e318ae3ca402e23caf3f,5808ca0c2914fce16cd045aa9c37db8bdaae7fdeba6e3d5286e19c5139ca9d4d,2026-08-17T12:51:26+00:00,ok
10 신앙·성경/성경/개역개정 구약성경/10 모세오경/03 레위기/레위기 021장.md,http://www.holybible.or.kr/B_GAE/cgi/bibleftxt.php?VR=GAE&VL=3&CN=21&CV=99,24,5ae8550b2d325cadf5368851ebd827c73c522428a90137d0bf732438ae8f7fde,dbacfe44ad4f1862529930e391e8d4ef5b0d7352ba73a1c800f8cd00fb5e25f8,2026-08-17T12:51:26+00:00,ok
10 신앙·성경/성경/개역개정 구약성경/10 모세오경/03 레위기/레위기 022장.md,http://www.holybible.or.kr/B_GAE/cgi/bibleftxt.php?VR=GAE&VL=3&CN=22&CV=99,33,137fc7329c9051ef358125c52b53b407890665363ee364a6be0afc608a72557a,0f8a1e57e49b7c4c93c8b7088e47fbef1e6465d4cd3ce3376d4f149d97645377,2026-08-17T12:51:26+00:00,ok
10 신앙·성경/성경/개역개정 구약성경/10 모세오경/03 레위기/레위기 023장.md,http://www.holybible.or.kr/B_GAE/cgi/bibleftxt.php?VR=GAE&VL=3&CN=23&CV=99,44,2401265c531c635758fdd20b9d83f1d4f8a524f07c8da65b2db76b807bdc22e1,2899b163bf02f536a1fae5e0ed2d32424f21a269e714c234b7374e9b1adff0e4,2026-08-17T12:51:26+00:00,ok
10 신앙·성경/성경/개역개정 구약성경/10 모세오경/03 레위기/레위기 024장.md,http://www.holybible.or.kr/B_GAE/cgi/bibleftxt.php?VR=GAE&VL=3&CN=24&CV=99,23,289ec2f1143eada15eb529b360066b9ff573390178a416cbe53e825d10054961,54a1a4db263464d21c79eb08f813051ab5c52da0dbaf146af86683055af419cb,2026-08-17T12:51:26+00:00,ok
10 신앙·성경/성경/개역개정 구약성경/10 모세오경/03 레위기/레위기 025장.md,http://www.holybible.or.kr/B_GAE/cgi/bibleftxt.php?VR=GAE&VL=3&CN=25&CV=99,55,9472540e6c0818497575dd9de481889ce2fb30194bd1f0854c2c8feb1a25649f,d436d6c0e009416eed1559136a74f2b3eb1e0e1fd391fd8b996d4333c3f699de,2026-08-17T12:51:26+00:00,ok
10 신앙·성경/성경/개역개정 구약성경/10 모세오경/03 레위기/레위기 026장.md,http://www.holybible.or.kr/B_GAE/cgi/bibleftxt.php?VR=GAE&VL=3&CN=26&CV=99,46,9ee139681eed5034ab8ef7efeb625abd9a15fbf768f57f502a32f6a058360c12,0be1efce0eff8378407808903631c1ba2b151b297ad98e5669a958986c8ace9c,2026-08-17T12:51:26+00:00,ok
10 신앙·성경/성경/개역개정 구약성경/10 모세오경/03 레위기/레위기 027장.md,http://www.holybible.or.kr/B_GAE/cgi/bibleftxt.php?VR=GAE&VL=3&CN=27&CV=99,34,22e74430f8dc6c4213f1ff1e7ce7fc7bd3da93b9894643f4e20f19ac96b395c8,58b2bc3c9daf5acd3e66cc0bed0505153f338ecf84a5e58c5e4b8d31c66a7a04,2026-08-17T12:51:26+00:00,ok
10 신앙·성경/성경/개역개정 구약성경/10 모세오경/04 민수기/민수기 001장.md,http://www.holybible.or.kr/B_GAE/cgi/bibleftxt.php?VR=GAE&VL=4&CN=1&CV=99,54,ec3e5907c01ce56748e623c1f35dc334be18743c0d474d3945a4364962467847,4576f813537e23b306bf1aca88884b27bc7275a1b4743edeff141e55b0559cff,2026-08-17T12:51:26+00:00,ok
10 신앙·성경/성경/개역개정 구약성경/10 모세오경/04 민수기/민수기 002장.md,http://www.holybible.or.kr/B_GAE/cgi/bibleftxt.php?VR=GAE&VL=4&CN=2&CV=99,34,d4fb5ec84e13244e695f26415fb72a6a9094d327f844bc509ecccc85d913df13,f29a9f9d7a6f10da4bac079d23c7e0e2bf5b885d5d6fff2ac84c58996e45bc9d,2026-08-17T12:51:26+00:00,ok
10 신앙·성경/성경/개역개정 구약성경/10 모세오경/04 민수기/민수기 003장.md,http://www.holybible.or.kr/B_GAE/cgi/bibleftxt.php?VR=GAE&VL=4&CN=3&CV=99,51,69357583dad3f45110648b5a884bd77803363ee572e1758581e019642990c3ef,2b9d9dfb656683a31102ae14d8779d8e8ec1210b27b4937bf41c378b080927aa,2026-08-17T12:51:26+00:00,ok
10 신앙·성경/성경/개역개정 구약성경/10 모세오경/04 민수기/민수기 004장.md,http://www.holybible.or.kr/B_GAE/cgi/bibleftxt.php?VR=GAE&VL=4&CN=4&CV=99,49,90862f0ccb76609ceb51c70fc4680a784358709366f7cee5fffd1850c620743d,8bcd050c847d4dd60791a4c2ea5e0331850856ccb867f5173689c6e58997817b,2026-08-17T12:51:26+00:00,ok
10 신앙·성경/성경/개역개정 구약성경/10 모세오경/04 민수기/민수기 005장.md,http://www.holybible.or.kr/B_GAE/cgi/bibleftxt.php?VR=GAE&VL=4&CN=5&CV=99,31,4e256290c3500af75a95f40e31fb561843d03a9adbf2b536f661bb880d6651ed,ae66d91da63c8ab4b20d96019d09884e5b19a902b7a29fe5fba0b18d0f4b3e3c,2026-08-17T12:51:26+00:00,ok
10 신앙·성경/성경/개역개정 구약성경/10 모세오경/04 민수기/민수기 006장.md,http://www.holybible.or.kr/B_GAE/cgi/bibleftxt.php?VR=GAE&VL=4&CN=6&CV=99,27,e0ad5960c7922cef866b6ac859bb64b355efd08bd6db57dc767ded9489ba005a,9730f5be82a34895bd6ccc2ec5f1ff0b3bd63e10d4887956d0b74237b760de79,2026-08-17T12:51:26+00:00,ok
10 신앙·성경/성경/개역개정 구약성경/10 모세오경/04 민수기/민수기 007장.md,http://www.holybible.or.kr/B_GAE/cgi/bibleftxt.php?VR=GAE&VL=4&CN=7&CV=99,89,af04d1e31fa8a8634b357f41b21fb77ebcf365c44a97ea85878e5a408e6847f6,b34a05bc505a5897a0de7af4f1d159f492173fe3311f7157d34cb084bc05adcf,2026-08-17T12:51:26+00:00,ok
10 신앙·성경/성경/개역개정 구약성경/10 모세오경/04 민수기/민수기 008장.md,http://www.holybible.or.kr/B_GAE/cgi/bibleftxt.php?VR=GAE&VL=4&CN=8&CV=99,26,25a5317c151ea5ac8a2ce801ec0703a00a5f0ed7a18d890f1d94e3f7f2032a09,ac0de77cb9fecb04004da3f297ae0c446eecc541cb5a5225c96e6bfc361ec5b5,2026-08-17T12:51:26+00:00,ok
10 신앙·성경/성경/개역개정 구약성경/10 모세오경/04 민수기/민수기 009장.md,http://www.holybible.or.kr/B_GAE/cgi/bibleftxt.php?VR=GAE&VL=4&CN=9&CV=99,23,fa77efff1c19a9a4258c448208e6a3f52b3f3e470c195e27dc866b1201831969,2036010b286484ee0410ba7916750dd21206f986072c60005b8d5a037eb7998e,2026-08-17T12:51:26+00:00,ok
10 신앙·성경/성경/개역개정 구약성경/10 모세오경/04 민수기/민수기 010장.md,http://www.holybible.or.kr/B_GAE/cgi/bibleftxt.php?VR=GAE&VL=4&CN=10&CV=99,36,67659eb92b6953a2bff72c436bf43587b902c9d8f548687232be3aec41ab10c2,39a37ae80b0ca3b6002869bb20939c63e4f2eef3c15f780076f891c54899e7e2,2026-08-17T12:51:26+00:00,ok
10 신앙·성경/성경/개역개정 구약성경/10 모세오경/04 민수기/민수기 011장.md,http://www.holybible.or.kr/B_GAE/cgi/bibleftxt.php?VR=GAE&VL=4&CN=11&CV=99,35,767afaad5dfcabd89fe1b70e65c4a8f67eb747e4b347e8515255735aaed1ae63,2d34fe7d828602a5119cb457f98357b182ebfb26d0e14ee1dc51057fdee52f5a,2026-08-17T12:51:26+00:00,ok
10 신앙·성경/성경/개역개정 구약성경/10 모세오경/04 민수기/민수기 012장.md,http://www.holybible.or.kr/B_GAE/cgi/bibleftxt.php?VR=GAE&VL=4&CN=12&CV=99,16,acd44c68bd91a94d8ab7afa0169a6cf611badb518a6024f6bf19009d5761b5b9,3d3cfa23d0423395c168697af51e7a1497b7252002af43a9d07e6266b77a0019,2026-08-17T12:51:26+00:00,ok
10 신앙·성경/성경/개역개정 구약성경/10 모세오경/04 민수기/민수기 013장.md,http://www.holybible.or.kr/B_GAE/cgi/bibleftxt.php?VR=GAE&VL=4&CN=13&CV=99,33,b8911c6bcf0da95def710e06edd9921deed55a4e524434fc972647c655957f17,a89e16a128c0b6b40ff9dbd04ca7b73a9dce9590ac797a640eaf78c35857ccc3,2026-08-17T12:51:26+00:00,ok
10 신앙·성경/성경/개역개정 구약성경/10 모세오경/04 민수기/민수기 014장.md,http://www.holybible.or.kr/B_GAE/cgi/bibleftxt.php?VR=GAE&VL=4&CN=14&CV=99,45,5125641abdcaeb06bbb63dabc8c44694a6054aa9dcfd8ed92f5faa26907f1845,c4ce81e026bad1e3fa7700e598c4f337707e19f65dd8516235ecbe50176eee12,2026-08-17T12:51:26+00:00,ok
10 신앙·성경/성경/개역개정 구약성경/10 모세오경/04 민수기/민수기 015장.md,http://www.holybible.or.kr/B_GAE/cgi/bibleftxt.php?VR=GAE&VL=4&CN=15&CV=99,41,ff87665dcfa14be4188637f01663b184b5879c628a29510bc0716fdd0236fc84,0e3ee2615c3822f547475de185ca34d4c700ba4aa5ebba68524be98c49be46ca,2026-08-17T12:51:26+00:00,ok
10 신앙·성경/성경/개역개정 구약성경/10 모세오경/04 민수기/민수기 016장.md,http://www.holybible.or.kr/B_GAE/cgi/bibleftxt.php?VR=GAE&VL=4&CN=16&CV=99,50,2f3bf824c6dd532a51d032144ac25aaf257feaec0e9a95716cd4abd77b2467df,b20037cbc5981c31e4add7f3d1854fb12eaa701d6c0617d6d094191c1483303e,2026-08-17T12:51:26+00:00,ok
10 신앙·성경/성경/개역개정 구약성경/10 모세오경/04 민수기/민수기 017장.md,http://www.holybible.or.kr/B_GAE/cgi/bibleftxt.php?VR=GAE&VL=4&CN=17&CV=99,13,780a24abce251111da5b6ecb8cd2ca8eb6c4d62e44e0b5c9c20cd9d8790650f1,723584db1601ea798c1a11d6b2c3defc48257935f73e8dfd6315dba49adea5ae,2026-08-17T12:51:26+00:00,ok
10 신앙·성경/성경/개역개정 구약성경/10 모세오경/04 민수기/민수기 018장.md,http://www.holybible.or.kr/B_GAE/cgi/bibleftxt.php?VR=GAE&VL=4&CN=18&CV=99,32,9f8a1bbcfb8cab1e805ae638dae2d2356ecd0fcb1805e816a8843ba5381b0024,b48ab61befffbd019885dfea3d6b4cf579da6278e3f0a22b7e415c6a7910efb5,2026-08-17T12:51:26+00:00,ok
10 신앙·성경/성경/개역개정 구약성경/10 모세오경/04 민수기/민수기 019장.md,http://www.holybible.or.kr/B_GAE/cgi/bibleftxt.php?VR=GAE&VL=4&CN=19&CV=99,22,267ecaeaaa3bf6d7910067f02e32b0c69aa0757857a9f775b9f37e751788f0c2,758ca0c7945baff35e9d630d0da655960fb963949ea35a1e851ca63120e6cb8a,2026-08-17T12:51:26+00:00,ok
10 신앙·성경/성경/개역개정 구약성경/10 모세오경/04 민수기/민수기 020장.md,http://www.holybible.or.kr/B_GAE/cgi/bibleftxt.php?VR=GAE&VL=4&CN=20&CV=99,29,11f0345aec705e94ce1cfd9e94cc26fcb86e99b0cb69e1f5923b26b7388bfc55,2fee2396fd7cd9d4b59d1d81044d6ffbd73eba66d350f787288e6601238d4118,2026-08-17T12:51:26+00:00,ok
10 신앙·성경/성경/개역개정 구약성경/10 모세오경/04 민수기/민수기 021장.md,http://www.holybible.or.kr/B_GAE/cgi/bibleftxt.php?VR=GAE&VL=4&CN=21&CV=99,35,5b684eaae0eeba8009973c0342d2d50c30dd939a2783584e341c504c5c176c5c,6b7e124cff33475e11c56e33366140a06736f4c78a43d913369f6a409cd3d030,2026-08-17T12:51:26+00:00,ok
10 신앙·성경/성경/개역개정 구약성경/10 모세오경/04 민수기/민수기 022장.md,http://www.holybible.or.kr/B_GAE/cgi/bibleftxt.php?VR=GAE&VL=4&CN=22&CV=99,41,fdcf0b87e9bc2bdff5669f4365143ac4a47d62af4cd424e8ec1490a33616835e,01e444ae6f7b59d126147a57a4c963d5fed1adf5d0cbc0802d6cf1adf497779b,2026-08-17T12:51:26+00:00,ok
10 신앙·성경/성경/개역개정 구약성경/10 모세오경/04 민수기/민수기 023장.md,http://www.holybible.or.kr/B_GAE/cgi/bibleftxt.php?VR=GAE&VL=4&CN=23&CV=99,30,86ea001b4f5c16b4d0d915cafd1529ec171b944bec2de1d4c58b50cc59029456,77f51e4cca205cdc311ec8ac8dff7046b727e44ca0402772b9ab9aadf8757738,2026-08-17T12:51:26+00:00,ok
10 신앙·성경/성경/개역개정 구약성경/10 모세오경/04 민수기/민수기 024장.md,http://www.holybible.or.kr/B_GAE/cgi/bibleftxt.php?VR=GAE&VL=4&CN=24&CV=99,25,8f63659c7b6e07d4fa8d4aa4ee7c2d4fd04dbf9ce81b880a35ba07c4c61d336c,c908c83e6bc9cae27e0a2fcf6f6aa09f39362d81fea4c1845ec3eb7b8f2acc55,2026-08-17T12:51:26+00:00,ok
10 신앙·성경/성경/개역개정 구약성경/10 모세오경/04 민수기/민수기 025장.md,http://www.holybible.or.kr/B_GAE/cgi/bibleftxt.php?VR=GAE&VL=4&CN=25&CV=99,18,9d37d0fc0d21660aea36bb5694e39c0be9c30f132d1f24abe09ff7f8f8ce49e9,94aadc8052a68c320bc6c6dbb78cffe78e4e146893b0aa406e56d46c67002777,2026-08-17T12:51:26+00:00,ok
10 신앙·성경/성경/개역개정 구약성경/10 모세오경/04 민수기/민수기 026장.md,http://www.holybible.or.kr/B_GAE/cgi/bibleftxt.php?VR=GAE&VL=4&CN=26&CV=99,65,6fc237197d5724083cbe052b5e4040a0a98ace12a3394b9183f0753a18265ac1,5ba62fac5a752a41392b4c08c7ce92068fb8930013ee47dda4e9952257a5376e,2026-08-17T12:51:26+00:00,ok
10 신앙·성경/성경/개역개정 구약성경/10 모세오경/04 민수기/민수기 027장.md,http://www.holybible.or.kr/B_GAE/cgi/bibleftxt.php?VR=GAE&VL=4&CN=27&CV=99,23,3883849208c0ba208e2d17abfe08b1c65e140943fe8bc98dbb9a7f1ee1bb2371,6d9a05a1ee6ca0586db64b73ec0a1693bfa8bd4cbf590b0978446f12eaaa5df1,2026-08-17T12:51:26+00:00,ok
10 신앙·성경/성경/개역개정 구약성경/10 모세오경/04 민수기/민수기 028장.md,http://www.holybible.or.kr/B_GAE/cgi/bibleftxt.php?VR=GAE&VL=4&CN=28&CV=99,31,a3144ff9c69cff47f413934df210ed6298eba42f7bfd2c4f1b0acd175729ca1b,778bc5bab9ce79201555d6be217f55aaeb0c2585a4622633e21186f644221d23,2026-08-17T12:51:26+00:00,ok
10 신앙·성경/성경/개역개정 구약성경/10 모세오경/04 민수기/민수기 029장.md,http://www.holybible.or.kr/B_GAE/cgi/bibleftxt.php?VR=GAE&VL=4&CN=29&CV=99,40,0b13ccb7d2fd6850706e35808f61f963d2cb8fd29d55f3d132358d77ef20ba01,335651d10e5038b2088deb8109b3d285cb2535632e6da395432d288cb214ea99,2026-08-17T12:51:26+00:00,ok
10 신앙·성경/성경/개역개정 구약성경/10 모세오경/04 민수기/민수기 030장.md,http://www.holybible.or.kr/B_GAE/cgi/bibleftxt.php?VR=GAE&VL=4&CN=30&CV=99,16,1cc0fa0f155a5a5bc7c5020c2ee39b2da87e8dc31c50a221161eb3ba9bc7a42b,00a2f711f3a54583e1b2eadcd05d8a0215383a1b26f6fbb9606c0f9020e7d92c,2026-08-17T12:51:26+00:00,ok
10 신앙·성경/성경/개역개정 구약성경/10 모세오경/04 민수기/민수기 031장.md,http://www.holybible.or.kr/B_GAE/cgi/bibleftxt.php?VR=GAE&VL=4&CN=31&CV=99,54,de08c49baba7bfebdec072436ed40d18747b9725c4dd45a3a5352b4d0b4896de,9705f843cdbf04da401f5a8bfd38a6616c8b7397245dffb129b6efe7da1dec38,2026-08-17T12:51:26+00:00,ok
10 신앙·성경/성경/개역개정 구약성경/10 모세오경/04 민수기/민수기 032장.md,http://www.holybible.or.kr/B_GAE/cgi/bibleftxt.php?VR=GAE&VL=4&CN=32&CV=99,42,78761551295fc0a34e422d20f595cf8b4873874bbfce5e40e091a13bd497b04e,6bd46a327b1c685910df9968052254e392efbd8f9c4673bfb9343321e9060b10,2026-08-17T12:51:26+00:00,ok
10 신앙·성경/성경/개역개정 구약성경/10 모세오경/04 민수기/민수기 033장.md,http://www.holybible.or.kr/B_GAE/cgi/bibleftxt.php?VR=GAE&VL=4&CN=33&CV=99,56,9da48da62f5d9c82030b3760868a2ddcc45f8696775c93b6e67d01d7ef924806,63bd4bb8a1dd25b58b9f4768f95d927d21ab8a6d3d577936b255e027106d021f,2026-08-17T12:51:26+00:00,ok
10 신앙·성경/성경/개역개정 구약성경/10 모세오경/04 민수기/민수기 034장.md,http://www.holybible.or.kr/B_GAE/cgi/bibleftxt.php?VR=GAE&VL=4&CN=34&CV=99,29,3e08a33502d825d6cbed243cec833f29cd269d882a94dcb4078dbe687cfeac92,48062880a23ae6eb8606d44995424933f22a6e6d2ee307fb91cc42699c91a598,2026-08-17T12:51:26+00:00,ok
10 신앙·성경/성경/개역개정 구약성경/10 모세오경/04 민수기/민수기 035장.md,http://www.holybible.or.kr/B_GAE/cgi/bibleftxt.php?VR=GAE&VL=4&CN=35&CV=99,34,1677a0470c3e233f953bd4b4c5ae2d551cee5adf6193ddc099196c093b5678a9,90fb5b91f3a42489d17f15ca2361c271c81ff35385bd3d4463c7e4576f423b91,2026-08-17T12:51:26+00:00,ok
10 신앙·성경/성경/개역개정 구약성경/10 모세오경/04 민수기/민수기 036장.md,http://www.holybible.or.kr/B_GAE/cgi/bibleftxt.php?VR=GAE&VL=4&CN=36&CV=99,13,bdf8335f51f0e7cb45ca56e509c5eb49e7116e03fa4c4f9a9cc9fc63ac0876a1,c2950fde73a8e05ff80a1a35b6afe75f8e98851e3a760203e9fe24aabcb4f58a,2026-08-17T12:51:26+00:00,ok
10 신앙·성경/성경/개역개정 구약성경/10 모세오경/05 신명기/신명기 001장.md,http://www.holybible.or.kr/B_GAE/cgi/bibleftxt.php?VR=GAE&VL=5&CN=1&CV=99,46,bb7622d630cdfd87398e31951235caee0a3f3bb672efb370b31dad800555f82f,5e470bfdd6617e2b3f77fd3dfd3931192256fed0c76d72fb3dcb59a43517be5e,2026-08-17T12:51:26+00:00,ok
10 신앙·성경/성경/개역개정 구약성경/10 모세오경/05 신명기/신명기 002장.md,http://www.holybible.or.kr/B_GAE/cgi/bibleftxt.php?VR=GAE&VL=5&CN=2&CV=99,37,7f0c3cf80c1b378accef2afcd9a145189972cb0ae1a27697de39448c3dfec6ef,dc6430d7fa54f163754ae7926c2b2a0240bbb19106c0bb1609ef37bda075e16f,2026-08-17T12:51:26+00:00,ok
10 신앙·성경/성경/개역개정 구약성경/10 모세오경/05 신명기/신명기 003장.md,http://www.holybible.or.kr/B_GAE/cgi/bibleftxt.php?VR=GAE&VL=5&CN=3&CV=99,29,abf1512271346840bb3c90b50f1f05da6dfb45d5ea739cdcc1c04ce050647db7,3d3210403beaca5800b1160b68163a12fb098d86f6a18cd8cf2df7460fc4717e,2026-08-17T12:51:26+00:00,ok
10 신앙·성경/성경/개역개정 구약성경/10 모세오경/05 신명기/신명기 004장.md,http://www.holybible.or.kr/B_GAE/cgi/bibleftxt.php?VR=GAE&VL=5&CN=4&CV=99,49,933cd1a91a8340744903d4a73db3092b1836e92e18f90687967059f9d16d0a64,d9ea18bd3edc8a46e9dba8080b72da31829212d02d4276dfb0a4f4422d2d9dab,2026-08-17T12:51:26+00:00,ok
10 신앙·성경/성경/개역개정 구약성경/10 모세오경/05 신명기/신명기 005장.md,http://www.holybible.or.kr/B_GAE/cgi/bibleftxt.php?VR=GAE&VL=5&CN=5&CV=99,33,41d7dfa4c0704eb252e35c4649e52f34cb2ed5ccc2d49e85e1aff0a7f4f97aed,b4f4ed5ecebbdfb2be1e8244670cb30a631bc662f4267a4d29b13cc9b1c97b31,2026-08-17T12:51:26+00:00,ok
10 신앙·성경/성경/개역개정 구약성경/10 모세오경/05 신명기/신명기 006장.md,http://www.holybible.or.kr/B_GAE/cgi/bibleftxt.php?VR=GAE&VL=5&CN=6&CV=99,24,370d8b214b89a248b6a6fe14e8a6ae241952cc014564c0ef292223d311f1f8d9,30cb8a1c2230a355aa1ed50ce7816430e70114af6e1e0e23a3d3b398f5c9d6e0,2026-08-17T12:51:26+00:00,ok
10 신앙·성경/성경/개역개정 구약성경/10 모세오경/05 신명기/신명기 007장.md,http://www.holybible.or.kr/B_GAE/cgi/bibleftxt.php?VR=GAE&VL=5&CN=7&CV=99,26,dad8e2f2d96f5bde8828852cb77861bf5a206301ce990880e85c3f5dc469459a,fbe6807bd0a50c3f94d02cea89552ca6425404ab5afd853830a28fbf1e77bc91,2026-08-17T12:51:26+00:00,ok
10 신앙·성경/성경/개역개정 구약성경/10 모세오경/05 신명기/신명기 008장.md,http://www.holybible.or.kr/B_GAE/cgi/bibleftxt.php?VR=GAE&VL=5&CN=8&CV=99,20,3b2abaf8fee716e857b32f32280ce92448746d19204d68059dc51eb694f5afaa,44da52107e7d171a319afbead25626f8b981bfa858b4bb8344b97773bf8bf76f,2026-08-17T12:51:26+00:00,ok
10 신앙·성경/성경/개역개정 구약성경/10 모세오경/05 신명기/신명기 009장.md,http://www.holybible.or.kr/B_GAE/cgi/bibleftxt.php?VR=GAE&VL=5&CN=9&CV=99,29,31aedda2963320ae1e3204a2a9529504136bbcee078f229d776772f6e0790174,efd63fc8a6e1fb5a5b0d62dc50da1352e723443e9f60bbd7746c6ba06c972948,2026-08-17T12:51:26+00:00,ok
10 신앙·성경/성경/개역개정 구약성경/10 모세오경/05 신명기/신명기 010장.md,http://www.holybible.or.kr/B_GAE/cgi/bibleftxt.php?VR=GAE&VL=5&CN=10&CV=99,22,25eb7f58199f1e9cad126e9d83d5f3768971b8acc5669ac99241471fb9429f25,6b493d8c5e295796a40d4c1a86e0126b34b2616bc5d078bda7fa3aa1094a19aa,2026-08-17T12:51:26+00:00,ok
10 신앙·성경/성경/개역개정 구약성경/10 모세오경/05 신명기/신명기 011장.md,http://www.holybible.or.kr/B_GAE/cgi/bibleftxt.php?VR=GAE&VL=5&CN=11&CV=99,32,38eafbb40bed34af3525f66b1952df2e03f3c6a89de26f0a84bdff7ac935fc45,f48e04e2d432ca48f79ae44aae288333542a11ba99221c6c00128019be61d544,2026-08-17T12:51:26+00:00,ok
10 신앙·성경/성경/개역개정 구약성경/10 모세오경/05 신명기/신명기 012장.md,http://www.holybible.or.kr/B_GAE/cgi/bibleftxt.php?VR=GAE&VL=5&CN=12&CV=99,32,4bf3576aac5453a08f26ea96aeca770e299d98855f39a8a7fef66ceb873d2907,1012d21807cbdfd8304cff78fb0a6d2355c5d4de15f44042df9435953a29f10f,2026-08-17T12:51:26+00:00,ok
10 신앙·성경/성경/개역개정 구약성경/10 모세오경/05 신명기/신명기 013장.md,http://www.holybible.or.kr/B_GAE/cgi/bibleftxt.php?VR=GAE&VL=5&CN=13&CV=99,18,fcfa7378a63bd416125027c77b53a3e9d736e244018a27a75fd7487114da0c2d,d6ef3892860597b3e306f75ae4fc8ae4997995d3a8556a70a9787a95aa327520,2026-08-17T12:51:26+00:00,ok
10 신앙·성경/성경/개역개정 구약성경/10 모세오경/05 신명기/신명기 014장.md,http://www.holybible.or.kr/B_GAE/cgi/bibleftxt.php?VR=GAE&VL=5&CN=14&CV=99,29,91c54795afe00c56c5aa67c2bbff9c6a5570e900e9a01dc0d377f0da4698dffc,3e7006c2fcc4ca5ecf7838c2bcf619a814cef1ade50268a6c44766a07d5679ab,2026-08-17T12:51:26+00:00,ok
10 신앙·성경/성경/개역개정 구약성경/10 모세오경/05 신명기/신명기 015장.md,http://www.holybible.or.kr/B_GAE/cgi/bibleftxt.php?VR=GAE&VL=5&CN=15&CV=99,22,8e59222aa97fda6b111c8b7cb67911ed53f8c7db85336ae87a53184f118d836b,f71810bbdc31fd9b9238bd07bb78e4af72be6b922ff12b1ed2aa91b6ef09e772,2026-08-17T12:51:26+00:00,ok
10 신앙·성경/성경/개역개정 구약성경/10 모세오경/05 신명기/신명기 016장.md,http://www.holybible.or.kr/B_GAE/cgi/bibleftxt.php?VR=GAE&VL=5&CN=16&CV=99,22,91cc3088522674598e8d202a1f4c70862466909ba13a5fb35cadde258ec4f323,b1721421a5329a8a7506886a35842a01d2129d4ff1165adfb28eb11c12c0c014,2026-08-17T12:51:26+00:00,ok
10 신앙·성경/성경/개역개정 구약성경/10 모세오경/05 신명기/신명기 017장.md,http://www.holybible.or.kr/B_GAE/cgi/bibleftxt.php?VR=GAE&VL=5&CN=17&CV=99,20,eae6d876e7250d8dcb1afe246749cb025a91fc1e970c19f023d4487e14e63bfd,0ad3eb7bce4322c76a10dceedc3b49da45bf98a74835a93403f4722752f5ef42,2026-08-17T12:51:26+00:00,ok
10 신앙·성경/성경/개역개정 구약성경/10 모세오경/05 신명기/신명기 018장.md,http://www.holybible.or.kr/B_GAE/cgi/bibleftxt.php?VR=GAE&VL=5&CN=18&CV=99,22,1d15de3f3e3ef9b82af8e02e8dcc7b8d21ce544269e9a57bce5564ed26ce09c8,40a9fc1a74f6e27af93646fa872bd620a1ec044e703669e959142f80689dd7db,2026-08-17T12:51:26+00:00,ok
10 신앙·성경/성경/개역개정 구약성경/10 모세오경/05 신명기/신명기 019장.md,http://www.holybible.or.kr/B_GAE/cgi/bibleftxt.php?VR=GAE&VL=5&CN=19&CV=99,21,5fe103c0727db4a2864d90703fed0e63dc6ec665f65918e9c140e4944da3ee39,44301f900dbc251e8527e5d0c638b3a2c1007fb51d319e3ae90b4661f7abeb4a,2026-08-17T12:51:26+00:00,ok
10 신앙·성경/성경/개역개정 구약성경/10 모세오경/05 신명기/신명기 020장.md,http://www.holybible.or.kr/B_GAE/cgi/bibleftxt.php?VR=GAE&VL=5&CN=20&CV=99,20,d0bac9b2200db997fb68af9b957468575d91fd1addfe429d5838ba79f7e102be,a9685d1009bd86b65f32919085b8623b913382d8ebde9eac8149260a92629519,2026-08-17T12:51:26+00:00,ok
10 신앙·성경/성경/개역개정 구약성경/10 모세오경/05 신명기/신명기 021장.md,http://www.holybible.or.kr/B_GAE/cgi/bibleftxt.php?VR=GAE&VL=5&CN=21&CV=99,23,3b17032ff3950c3c3f2548bd198123cea7732e2cf78a6de5cc02cc7ccedb5af6,e09d8c88687ad7a452f079c3920febc76f9540904c0c2018e99b35e57c8556c5,2026-08-17T12:51:26+00:00,ok
10 신앙·성경/성경/개역개정 구약성경/10 모세오경/05 신명기/신명기 022장.md,http://www.holybible.or.kr/B_GAE/cgi/bibleftxt.php?VR=GAE&VL=5&CN=22&CV=99,30,fefb5031c46ea5feeefecbc9bd6d1ff2888d9e268a891aa9a4fbd3c6da1835af,dc83db741463b6c407636d779ce3cc7c68d064f556c4720f141a3fcbf7b2935c,2026-08-17T12:51:26+00:00,ok
10 신앙·성경/성경/개역개정 구약성경/10 모세오경/05 신명기/신명기 023장.md,http://www.holybible.or.kr/B_GAE/cgi/bibleftxt.php?VR=GAE&VL=5&CN=23&CV=99,25,4ba6f1e49474b368a1e4ee871b3ce133502f64793972d4ced43a42a582542619,4a41fc8ca0c8f7a2bec497aea36fa589e22872d3f909f6f057cbef760c9fdfb8,2026-08-17T12:51:26+00:00,ok
10 신앙·성경/성경/개역개정 구약성경/10 모세오경/05 신명기/신명기 024장.md,http://www.holybible.or.kr/B_GAE/cgi/bibleftxt.php?VR=GAE&VL=5&CN=24&CV=99,22,04251d9c051c230de654d560ac620aca2cd2b8f74ff0bafd5b00f6e749759ff0,f90f0de9e5d8f106a6420dfb4751da95ff6f196c1878ffcd4d661d5a9691815f,2026-08-17T12:51:26+00:00,ok
10 신앙·성경/성경/개역개정 구약성경/10 모세오경/05 신명기/신명기 025장.md,http://www.holybible.or.kr/B_GAE/cgi/bibleftxt.php?VR=GAE&VL=5&CN=25&CV=99,19,304a5d23f62d255ddde014eff72fafc52a3297d01ed3a30b5ef46300b0430679,2c9570dc10e64d46189296437c6c26c6697adef8bec21aa54ff0314eab941881,2026-08-17T12:51:26+00:00,ok
10 신앙·성경/성경/개역개정 구약성경/10 모세오경/05 신명기/신명기 026장.md,http://www.holybible.or.kr/B_GAE/cgi/bibleftxt.php?VR=GAE&VL=5&CN=26&CV=99,19,6639c432753b2d2e7f88bd1265344a1364d85db8a806957ea1ad34a8b4defd5e,d14b8b9f4492afe5cf5e7dfa9bf1a4bdbf4788d004cf4e3c817db380ed5a6644,2026-08-17T12:51:26+00:00,ok
10 신앙·성경/성경/개역개정 구약성경/10 모세오경/05 신명기/신명기 027장.md,http://www.holybible.or.kr/B_GAE/cgi/bibleftxt.php?VR=GAE&VL=5&CN=27&CV=99,26,5aab1dd8748eae473823b4aea069a2a5fc531fd737c1a5cfd6b4859d0c1c1a64,3490cf547cf1c29ffd59c55d5da5a52a1754e47f9c2a56dc4583118576d829b1,2026-08-17T12:51:26+00:00,ok
10 신앙·성경/성경/개역개정 구약성경/10 모세오경/05 신명기/신명기 028장.md,http://www.holybible.or.kr/B_GAE/cgi/bibleftxt.php?VR=GAE&VL=5&CN=28&CV=99,68,afba06f28a8783d9ea43b183be4ebb7062d841a9e75cc4e64ddecc73b0045302,2c546d4aa9dda2cb960461af28d196ebde5c0d9d96a1a24d397eee43ac1c336d,2026-08-17T12:51:26+00:00,ok
10 신앙·성경/성경/개역개정 구약성경/10 모세오경/05 신명기/신명기 029장.md,http://www.holybible.or.kr/B_GAE/cgi/bibleftxt.php?VR=GAE&VL=5&CN=29&CV=99,29,d427163b82e9986039125d57bce6927ffa4c6026c2953648ba17cf3e12d7708f,1e722d2385361a097e113401a0a0e7acbe5090b5dd703d54db2a55433c7f9008,2026-08-17T12:51:26+00:00,ok
10 신앙·성경/성경/개역개정 구약성경/10 모세오경/05 신명기/신명기 030장.md,http://www.holybible.or.kr/B_GAE/cgi/bibleftxt.php?VR=GAE&VL=5&CN=30&CV=99,19,217d486c33006d4ace0e47c5816483d4ca3c1dbb8780c3ae6b6df3881554f6ea,df5c8ddf7deb0adf8137b555757e4a1f2890abcfa2e9280a20ca830d4349dae6,2026-08-17T12:51:26+00:00,ok
10 신앙·성경/성경/개역개정 구약성경/10 모세오경/05 신명기/신명기 031장.md,http://www.holybible.or.kr/B_GAE/cgi/bibleftxt.php?VR=GAE&VL=5&CN=31&CV=99,30,7120a6ae0178b2b0151b5fe731304f67a06f0ff368f38bcd7533e29edcf548f2,ea724a4f37617e13db2615c222bd5aa7b236f3ae213eae7b95a3cb5a1090db79,2026-08-17T12:51:26+00:00,ok
10 신앙·성경/성경/개역개정 구약성경/10 모세오경/05 신명기/신명기 032장.md,http://www.holybible.or.kr/B_GAE/cgi/bibleftxt.php?VR=GAE&VL=5&CN=32&CV=99,52,e1fd11db103d2fb015bd2a57538227d835c44733927706bdff28bc0242a39221,83150af865e95479d8d20ad1a98a6d7162ad5c23ea11ab45ca1adb3a4e18d52a,2026-08-17T12:51:26+00:00,ok
10 신앙·성경/성경/개역개정 구약성경/10 모세오경/05 신명기/신명기 033장.md,http://www.holybible.or.kr/B_GAE/cgi/bibleftxt.php?VR=GAE&VL=5&CN=33&CV=99,29,1494328a89ac82a517cf186b3a2a6f7d6ea24d6acd39e762b391a3767eceda0e,20ec744fd55086c57921ec839e64be66455eabd93e5e3901290aee7615363d20,2026-08-17T12:51:26+00:00,ok
10 신앙·성경/성경/개역개정 구약성경/10 모세오경/05 신명기/신명기 034장.md,http://www.holybible.or.kr/B_GAE/cgi/bibleftxt.php?VR=GAE&VL=5&CN=34&CV=99,12,a85a95a87496fcd545189943d164ee0ac69480716a91b9bf38f534668d043d32,1afc7cd59d0fec7f4c4773ef4586b4f0e96eda77c8d689e609c2def224a88c29,2026-08-17T12:51:26+00:00,ok
10 신앙·성경/성경/개역개정 구약성경/20 역사서/01 여호수아/여호수아 001장.md,http://www.holybible.or.kr/B_GAE/cgi/bibleftxt.php?VR=GAE&VL=6&CN=1&CV=99,18,f6fc1bf735ca4a57abef21d3f75364ee7016228eadff46876ef95f247c88a36c,258bf7dd03cb281e95489dc3fe8a8ef3689bd59d4913a495af87e160473d2db4,2026-08-17T12:51:26+00:00,ok
10 신앙·성경/성경/개역개정 구약성경/20 역사서/01 여호수아/여호수아 002장.md,http://www.holybible.or.kr/B_GAE/cgi/bibleftxt.php?VR=GAE&VL=6&CN=2&CV=99,24,f0f8fe79457382f1fbc9791858f72da38bf19a2de8d4900091d349d27dc4191b,125d996884dadcd1cdfb3df59ba71a569c4c1a49182d8c9665aa0e27d88f42f4,2026-08-17T12:51:26+00:00,ok
10 신앙·성경/성경/개역개정 구약성경/20 역사서/01 여호수아/여호수아 003장.md,http://www.holybible.or.kr/B_GAE/cgi/bibleftxt.php?VR=GAE&VL=6&CN=3&CV=99,17,79e9266b6eeed6338362de92e87d6524078cbb4037dfa5979d1cddf073afba2b,d2aa73948bf6d6a5d8180d33b4209b38bc27a2357ecaf9089dd33504ce94efc0,2026-08-17T12:51:26+00:00,ok
10 신앙·성경/성경/개역개정 구약성경/20 역사서/01 여호수아/여호수아 004장.md,http://www.holybible.or.kr/B_GAE/cgi/bibleftxt.php?VR=GAE&VL=6&CN=4&CV=99,24,487e2f9f55c034d2fceab0e45984a721780225db818206db160c647553f8722d,de9f72bdd5b8d5d02d96735061d6624f6bf9483f6212468672cfb51f16f8143a,2026-08-17T12:51:26+00:00,ok
10 신앙·성경/성경/개역개정 구약성경/20 역사서/01 여호수아/여호수아 005장.md,http://www.holybible.or.kr/B_GAE/cgi/bibleftxt.php?VR=GAE&VL=6&CN=5&CV=99,15,10bd8647cea6fc01fe17c130e85bc7267ad47cccbe18953cba7d7450ad99f806,efacc40704b893b70c470e780b56321a08a1d3432bd66f3138d1f08cc7695d6c,2026-08-17T12:51:26+00:00,ok
10 신앙·성경/성경/개역개정 구약성경/20 역사서/01 여호수아/여호수아 006장.md,http://www.holybible.or.kr/B_GAE/cgi/bibleftxt.php?VR=GAE&VL=6&CN=6&CV=99,27,f96268fe6833a51564e74be6ae7c7c0371417b2057b25ea1be55954ef01fc378,39830c1550cdbfbed6e4fe751cba046d6a85cd7ddd4f349f982f24a3c104f9ce,2026-08-17T12:51:26+00:00,ok
10 신앙·성경/성경/개역개정 구약성경/20 역사서/01 여호수아/여호수아 007장.md,http://www.holybible.or.kr/B_GAE/cgi/bibleftxt.php?VR=GAE&VL=6&CN=7&CV=99,26,d6e56f3367c9fff7ba9fdd23b6b25a30c242cc7929811e3c5276311c3ca7e262,1136b6dae95b209f999e1cc2257e42bdb5e641422086b4b8d9c4f59684825824,2026-08-17T12:51:26+00:00,ok
10 신앙·성경/성경/개역개정 구약성경/20 역사서/01 여호수아/여호수아 008장.md,http://www.holybible.or.kr/B_GAE/cgi/bibleftxt.php?VR=GAE&VL=6&CN=8&CV=99,35,2c17f438155190836e745b152688f9ec580dbffcfd09be74ab8777300beb7443,2ebdbffa6351317fad0690a69ff2f8244f77f1188785adf3bc29144276b726dd,2026-08-17T12:51:26+00:00,ok
10 신앙·성경/성경/개역개정 구약성경/20 역사서/01 여호수아/여호수아 009장.md,http://www.holybible.or.kr/B_GAE/cgi/bibleftxt.php?VR=GAE&VL=6&CN=9&CV=99,27,6f9fecae9c3a607d4c70cf63a78523749cb2f72d960cabf79f678fa6ab2ea3d4,fd64113202fc4456cb6e812f1d19e96a092b236c0412500d11da1f4a500171c5,2026-08-17T12:51:26+00:00,ok
10 신앙·성경/성경/개역개정 구약성경/20 역사서/01 여호수아/여호수아 010장.md,http://www.holybible.or.kr/B_GAE/cgi/bibleftxt.php?VR=GAE&VL=6&CN=10&CV=99,43,0c56752fa944ce149245a5016c0878a6facd2d79d3cb7d6774b8ffdb7d25bad8,4586489197c0c1bef476d1c6cf0f556ca6509d5d615bd3b62f20aaf782699b7d,2026-08-17T12:51:26+00:00,ok
10 신앙·성경/성경/개역개정 구약성경/20 역사서/01 여호수아/여호수아 011장.md,http://www.holybible.or.kr/B_GAE/cgi/bibleftxt.php?VR=GAE&VL=6&CN=11&CV=99,23,7b4891b33860ca406984e5106837ff757cf7f5b748bded541133c28eacab1c59,b634c1f4bcd801df1066abd486e62113fef549db2272192c6f564e219f629a7b,2026-08-17T12:51:26+00:00,ok
10 신앙·성경/성경/개역개정 구약성경/20 역사서/01 여호수아/여호수아 012장.md,http://www.holybible.or.kr/B_GAE/cgi/bibleftxt.php?VR=GAE&VL=6&CN=12&CV=99,24,585e9a498c4029f1b9800e6cd6320bac3ace747764f7c2bca342b2e803532c60,fa2a0a2a4d8db1847938a3f9800aab53c4d951ad7f58010715450bc1a0f74211,2026-08-17T12:51:26+00:00,ok
10 신앙·성경/성경/개역개정 구약성경/20 역사서/01 여호수아/여호수아 013장.md,http://www.holybible.or.kr/B_GAE/cgi/bibleftxt.php?VR=GAE&VL=6&CN=13&CV=99,33,50ecdc415fae5ba99dbf7c5ee3174b26db13675687e7c522ff1e1fbfd10550ef,cfc4be1f52259540c5bb1775539daed0fff18f311d2fccfff040778f02f803ff,2026-08-17T12:51:26+00:00,ok
10 신앙·성경/성경/개역개정 구약성경/20 역사서/01 여호수아/여호수아 014장.md,http://www.holybible.or.kr/B_GAE/cgi/bibleftxt.php?VR=GAE&VL=6&CN=14&CV=99,15,488a59061e8cfcf61165e1c2118964573ef0f748e6a8ba8a18fdb3fd610b9cb0,ffd13800d97bf988223d976f0ee2ee4b33a02c5fb3dd2f15155bb035e6baf636,2026-08-17T12:51:26+00:00,ok
10 신앙·성경/성경/개역개정 구약성경/20 역사서/01 여호수아/여호수아 015장.md,http://www.holybible.or.kr/B_GAE/cgi/bibleftxt.php?VR=GAE&VL=6&CN=15&CV=99,63,e2de5937e977f0744189109e343626f62e3eeff9e3f1aba770aea7bfc32def86,a143d3caf015dc14517393db5c1bd1871616f2432b23067c250f923920c11e7e,2026-08-17T12:51:26+00:00,ok
10 신앙·성경/성경/개역개정 구약성경/20 역사서/01 여호수아/여호수아 016장.md,http://www.holybible.or.kr/B_GAE/cgi/bibleftxt.php?VR=GAE&VL=6&CN=16&CV=99,10,a4ea08f9af3fb718e755aed00af1ef725bf85110ab209e115009b2116daf78d8,d382505786b0f97f137f973117018c3b20f550d95f9d71a194e4f458b86223af,2026-08-17T12:51:26+00:00,ok
10 신앙·성경/성경/개역개정 구약성경/20 역사서/01 여호수아/여호수아 017장.md,http://www.holybible.or.kr/B_GAE/cgi/bibleftxt.php?VR=GAE&VL=6&CN=17&CV=99,18,1c70cd45d26a0ac5bf0f94e1b23508adfcdc11b94950bfb15f40a114a91d571c,9cdfeb98d18632f705b802638aff57b5e25070e773901c4f57edd96b5984e3b7,2026-08-17T12:51:26+00:00,ok
10 신앙·성경/성경/개역개정 구약성경/20 역사서/01 여호수아/여호수아 018장.md,http://www.holybible.or.kr/B_GAE/cgi/bibleftxt.php?VR=GAE&VL=6&CN=18&CV=99,28,742438c0ca123d511a26fa8c60da47a4fcd6e62c38709b5e6b658f901a258ec8,7e51a63a44274ccfe5d8efea5ece1b12da498f91b1e1f097e348c9bb800707d3,2026-08-17T12:51:26+00:00,ok
10 신앙·성경/성경/개역개정 구약성경/20 역사서/01 여호수아/여호수아 019장.md,http://www.holybible.or.kr/B_GAE/cgi/bibleftxt.php?VR=GAE&VL=6&CN=19&CV=99,51,7109601403202d079c0fb5b55347c30f20b25c4d62abda1bf9732e077d4a8e5b,5f70c3decc2d0c8177b76d1de4eb14f9a34bab44a288ad9f26710b6ee5e9a3fa,2026-08-17T12:51:26+00:00,ok
10 신앙·성경/성경/개역개정 구약성경/20 역사서/01 여호수아/여호수아 020장.md,http://www.holybible.or.kr/B_GAE/cgi/bibleftxt.php?VR=GAE&VL=6&CN=20&CV=99,9,871433ce6db379335cab4ad9c51f4f94f7b63bb2e3e62d3404682777efabd600,a671abcca8e86ed5e61d0fc9d64f613441aefa16e2aebd857f81a58d638c7a30,2026-08-17T12:51:26+00:00,ok
10 신앙·성경/성경/개역개정 구약성경/20 역사서/01 여호수아/여호수아 021장.md,http://www.holybible.or.kr/B_GAE/cgi/bibleftxt.php?VR=GAE&VL=6&CN=21&CV=99,45,daebbc2a0195ce6b20262d94f1555bdb2d83ce8764cb48e265575483fe5ef30e,9692e552ec2806080870d7da72a06fe40b472bfc40bcb28ef233d959107b982c,2026-08-17T12:51:26+00:00,ok
10 신앙·성경/성경/개역개정 구약성경/20 역사서/01 여호수아/여호수아 022장.md,http://www.holybible.or.kr/B_GAE/cgi/bibleftxt.php?VR=GAE&VL=6&CN=22&CV=99,34,6d9ede623fade956d58ced852083711a8170e712343474004f5ea18348448153,7c62799714010a5ddec35a89a95b0e67a44067b493e3e5662fc94d1621d74c14,2026-08-17T12:51:26+00:00,ok
10 신앙·성경/성경/개역개정 구약성경/20 역사서/01 여호수아/여호수아 023장.md,http://www.holybible.or.kr/B_GAE/cgi/bibleftxt.php?VR=GAE&VL=6&CN=23&CV=99,16,399e213c146344f4aef716bee108d4318698680042d4e487cfb3828b599ace9c,e7b9fc3032fc6683bea76af8298031b0dedf1e1f71ce13fe2f7c8ef2b7027e4c,2026-08-17T12:51:26+00:00,ok
10 신앙·성경/성경/개역개정 구약성경/20 역사서/01 여호수아/여호수아 024장.md,http://www.holybible.or.kr/B_GAE/cgi/bibleftxt.php?VR=GAE&VL=6&CN=24&CV=99,33,aa640fd9aebbb9b6e377a51d4769edf4eb922d26a1188fb55e971823cf34a2e5,c40a08d569e0819cf26d17825d60e051fdf8e71e81664bda2da00582ac538aad,2026-08-17T12:51:26+00:00,ok
10 신앙·성경/성경/개역개정 구약성경/20 역사서/02 사사기/사사기 001장.md,http://www.holybible.or.kr/B_GAE/cgi/bibleftxt.php?VR=GAE&VL=7&CN=1&CV=99,36,db9bb1d2b94fe1fdfa86f5fdd94483f5a47f6b61e7e9c3e2c3ba034a966c96bf,5782698745a46abf891a984268ef216eef95d00aa945984725dfb1a6e7386487,2026-08-17T12:51:26+00:00,ok
10 신앙·성경/성경/개역개정 구약성경/20 역사서/02 사사기/사사기 002장.md,http://www.holybible.or.kr/B_GAE/cgi/bibleftxt.php?VR=GAE&VL=7&CN=2&CV=99,23,cbc9e3be3eb895e886c985d73e606c5fd80ab98850c1a6a703b0ff7a281d07ca,a8f432024833447733ea63297f9a23966fc6b64ca34517c82e05eeee01e3f0d3,2026-08-17T12:51:26+00:00,ok
10 신앙·성경/성경/개역개정 구약성경/20 역사서/02 사사기/사사기 003장.md,http://www.holybible.or.kr/B_GAE/cgi/bibleftxt.php?VR=GAE&VL=7&CN=3&CV=99,31,037a35f090eea7ecdb93802932e09fdc3d715a5ed9c37f02d00418c578eb601f,b9ca6136a3fe8a9185dac39d0c28bd9f463efa5264d3a3137aa040b3c9cc77c2,2026-08-17T12:51:26+00:00,ok
10 신앙·성경/성경/개역개정 구약성경/20 역사서/02 사사기/사사기 004장.md,http://www.holybible.or.kr/B_GAE/cgi/bibleftxt.php?VR=GAE&VL=7&CN=4&CV=99,24,d1f2c5bb6f95bd0d1415a46985c31f4a27bd65be9b961fa675f196a8b2bc41e5,33ff706c079006e0f00e7034bfb1fd530526e2d491aca669944dcedde44d856d,2026-08-17T12:51:26+00:00,ok
10 신앙·성경/성경/개역개정 구약성경/20 역사서/02 사사기/사사기 005장.md,http://www.holybible.or.kr/B_GAE/cgi/bibleftxt.php?VR=GAE&VL=7&CN=5&CV=99,31,814d5904413690b1a69345bc7d411b0983874196fdafecd94502ba2605d15329,4eb97165090b0e75b20cd39b2e1846476cca661ea2ad950187e6edb6a95ed8b5,2026-08-17T12:51:26+00:00,ok
10 신앙·성경/성경/개역개정 구약성경/20 역사서/02 사사기/사사기 006장.md,http://www.holybible.or.kr/B_GAE/cgi/bibleftxt.php?VR=GAE&VL=7&CN=6&CV=99,40,8e5b97ccde6991b419e770591958a058f3c20aadc2ea96e8fd583a416a09c3a3,ed99725b6b30f53fac32b74d45284531f0cd6532aa4f5786ecdb9d49263d9d78,2026-08-17T12:51:26+00:00,ok
10 신앙·성경/성경/개역개정 구약성경/20 역사서/02 사사기/사사기 007장.md,http://www.holybible.or.kr/B_GAE/cgi/bibleftxt.php?VR=GAE&VL=7&CN=7&CV=99,25,7c4b53f20378f703e07833cc92135432f5b359bb578dbe6e4fdcd317aaa4bed3,c8d9d50d3344e81a5ac41633eb1aae7bee09fd01d42cebcdfb58165a7733c206,2026-08-17T12:51:26+00:00,ok
10 신앙·성경/성경/개역개정 구약성경/20 역사서/02 사사기/사사기 008장.md,http://www.holybible.or.kr/B_GAE/cgi/bibleftxt.php?VR=GAE&VL=7&CN=8&CV=99,35,049f153059e4af9fb32e4be7a77af1b6d4ab7c1c917a054d6ee3729fc43d1ca9,714c62043e1d0b14178e5d479873c859b982e321dc42f36694627d690ce68b38,2026-08-17T12:51:26+00:00,ok
10 신앙·성경/성경/개역개정 구약성경/20 역사서/02 사사기/사사기 009장.md,http://www.holybible.or.kr/B_GAE/cgi/bibleftxt.php?VR=GAE&VL=7&CN=9&CV=99,57,b52569d0474114669c4dfac6e0e35ef4a99108de126aa3dbff2fee6d4992fe22,2d4298287c15d389b06db1a4ae52cf3bb02ef96e543a6568850859cecaf4efcc,2026-08-17T12:51:26+00:00,ok
10 신앙·성경/성경/개역개정 구약성경/20 역사서/02 사사기/사사기 010장.md,http://www.holybible.or.kr/B_GAE/cgi/bibleftxt.php?VR=GAE&VL=7&CN=10&CV=99,18,e5184263bfcb31d9e1931bbec745f72b84bf57786a8310543e16137eb9a5e000,7e13c8a8c0df9e77ea61d8d9fc41b68975c6bd3a37938f710dc69edc7caf56bb,2026-08-17T12:51:26+00:00,ok
10 신앙·성경/성경/개역개정 구약성경/20 역사서/02 사사기/사사기 011장.md,http://www.holybible.or.kr/B_GAE/cgi/bibleftxt.php?VR=GAE&VL=7&CN=11&CV=99,40,f72d475698f155944d92973816660540e0a8396395a9c6bf2494d8b10c282d08,378614f79086ff7185fad6973598479982d2033f784ecf3298e1b0a870ea5868,2026-08-17T12:51:26+00:00,ok
10 신앙·성경/성경/개역개정 구약성경/20 역사서/02 사사기/사사기 012장.md,http://www.holybible.or.kr/B_GAE/cgi/bibleftxt.php?VR=GAE&VL=7&CN=12&CV=99,15,04f09107abee88ba003f9a92b712a3c1ac2fe32c179e0615ca0b0efbd0831d97,760079f50cfd8fcd3006488699860eaab999d3b8ef70a4513d94222e188b8a6b,2026-08-17T12:51:26+00:00,ok
10 신앙·성경/성경/개역개정 구약성경/20 역사서/02 사사기/사사기 013장.md,http://www.holybible.or.kr/B_GAE/cgi/bibleftxt.php?VR=GAE&VL=7&CN=13&CV=99,25,45d0a5e7114959cde969eb19c46dd27838592f4fd74cc898e2bd770104547d61,051eafef268ee399edaee318cc5b07380141bd5a75bd57a2c647e0347dbe155d,2026-08-17T12:51:26+00:00,ok
10 신앙·성경/성경/개역개정 구약성경/20 역사서/02 사사기/사사기 014장.md,http://www.holybible.or.kr/B_GAE/cgi/bibleftxt.php?VR=GAE&VL=7&CN=14&CV=99,20,1b8155e36d5713274080823ed0ddf82b0af3f3652d5622a310f5e9846c80de9e,a8bc8cabf18c34630ecc26b912e21924c31bb570d171f07edbac9926d1e0a33c,2026-08-17T12:51:26+00:00,ok
10 신앙·성경/성경/개역개정 구약성경/20 역사서/02 사사기/사사기 015장.md,http://www.holybible.or.kr/B_GAE/cgi/bibleftxt.php?VR=GAE&VL=7&CN=15&CV=99,20,d77e72b2b83ba5fa70333f69385f5b32f5ad24670a5befbd6ced63f925a75af1,4ee29c40b15afcfb92d0bd36d22235f91c7d791984ed9067e692ef1ac9a4c81d,2026-08-17T12:51:26+00:00,ok
10 신앙·성경/성경/개역개정 구약성경/20 역사서/02 사사기/사사기 016장.md,http://www.holybible.or.kr/B_GAE/cgi/bibleftxt.php?VR=GAE&VL=7&CN=16&CV=99,31,d48459eccf5321e5a370df307910f198d991ddc3bd0f4f7a94839595de87c31c,6f333d9504c355222f39a29194508ca6521e556fc4c8e4b5f6f2c54f655c8958,2026-08-17T12:51:26+00:00,ok
10 신앙·성경/성경/개역개정 구약성경/20 역사서/02 사사기/사사기 017장.md,http://www.holybible.or.kr/B_GAE/cgi/bibleftxt.php?VR=GAE&VL=7&CN=17&CV=99,13,be5a6a22583640818d64c6c4c5e8ce30803dffa359a09ab026b1ad2f4f85cd8c,665e53638a898782b22a7ba3ac7809651089ce685569b86414403ff4f2a44330,2026-08-17T12:51:26+00:00,ok
10 신앙·성경/성경/개역개정 구약성경/20 역사서/02 사사기/사사기 018장.md,http://www.holybible.or.kr/B_GAE/cgi/bibleftxt.php?VR=GAE&VL=7&CN=18&CV=99,31,c8863ca2285cef13942e3b37f9e7e5eb74b834faf0ff90461474134a9ece3945,d3440cd21ac913e7f0d5a29f408e0d2f1501f36d525fc87117035bd5c8fa2c5c,2026-08-17T12:51:26+00:00,ok
10 신앙·성경/성경/개역개정 구약성경/20 역사서/02 사사기/사사기 019장.md,http://www.holybible.or.kr/B_GAE/cgi/bibleftxt.php?VR=GAE&VL=7&CN=19&CV=99,30,3adfedb35e2229c494befa5a3dc2ec9216054d22c1f6a85267039bb09aa258ba,e391a6dcbd28ce90c256c47e0a965adc95c47179dfe60c1c8210b5b838a3601d,2026-08-17T12:51:26+00:00,ok
10 신앙·성경/성경/개역개정 구약성경/20 역사서/02 사사기/사사기 020장.md,http://www.holybible.or.kr/B_GAE/cgi/bibleftxt.php?VR=GAE&VL=7&CN=20&CV=99,48,0803aca4c7524bac3ef6b76d73ea7890a31a749a2f3fd9f113908b645435404d,4271b1e3c6e7b21c14486d6134dff0502e877b9a52230bce5fbd6b46cd4d9f2d,2026-08-17T12:51:26+00:00,ok
10 신앙·성경/성경/개역개정 구약성경/20 역사서/02 사사기/사사기 021장.md,http://www.holybible.or.kr/B_GAE/cgi/bibleftxt.php?VR=GAE&VL=7&CN=21&CV=99,25,96ac6e77be5a94d1581e627bb9007797a6f1a5a951c9cf3954d775db2529107f,ee65ce2aaad7e91e1ee44e26096e3c8edbcf44f0e8baa9d9cb39b32e6d7dbc85,2026-08-17T12:51:26+00:00,ok
10 신앙·성경/성경/개역개정 구약성경/20 역사서/03 룻기/룻기 001장.md,http://www.holybible.or.kr/B_GAE/cgi/bibleftxt.php?VR=GAE&VL=8&CN=1&CV=99,22,3be2e2025df71054cfe301469638a77b1ea0e86b8f11779a4e2448feea36eba1,ccb5e7cc7ca0b26db7dc177f5dcc4a24ae7534d644caf85b987fa7f2a6bcea5c,2026-08-17T12:51:26+00:00,ok
10 신앙·성경/성경/개역개정 구약성경/20 역사서/03 룻기/룻기 002장.md,http://www.holybible.or.kr/B_GAE/cgi/bibleftxt.php?VR=GAE&VL=8&CN=2&CV=99,23,e709dc71406189640a7260d28de2a5b20a284b5791a4ef4c793520dbec7c1b00,d6c3926a61537ab9ab07d7109bbe9a4424a65396c7e3aea64fcbccd2eb36acab,2026-08-17T12:51:26+00:00,ok
10 신앙·성경/성경/개역개정 구약성경/20 역사서/03 룻기/룻기 003장.md,http://www.holybible.or.kr/B_GAE/cgi/bibleftxt.php?VR=GAE&VL=8&CN=3&CV=99,18,6574c194eaa7514066b041862662b609aefac82d618dffce3061d8600f7a4559,304e570d323f12a5adee08cb0de7e6121d2a6feec5d1d2372b8d6e5e7a71d4b4,2026-08-17T12:51:26+00:00,ok
10 신앙·성경/성경/개역개정 구약성경/20 역사서/03 룻기/룻기 004장.md,http://www.holybible.or.kr/B_GAE/cgi/bibleftxt.php?VR=GAE&VL=8&CN=4&CV=99,22,404147931a592464e937eed40b8917ca5461c098a6fdc7cb0f94a8e293531ca7,c247b952e5091bfd28ace6fb04f9f66f03d4c34d8bc413dfd0108d62f3805aa3,2026-08-17T12:51:26+00:00,ok
10 신앙·성경/성경/개역개정 구약성경/20 역사서/04 사무엘상/사무엘상 001장.md,http://www.holybible.or.kr/B_GAE/cgi/bibleftxt.php?VR=GAE&VL=9&CN=1&CV=99,28,74332b923689b0ed311907d6e5a7c236f88f4839ce5e779931a0fb11d0e7cc48,13e4a17b137db276f21b13ef01f4087501e2cc447aae68955e95995237e525cb,2026-08-17T12:51:26+00:00,ok
10 신앙·성경/성경/개역개정 구약성경/20 역사서/04 사무엘상/사무엘상 002장.md,http://www.holybible.or.kr/B_GAE/cgi/bibleftxt.php?VR=GAE&VL=9&CN=2&CV=99,36,678f8afb5f3553a009b229b11ec005b3ed389521bcaa460e7a8cac6273a63fa1,e3e95a4317b8d20f98e745fdfba894b05001487e5f9cc920da94ccd90812f9fd,2026-08-17T12:51:26+00:00,ok
10 신앙·성경/성경/개역개정 구약성경/20 역사서/04 사무엘상/사무엘상 003장.md,http://www.holybible.or.kr/B_GAE/cgi/bibleftxt.php?VR=GAE&VL=9&CN=3&CV=99,21,7a3a7fff3deb47826e40279f9fb4cf59f63376677ee9e5d4f7904c99f5bed97f,a98cc7247feeee9185645dca830fce6982ace16c3f7dcaeb0cdc7421dc0bcad1,2026-08-17T12:51:26+00:00,ok
10 신앙·성경/성경/개역개정 구약성경/20 역사서/04 사무엘상/사무엘상 004장.md,http://www.holybible.or.kr/B_GAE/cgi/bibleftxt.php?VR=GAE&VL=9&CN=4&CV=99,22,145efd0bd32838758ce0ef95916b24e54a5f987e396451685d6cf53d88e1e751,d8bc028a3a714a4dffb2766b1534e97d8863980450558c03892373280bc06cef,2026-08-17T12:51:26+00:00,ok
10 신앙·성경/성경/개역개정 구약성경/20 역사서/04 사무엘상/사무엘상 005장.md,http://www.holybible.or.kr/B_GAE/cgi/bibleftxt.php?VR=GAE&VL=9&CN=5&CV=99,12,41d794dd3a0b11c55dc57cc43f86584ce38e090a7208eb45962fbed8b2d1c014,14e6345ed87bef639539ce6522d9aff9370a81fa24a5ff04d63192564e1e5353,2026-08-17T12:51:26+00:00,ok
10 신앙·성경/성경/개역개정 구약성경/20 역사서/04 사무엘상/사무엘상 006장.md,http://www.holybible.or.kr/B_GAE/cgi/bibleftxt.php?VR=GAE&VL=9&CN=6&CV=99,21,951a338b1b261252dc1ca5b13b09de222b8ce2d8b3f282b9da003f4983feb349,3f43145a7199389e02d36fe5dc3926f470313db852a69562e8cf06ae6f7731d1,2026-08-17T12:51:26+00:00,ok
10 신앙·성경/성경/개역개정 구약성경/20 역사서/04 사무엘상/사무엘상 007장.md,http://www.holybible.or.kr/B_GAE/cgi/bibleftxt.php?VR=GAE&VL=9&CN=7&CV=99,17,7c3d99b3af9d755085802aec8a85cae24edb11f89a41e01a46f4f945a537fc60,5a2943fc27c16bc9d3014682bdc3fbc76d24c50a7fe7285c5d43344d8dd12341,2026-08-17T12:51:26+00:00,ok
10 신앙·성경/성경/개역개정 구약성경/20 역사서/04 사무엘상/사무엘상 008장.md,http://www.holybible.or.kr/B_GAE/cgi/bibleftxt.php?VR=GAE&VL=9&CN=8&CV=99,22,0d1fc9f469d51828663a3fe75c7a761c454e83f309f18cbe00f77473e1e828eb,208c243e3bbc2a5681a8d8d21fe3ecdcaddb07981e2fe78453e2f04557fa70c7,2026-08-17T12:51:26+00:00,ok
10 신앙·성경/성경/개역개정 구약성경/20 역사서/04 사무엘상/사무엘상 009장.md,http://www.holybible.or.kr/B_GAE/cgi/bibleftxt.php?VR=GAE&VL=9&CN=9&CV=99,27,7ce732b825b6fa9d20acedfdbff267baeab6c2756de1e2f4f907b5dbb73afdc5,6fb480198b451fa3387db2bac0423b29e624da1a425a74d17ed5a35b4bfcdd0b,2026-08-17T12:51:26+00:00,ok
10 신앙·성경/성경/개역개정 구약성경/20 역사서/04 사무엘상/사무엘상 010장.md,http://www.holybible.or.kr/B_GAE/cgi/bibleftxt.php?VR=GAE&VL=9&CN=10&CV=99,27,200ec428a55dad7a51cdba15394938b5b89320f8eda86589cda7d9a43dfb4013,d182fa365b532b803958c1e855fac3ed89f1397eef01a178cc57945c67ac7713,2026-08-17T12:51:26+00:00,ok
10 신앙·성경/성경/개역개정 구약성경/20 역사서/04 사무엘상/사무엘상 011장.md,http://www.holybible.or.kr/B_GAE/cgi/bibleftxt.php?VR=GAE&VL=9&CN=11&CV=99,15,e66cf7a6ccef13a8d0549f52eb91fad1937e5911118fc092f6abf0265e188d36,dcaee5cbe17b70d0708a346b42c6f77d718a37d85f687f307bb1309858be6eb5,2026-08-17T12:51:26+00:00,ok
10 신앙·성경/성경/개역개정 구약성경/20 역사서/04 사무엘상/사무엘상 012장.md,http://www.holybible.or.kr/B_GAE/cgi/bibleftxt.php?VR=GAE&VL=9&CN=12&CV=99,25,095464fd278ba626b93725751307ef6ab98732f04843c761349435fa1ad9b662,8c9200ed25cacdacb66c1fca42efbefb22dc72cc61c66232ca4e90dadbd59202,2026-08-17T12:51:26+00:00,ok
10 신앙·성경/성경/개역개정 구약성경/20 역사서/04 사무엘상/사무엘상 013장.md,http://www.holybible.or.kr/B_GAE/cgi/bibleftxt.php?VR=GAE&VL=9&CN=13&CV=99,23,e8eaeb7f82bf727303283746b20eecd8991e0c9e9bcfb4cd1601785ca90f7711,1061de8e23d33e3f6cddfd0e16b52779cd9cff9ef6ccdfb97354fc999b7a73c0,2026-08-17T12:51:26+00:00,ok
10 신앙·성경/성경/개역개정 구약성경/20 역사서/04 사무엘상/사무엘상 014장.md,http://www.holybible.or.kr/B_GAE/cgi/bibleftxt.php?VR=GAE&VL=9&CN=14&CV=99,52,1e874cebd54a31def2f19afc5c2aaab3fab5b3e9e26506f08371c57c3295cde7,e7daf451a5967c389efc9f114c536874929b302c9b716e22807da9405fda2f1b,2026-08-17T12:51:26+00:00,ok
10 신앙·성경/성경/개역개정 구약성경/20 역사서/04 사무엘상/사무엘상 015장.md,http://www.holybible.or.kr/B_GAE/cgi/bibleftxt.php?VR=GAE&VL=9&CN=15&CV=99,35,ea58137331a083007e78036513d1ae7f1d1706d46f1a963e01de85ee2d3c171b,a9a5de94c027989d8809bc175babede6851a9a58365424ce2913ca976b5db6ea,2026-08-17T12:51:26+00:00,ok
10 신앙·성경/성경/개역개정 구약성경/20 역사서/04 사무엘상/사무엘상 016장.md,http://www.holybible.or.kr/B_GAE/cgi/bibleftxt.php?VR=GAE&VL=9&CN=16&CV=99,23,6d0f847560af8152315ea6ae96ab2c614a9222532b22fae3eb3f72db01ef2b24,a102ba3f502c87d457702c2b6435447747e2435f0827edd11f2eaba7af50ce9b,2026-08-17T12:51:26+00:00,ok
10 신앙·성경/성경/개역개정 구약성경/20 역사서/04 사무엘상/사무엘상 017장.md,http://www.holybible.or.kr/B_GAE/cgi/bibleftxt.php?VR=GAE&VL=9&CN=17&CV=99,58,a4b599d1e4b4a6b5906230eb825821452ff5ea6b38726ae4b61fd9860ff72c91,ebf5dac2124db9d3a375f5cc9f77f64d90ddaa3a4c6cce2c519b77b78dd3c257,2026-08-17T12:51:26+00:00,ok
10 신앙·성경/성경/개역개정 구약성경/20 역사서/04 사무엘상/사무엘상 018장.md,http://www.holybible.or.kr/B_GAE/cgi/bibleftxt.php?VR=GAE&VL=9&CN=18&CV=99,30,b847c6bfd70afade6e4148515e61d2385c48c1ae8e7cd0f48c6085f6666fed36,e7bc077d45faf954cf9df13ac36535950484a34a9390c1ff7788a58454882b0b,2026-08-17T12:51:26+00:00,ok
10 신앙·성경/성경/개역개정 구약성경/20 역사서/04 사무엘상/사무엘상 019장.md,http://www.holybible.or.kr/B_GAE/cgi/bibleftxt.php?VR=GAE&VL=9&CN=19&CV=99,24,d8f6bad8cdf59b30c37679c3a979f1323e9885659770c95a1cef7d78453021bb,30b1ec6aed38a82909a0ed5ffe74901e30f6e84a059e1058dbf8d9da15b36815,2026-08-17T12:51:26+00:00,ok
10 신앙·성경/성경/개역개정 구약성경/20 역사서/04 사무엘상/사무엘상 020장.md,http://www.holybible.or.kr/B_GAE/cgi/bibleftxt.php?VR=GAE&VL=9&CN=20&CV=99,42,1ef61d0e1f40421d41ed4304855705c5a08787fa69b683c017279133502d5f85,b8d21e93611dc9d9df655efcb65370e7931f243210624c92472cff40b8dc67f2,2026-08-17T12:51:26+00:00,ok
10 신앙·성경/성경/개역개정 구약성경/20 역사서/04 사무엘상/사무엘상 021장.md,http://www.holybible.or.kr/B_GAE/cgi/bibleftxt.php?VR=GAE&VL=9&CN=21&CV=99,15,0c636fdedbd5a724179bd63e8e8da7e58e8c5a9258b35498b258269e3c51944e,a7183699c3e27ab0599b2555a63d9bfc96fee6e1c4f719e3ac8f7d4eff2fc53c,2026-08-17T12:51:26+00:00,ok
10 신앙·성경/성경/개역개정 구약성경/20 역사서/04 사무엘상/사무엘상 022장.md,http://www.holybible.or.kr/B_GAE/cgi/bibleftxt.php?VR=GAE&VL=9&CN=22&CV=99,23,1efb5b45e7e2897498627b765bfe1754429221cfda4f36e49628be197e7e5356,284e8b5f3dfc2198a9bfcab9bbc38765907904e2411ee677721c40b6efdd2d0e,2026-08-17T12:51:26+00:00,ok
10 신앙·성경/성경/개역개정 구약성경/20 역사서/04 사무엘상/사무엘상 023장.md,http://www.holybible.or.kr/B_GAE/cgi/bibleftxt.php?VR=GAE&VL=9&CN=23&CV=99,29,c8a8f884f27cc380e862978a8322d1390f89ef228fcb04e01649750ef7fb63c4,02a4131fa7f0f043b67f1b79ed77eadf0f55aa43872cdf8c5c39754c483e35b5,2026-08-17T12:51:26+00:00,ok
10 신앙·성경/성경/개역개정 구약성경/20 역사서/04 사무엘상/사무엘상 024장.md,http://www.holybible.or.kr/B_GAE/cgi/bibleftxt.php?VR=GAE&VL=9&CN=24&CV=99,22,b9292e5b21034c5ebd2cae1233c6d0b769043573cba15da44e9f5a9094bbc19d,5b6fac62df2d102aa42f9ff991facd099bcdf3f7c1b7b959d7a32634dbbecf3e,2026-08-17T12:51:26+00:00,ok
10 신앙·성경/성경/개역개정 구약성경/20 역사서/04 사무엘상/사무엘상 025장.md,http://www.holybible.or.kr/B_GAE/cgi/bibleftxt.php?VR=GAE&VL=9&CN=25&CV=99,44,d36ebeafdfb69eda00027c1dadfd2ebf994334ed9cb9db8be34878e57e2279aa,8d6c1a1d71d764c9a79b2835bac55338f435a996b9201f0788ef1d3d09595801,2026-08-17T12:51:26+00:00,ok
10 신앙·성경/성경/개역개정 구약성경/20 역사서/04 사무엘상/사무엘상 026장.md,http://www.holybible.or.kr/B_GAE/cgi/bibleftxt.php?VR=GAE&VL=9&CN=26&CV=99,25,cdbf0cbee32f1df35cc7da26a5da4e05d3c6f7b17c5e6e72a971ec7faa7527ff,e7f647dcfd622f993ad686baf6699a873a3139b557bcd1ac8e7a54ecdd168c01,2026-08-17T12:51:26+00:00,ok
10 신앙·성경/성경/개역개정 구약성경/20 역사서/04 사무엘상/사무엘상 027장.md,http://www.holybible.or.kr/B_GAE/cgi/bibleftxt.php?VR=GAE&VL=9&CN=27&CV=99,12,640cab0b5a3a8c13f83a3d5b7a7c3ddb8a3a7a534724401856c4982c79d2a6a2,6818e96bc19e776ce781da43bed86a45f7b8101bf8a72faa3d07f8705592025c,2026-08-17T12:51:26+00:00,ok
10 신앙·성경/성경/개역개정 구약성경/20 역사서/04 사무엘상/사무엘상 028장.md,http://www.holybible.or.kr/B_GAE/cgi/bibleftxt.php?VR=GAE&VL=9&CN=28&CV=99,25,05f5eef168f4ed7db7a97674bc666de37c6c367b83e1b500d6a61ace5e752242,6172d94622b83dcacea63ecc1e75e1b9b2525e2580d0860a493b4508fce072bf,2026-08-17T12:51:26+00:00,ok
10 신앙·성경/성경/개역개정 구약성경/20 역사서/04 사무엘상/사무엘상 029장.md,http://www.holybible.or.kr/B_GAE/cgi/bibleftxt.php?VR=GAE&VL=9&CN=29&CV=99,11,701007fc63bf44fee2b6233259c61615cac50c2c732bc8b9256e3d3c51ae8159,7286d787a5e412eda55e16a440cef560f3b785d31c2c81a832fd7c200fb63550,2026-08-17T12:51:26+00:00,ok
10 신앙·성경/성경/개역개정 구약성경/20 역사서/04 사무엘상/사무엘상 030장.md,http://www.holybible.or.kr/B_GAE/cgi/bibleftxt.php?VR=GAE&VL=9&CN=30&CV=99,31,3e3651ea53bb9076c4919496822e9213d010ce9f6fa5d35f7ff8c68690d7624e,d22af52231c2b156acfcac94901d5df6a6dc2b3f44b344f412b4333d5d026b0a,2026-08-17T12:51:26+00:00,ok
10 신앙·성경/성경/개역개정 구약성경/20 역사서/04 사무엘상/사무엘상 031장.md,http://www.holybible.or.kr/B_GAE/cgi/bibleftxt.php?VR=GAE&VL=9&CN=31&CV=99,13,af264385e313d3655f8e479affe3883d86b49db45884b593609aa2397782c491,aa5bc6fa5a6d2613d37623930c1249bf56d0f1cc46037fe1195214d7e9d0df57,2026-08-17T12:51:26+00:00,ok
10 신앙·성경/성경/개역개정 구약성경/20 역사서/05 사무엘하/사무엘하 001장.md,http://www.holybible.or.kr/B_GAE/cgi/bibleftxt.php?VR=GAE&VL=10&CN=1&CV=99,27,cb39fe108be044d60ed0cfdc47444831d0d71b23de7f26c872517d07923d5dd2,0c0d5e8c7bd7c174ed269cb7c7934b618fb09420087d2d996899e11342baa88d,2026-08-17T12:51:26+00:00,ok
10 신앙·성경/성경/개역개정 구약성경/20 역사서/05 사무엘하/사무엘하 002장.md,http://www.holybible.or.kr/B_GAE/cgi/bibleftxt.php?VR=GAE&VL=10&CN=2&CV=99,32,345660dff884a56cb16ce7b403b5d349f263aae2f9327a9ffbb00304fbc06537,748e9f07638955da0bd08511a186fb37645a5b2a3382f608a8086ccb2f3a2ea2,2026-08-17T12:51:26+00:00,ok
10 신앙·성경/성경/개역개정 구약성경/20 역사서/05 사무엘하/사무엘하 003장.md,http://www.holybible.or.kr/B_GAE/cgi/bibleftxt.php?VR=GAE&VL=10&CN=3&CV=99,39,4d9a08baaa207a2029033b5a2befb7f08b97f864bd607ffa32ade8415cebabb4,74da6aa45f657dbd183706ba1298d605df18ac1d945d5d669b983cecc6ca2a6b,2026-08-17T12:51:26+00:00,ok
10 신앙·성경/성경/개역개정 구약성경/20 역사서/05 사무엘하/사무엘하 004장.md,http://www.holybible.or.kr/B_GAE/cgi/bibleftxt.php?VR=GAE&VL=10&CN=4&CV=99,12,74a63a1ab31fb2ce32defe39973cc5662cecd2900d06ae6805ad078f9ad1e8ee,2f6f67bb2fb9b1bb38db7c0e835b3bf9dde3d7d5a391015bfffb68709e2a60d6,2026-08-17T12:51:26+00:00,ok
10 신앙·성경/성경/개역개정 구약성경/20 역사서/05 사무엘하/사무엘하 005장.md,http://www.holybible.or.kr/B_GAE/cgi/bibleftxt.php?VR=GAE&VL=10&CN=5&CV=99,25,22e361e7ae932b57011349c274288fee99d1e7552fdeb9220cdf42952d5ff565,d760672a320d75a9e4b1b8aec73af525e2bfc20d7385a3d84f7fd612acaaca86,2026-08-17T12:51:26+00:00,ok
10 신앙·성경/성경/개역개정 구약성경/20 역사서/05 사무엘하/사무엘하 006장.md,http://www.holybible.or.kr/B_GAE/cgi/bibleftxt.php?VR=GAE&VL=10&CN=6&CV=99,23,f676d6898bb176f516624eba8578b0f6871fd9074243d46cc35732c2f5c0919d,bbaa0fe1fed56ca1121a3e6375bc93bb7125b8a90df2f1b8fd3f9ed7250dee9b,2026-08-17T12:51:26+00:00,ok
10 신앙·성경/성경/개역개정 구약성경/20 역사서/05 사무엘하/사무엘하 007장.md,http://www.holybible.or.kr/B_GAE/cgi/bibleftxt.php?VR=GAE&VL=10&CN=7&CV=99,29,fc6e97c347ff552a5b750062143ec4e20d1bf14fec726e72a1063c91e77b18ea,fcd8473064ce5d03b861dae972c4b7636c38d38dba444d2e0531e041101478cb,2026-08-17T12:51:26+00:00,ok
10 신앙·성경/성경/개역개정 구약성경/20 역사서/05 사무엘하/사무엘하 008장.md,http://www.holybible.or.kr/B_GAE/cgi/bibleftxt.php?VR=GAE&VL=10&CN=8&CV=99,18,282a28a76ed0d69b4f89ed3cbc9187d7bf87e08ef908f80e4b0f6c7fca9578ff,fc6fec3726982dc68a87a1fb7cbc63012f75b9055c621a418b3ece9f4e464aed,2026-08-17T12:51:26+00:00,ok
10 신앙·성경/성경/개역개정 구약성경/20 역사서/05 사무엘하/사무엘하 009장.md,http://www.holybible.or.kr/B_GAE/cgi/bibleftxt.php?VR=GAE&VL=10&CN=9&CV=99,13,865490d2c0bcb01e45ce666b189f4b09d1028ba6255ad4c1eb8bd26ea6b7b96d,e76440c7291e3919b9aba950f0642412f33cb8d253d0120c475e8e5a9b3620aa,2026-08-17T12:51:26+00:00,ok
10 신앙·성경/성경/개역개정 구약성경/20 역사서/05 사무엘하/사무엘하 010장.md,http://www.holybible.or.kr/B_GAE/cgi/bibleftxt.php?VR=GAE&VL=10&CN=10&CV=99,19,64f594230389e98b94ef186c73aea59bfec534634edd32d7403fb6a6da35d654,4c85c3fba3cb8ebdbfc9e6eee7da32565e1e353d57c3e1bfdc2743357397e8c1,2026-08-17T12:51:26+00:00,ok
10 신앙·성경/성경/개역개정 구약성경/20 역사서/05 사무엘하/사무엘하 011장.md,http://www.holybible.or.kr/B_GAE/cgi/bibleftxt.php?VR=GAE&VL=10&CN=11&CV=99,27,d9211eacf60791bd6780245b2410dd25c51e01b760f216126f3a17894fc7f3a3,2e625f29aa39a0cf3d650f396ed5ae195b33c4f4b210fbdeed619d442ac83d90,2026-08-17T12:51:26+00:00,ok
10 신앙·성경/성경/개역개정 구약성경/20 역사서/05 사무엘하/사무엘하 012장.md,http://www.holybible.or.kr/B_GAE/cgi/bibleftxt.php?VR=GAE&VL=10&CN=12&CV=99,31,92a7bce55b49400abff2e90f22518b0583ee3933b37729348a050afb25e7e3d2,e2b01576f76a190e7eb1a90ae74871e74a994304f0fc56d1b1b24165e343d537,2026-08-17T12:51:26+00:00,ok
10 신앙·성경/성경/개역개정 구약성경/20 역사서/05 사무엘하/사무엘하 013장.md,http://www.holybible.or.kr/B_GAE/cgi/bibleftxt.php?VR=GAE&VL=10&CN=13&CV=99,39,29fbc41b34324fb2962cd0709d8576cdfd2a6afed4cc0d82337a2808664416b3,daff43ccdc75fa05e0f437ae3e88ec167fc744695c44760c9461d13231f21a1d,2026-08-17T12:51:26+00:00,ok
10 신앙·성경/성경/개역개정 구약성경/20 역사서/05 사무엘하/사무엘하 014장.md,http://www.holybible.or.kr/B_GAE/cgi/bibleftxt.php?VR=GAE&VL=10&CN=14&CV=99,33,30f834e900c961834b5f85dda20a05ae68fd0f8949bc2b5f3cb1daea9f793de8,7a5676c5d09fa870e93761c86957030207550caee02436414e2310404f9fa1ec,2026-08-17T12:51:26+00:00,ok
10 신앙·성경/성경/개역개정 구약성경/20 역사서/05 사무엘하/사무엘하 015장.md,http://www.holybible.or.kr/B_GAE/cgi/bibleftxt.php?VR=GAE&VL=10&CN=15&CV=99,37,a1ebd508bfe2e4ba3ab9a62524ec46fae98a06f60545776da9a1548149f7a7dc,6ec28a59aa2f0bb1e9ab288bcb9fb6044b092c6bfa306fe06b2391fc533d1e48,2026-08-17T12:51:26+00:00,ok
10 신앙·성경/성경/개역개정 구약성경/20 역사서/05 사무엘하/사무엘하 016장.md,http://www.holybible.or.kr/B_GAE/cgi/bibleftxt.php?VR=GAE&VL=10&CN=16&CV=99,23,d9c92350140b756b4f1c3256a66ed8a3b8e7f238d0f812244476bd0885b9b76c,3f93f7c9f229ef25adc0cc4271dfbd361a43c6c409656339143cfdab4f4bd0fa,2026-08-17T12:51:26+00:00,ok
10 신앙·성경/성경/개역개정 구약성경/20 역사서/05 사무엘하/사무엘하 017장.md,http://www.holybible.or.kr/B_GAE/cgi/bibleftxt.php?VR=GAE&VL=10&CN=17&CV=99,29,810508aa0f6d08e87b3fc1a47dcfc782bc3d9051b9137cad31c3f8c2b6a71fe2,b27350dee72de697a60a5f61e5ab87528ecdbe33159f020a706f351235fb7187,2026-08-17T12:51:26+00:00,ok
10 신앙·성경/성경/개역개정 구약성경/20 역사서/05 사무엘하/사무엘하 018장.md,http://www.holybible.or.kr/B_GAE/cgi/bibleftxt.php?VR=GAE&VL=10&CN=18&CV=99,33,e8b2d12c0eb223eaa3eb42b525a52056ceae969a6a60e850df0d8798028f965e,1367d259e0bc16279dcf7c5667ae6b0ab7b704a5c5b02ce841ac705134aeeb85,2026-08-17T12:51:26+00:00,ok
10 신앙·성경/성경/개역개정 구약성경/20 역사서/05 사무엘하/사무엘하 019장.md,http://www.holybible.or.kr/B_GAE/cgi/bibleftxt.php?VR=GAE&VL=10&CN=19&CV=99,43,e8eb3b35a0ea8bedd93914a3eed544d3852304b72a4ab00927006c4a8404d305,de2e9c66d25edcf2811c75cc7ffe54cd3c6cdecda917f77d76345724bb212d67,2026-08-17T12:51:26+00:00,ok
10 신앙·성경/성경/개역개정 구약성경/20 역사서/05 사무엘하/사무엘하 020장.md,http://www.holybible.or.kr/B_GAE/cgi/bibleftxt.php?VR=GAE&VL=10&CN=20&CV=99,26,0d0640c14497cca729f88f9fbb115beb58d6c80c1c7e4cca7d3e57d55a0d47ba,4930828b63f933d6b6b180a89e94cbcb04d457140032d58c088cfb21a00746f9,2026-08-17T12:51:26+00:00,ok
10 신앙·성경/성경/개역개정 구약성경/20 역사서/05 사무엘하/사무엘하 021장.md,http://www.holybible.or.kr/B_GAE/cgi/bibleftxt.php?VR=GAE&VL=10&CN=21&CV=99,22,6094290a10a19a5617b4ce55a1f3b35e35c40e97e48435b739f886e2941ec952,d3f23c979c16882b4969a1a8ddc9d867460e7f483430e0acc9a49880be0ae36b,2026-08-17T12:51:26+00:00,ok
10 신앙·성경/성경/개역개정 구약성경/20 역사서/05 사무엘하/사무엘하 022장.md,http://www.holybible.or.kr/B_GAE/cgi/bibleftxt.php?VR=GAE&VL=10&CN=22&CV=99,51,df705b828e26faac31ef32dae995e1f793fd05eccb218695cb39f0dc38d70cbb,2bb1df528dc443d4e3ed6b6a94979cb5f10ad8a34eb7b98fc89f539c485530a6,2026-08-17T12:51:26+00:00,ok
10 신앙·성경/성경/개역개정 구약성경/20 역사서/05 사무엘하/사무엘하 023장.md,http://www.holybible.or.kr/B_GAE/cgi/bibleftxt.php?VR=GAE&VL=10&CN=23&CV=99,39,749805365bdcb8085d8b13629681be68a6ce717b1da074cb43c2f407e771b03b,a22ee251e2b2df1fe7c6f1d1d734f05907c7f974fc82f5c02c9d6582e05a0194,2026-08-17T12:51:26+00:00,ok
10 신앙·성경/성경/개역개정 구약성경/20 역사서/05 사무엘하/사무엘하 024장.md,http://www.holybible.or.kr/B_GAE/cgi/bibleftxt.php?VR=GAE&VL=10&CN=24&CV=99,25,07fd098a1d854dbe7b69e466fa73fe63a3d60bb51fced28b4d1b24fb4f4b02fd,0c510ec286d66c92649b0858342e375e08e8b400f704e2a40036f862a9af6fe2,2026-08-17T12:51:26+00:00,ok
10 신앙·성경/성경/개역개정 구약성경/20 역사서/06 열왕기상/열왕기상 001장.md,http://www.holybible.or.kr/B_GAE/cgi/bibleftxt.php?VR=GAE&VL=11&CN=1&CV=99,53,8410fffa8ae313013673aa67091673eff10c1155f7ce0ca9710fd7c6f7f4b5ee,353d5dea7e4ca7e9fb2007b48beba7dade137395407364cc9bef49a9e7a942a6,2026-08-17T12:51:26+00:00,ok
10 신앙·성경/성경/개역개정 구약성경/20 역사서/06 열왕기상/열왕기상 002장.md,http://www.holybible.or.kr/B_GAE/cgi/bibleftxt.php?VR=GAE&VL=11&CN=2&CV=99,46,d05b82fd98ccf232049b7ec5d232b2b540c3130e486d670467b1dc9528b9db1e,463dcb501433735895c911cf36ef567450a8ec89649c4216d360c7920cf65a67,2026-08-17T12:51:26+00:00,ok
10 신앙·성경/성경/개역개정 구약성경/20 역사서/06 열왕기상/열왕기상 003장.md,http://www.holybible.or.kr/B_GAE/cgi/bibleftxt.php?VR=GAE&VL=11&CN=3&CV=99,28,04f312b8d6e0bc756de103a8dc6a1bae560ca63d98344432f049880c50fdded4,959964b93f137afd96dcdf1fd4a9b2c7f42224370d756ad7e2b400a376c9e8cf,2026-08-17T12:51:26+00:00,ok
10 신앙·성경/성경/개역개정 구약성경/20 역사서/06 열왕기상/열왕기상 004장.md,http://www.holybible.or.kr/B_GAE/cgi/bibleftxt.php?VR=GAE&VL=11&CN=4&CV=99,34,dabeae7875d697341aa9d5dad5ccd01d536f880abfc66d6e0fea120a0bc84cf6,60c536801d9411c49f85896f348afc3e2d4212e8d987a87e37d16ff708cf5fe6,2026-08-17T12:51:26+00:00,ok
10 신앙·성경/성경/개역개정 구약성경/20 역사서/06 열왕기상/열왕기상 005장.md,http://www.holybible.or.kr/B_GAE/cgi/bibleftxt.php?VR=GAE&VL=11&CN=5&CV=99,18,ae9bcf400721616c215b87f63ebe458315348802bd138e7e827c730b9d56afcb,e713da99f1e765c8c18690cd70688edcb95899c2823577a23d6a98a8c4801818,2026-08-17T12:51:26+00:00,ok
10 신앙·성경/성경/개역개정 구약성경/20 역사서/06 열왕기상/열왕기상 006장.md,http://www.holybible.or.kr/B_GAE/cgi/bibleftxt.php?VR=GAE&VL=11&CN=6&CV=99,38,038058a2eee3184aabec85b1f99b4194f879eb8bb76048ed9747d8a500170aa7,7dbf4dbee33386f550c6a13efd25ab1e631da3767be2336fad63a8218fe133f9,2026-08-17T12:51:26+00:00,ok
10 신앙·성경/성경/개역개정 구약성경/20 역사서/06 열왕기상/열왕기상 007장.md,http://www.holybible.or.kr/B_GAE/cgi/bibleftxt.php?VR=GAE&VL=11&CN=7&CV=99,51,ea0b29bceb5e5d8247ca5129034529fa6dfd9baff34f1062f46bbab2c94a090c,129e547f6ddfd8a6749556ecc32921ea49a5c575144d408aa006698f2e87233f,2026-08-17T12:51:26+00:00,ok
10 신앙·성경/성경/개역개정 구약성경/20 역사서/06 열왕기상/열왕기상 008장.md,http://www.holybible.or.kr/B_GAE/cgi/bibleftxt.php?VR=GAE&VL=11&CN=8&CV=99,66,40e6292fa07162d39310f0a1b73fafeafc631243f96cc6146724d17b77d226a1,8693c57ea8f0a2395c22326e00fbe972ab43998e6efd84e4150bc12debeed8b1,2026-08-17T12:51:26+00:00,ok
10 신앙·성경/성경/개역개정 구약성경/20 역사서/06 열왕기상/열왕기상 009장.md,http://www.holybible.or.kr/B_GAE/cgi/bibleftxt.php?VR=GAE&VL=11&CN=9&CV=99,28,ceaaaa52109c33ad197eae2d8e341e7873f0c0ce10c90433ff94889e7490beb4,f71eab3548133ffaba1e0f5f28716f6d3b19d9ebbe32affba4f6669fdf9108b4,2026-08-17T12:51:26+00:00,ok
10 신앙·성경/성경/개역개정 구약성경/20 역사서/06 열왕기상/열왕기상 010장.md,http://www.holybible.or.kr/B_GAE/cgi/bibleftxt.php?VR=GAE&VL=11&CN=10&CV=99,29,3bba1e8a6d3c2086b3a5dc4f540de278a2e1e979fc350a6d137d5bcb6c689af6,f81599fd99dfaf482b0a22ee954329101caee88247f733e9e100c92bb6a65f93,2026-08-17T12:51:26+00:00,ok
10 신앙·성경/성경/개역개정 구약성경/20 역사서/06 열왕기상/열왕기상 011장.md,http://www.holybible.or.kr/B_GAE/cgi/bibleftxt.php?VR=GAE&VL=11&CN=11&CV=99,43,9d8ab2bd38a219e00a92cacdb7000e0cae1d2c7188ba11aa11cd6f6514dbaf7a,d4f50ef8f6af631add54a456f81c786d3ce49c4214a30f9e63371b455056b583,2026-08-17T12:51:26+00:00,ok
10 신앙·성경/성경/개역개정 구약성경/20 역사서/06 열왕기상/열왕기상 012장.md,http://www.holybible.or.kr/B_GAE/cgi/bibleftxt.php?VR=GAE&VL=11&CN=12&CV=99,33,84ac81f6d45f516e73401f7c998bf7e8032e5505fa9f44ea10fb801790df8b65,7ea222b3722c7a95116e7fc30f74a8050a775fbaec35bf857a0eca7589518d86,2026-08-17T12:51:26+00:00,ok
10 신앙·성경/성경/개역개정 구약성경/20 역사서/06 열왕기상/열왕기상 013장.md,http://www.holybible.or.kr/B_GAE/cgi/bibleftxt.php?VR=GAE&VL=11&CN=13&CV=99,34,2facb046427c59a7c20bcc1ea62ff5eb4c175bb8f58fc1bd030f677437817207,143a73d27e8a5c2cbbd24d67ebc3481add5b68c7adcdf7101551cc16e6dbad7a,2026-08-17T12:51:26+00:00,ok
10 신앙·성경/성경/개역개정 구약성경/20 역사서/06 열왕기상/열왕기상 014장.md,http://www.holybible.or.kr/B_GAE/cgi/bibleftxt.php?VR=GAE&VL=11&CN=14&CV=99,31,abec56c5033eb24c76fdb1e08cb5414265e9b913b0800c03335d6573a387ad70,1e8f628b7927a6ca3c8f919fb2ffc78f81c4a2dc10a413f978a554f005d74cfc,2026-08-17T12:51:26+00:00,ok
10 신앙·성경/성경/개역개정 구약성경/20 역사서/06 열왕기상/열왕기상 015장.md,http://www.holybible.or.kr/B_GAE/cgi/bibleftxt.php?VR=GAE&VL=11&CN=15&CV=99,34,d26dd802f4d8ab89a450f9ecdc3393fb0db460fdff76ddf1334875fa3d4eba23,0b8615a5a6e9abd998ca77eb314435a562ff165572fcbf696aaadfe6a2de612d,2026-08-17T12:51:26+00:00,ok
10 신앙·성경/성경/개역개정 구약성경/20 역사서/06 열왕기상/열왕기상 016장.md,http://www.holybible.or.kr/B_GAE/cgi/bibleftxt.php?VR=GAE&VL=11&CN=16&CV=99,34,200a9dd6e7ca29add20aa66f55f69e7a150c838fd2870094292e6ac0afa76b45,380ad4a983b5b835c644d2a9510c59aa9a34361f3488889d4f8c3c8ac54456b2,2026-08-17T12:51:26+00:00,ok
10 신앙·성경/성경/개역개정 구약성경/20 역사서/06 열왕기상/열왕기상 017장.md,http://www.holybible.or.kr/B_GAE/cgi/bibleftxt.php?VR=GAE&VL=11&CN=17&CV=99,24,c9bfe17acf9a0b25daef2b084e730e6cd0a1f5a77851ccd07e3447525cc51ef2,1cb6493fc39314aa51582675c5d652c721dcd36c43e4968cd7ab831d1b673bba,2026-08-17T12:51:26+00:00,ok
10 신앙·성경/성경/개역개정 구약성경/20 역사서/06 열왕기상/열왕기상 018장.md,http://www.holybible.or.kr/B_GAE/cgi/bibleftxt.php?VR=GAE&VL=11&CN=18&CV=99,46,bfb516e26580e13d5085e7d9ab1f1bdc8418309ac17fdf76a7819ffcb37b90aa,f36582aad50de712d346efe1c5cbb3a62618d2afad06d1bad2cb2c010b9e58e5,2026-08-17T12:51:26+00:00,ok
10 신앙·성경/성경/개역개정 구약성경/20 역사서/06 열왕기상/열왕기상 019장.md,http://www.holybible.or.kr/B_GAE/cgi/bibleftxt.php?VR=GAE&VL=11&CN=19&CV=99,21,5ea8c93cf4955519819ad0a5b94afbf397577e58fa01f80e26d815cd67933c2b,7572e95a5c93e653d414268016557e24a7ed392d85a79642ea6155e91652708c,2026-08-17T12:51:26+00:00,ok
10 신앙·성경/성경/개역개정 구약성경/20 역사서/06 열왕기상/열왕기상 020장.md,http://www.holybible.or.kr/B_GAE/cgi/bibleftxt.php?VR=GAE&VL=11&CN=20&CV=99,43,2281dbf281c9c041add34daa09bdc3c044cd2ed5a2345e1225f4f311fd2d54f4,7fe2348acd287960f80c4c8b2f43e1d41acb23390d8d76b5c98af8579681a73c,2026-08-17T12:51:26+00:00,ok
10 신앙·성경/성경/개역개정 구약성경/20 역사서/06 열왕기상/열왕기상 021장.md,http://www.holybible.or.kr/B_GAE/cgi/bibleftxt.php?VR=GAE&VL=11&CN=21&CV=99,29,49c7c20b44b771045475385ca8740cf0b071a3da5008a3c3e2c8754733645219,6b67cfb3517219e45daf3129675e73690925bdb4b220d79c63b733fed6896cb6,2026-08-17T12:51:26+00:00,ok
10 신앙·성경/성경/개역개정 구약성경/20 역사서/06 열왕기상/열왕기상 022장.md,http://www.holybible.or.kr/B_GAE/cgi/bibleftxt.php?VR=GAE&VL=11&CN=22&CV=99,53,bdc076e0789a5f52fe9e76f22ac5e1bfbae4a78ee625a88a588822daef9b9728,fde0db77536d4a432095eb4f9f6dbccbcb125513d3d80108f190959fc131d842,2026-08-17T12:51:26+00:00,ok
10 신앙·성경/성경/개역개정 구약성경/20 역사서/07 열왕기하/열왕기하 001장.md,http://www.holybible.or.kr/B_GAE/cgi/bibleftxt.php?VR=GAE&VL=12&CN=1&CV=99,18,0d661abf29cbc354734d2d7372fde2e236b1dd750c8ad9193cde8d0e0e1f608d,5abc7b5131127b38363963bf8b71170c2c197b4157023ef70324930036e349e2,2026-08-17T12:51:26+00:00,ok
10 신앙·성경/성경/개역개정 구약성경/20 역사서/07 열왕기하/열왕기하 002장.md,http://www.holybible.or.kr/B_GAE/cgi/bibleftxt.php?VR=GAE&VL=12&CN=2&CV=99,25,4a7adac1a1a4c656f51323c9b58b088802d3c400ad20134632d86a60cf19b614,a6bfb6797c24fbe938ab0a301a3edff4e4b1aed73837a64419ac3c43aefc76c3,2026-08-17T12:51:26+00:00,ok
10 신앙·성경/성경/개역개정 구약성경/20 역사서/07 열왕기하/열왕기하 003장.md,http://www.holybible.or.kr/B_GAE/cgi/bibleftxt.php?VR=GAE&VL=12&CN=3&CV=99,27,be34f5f21a48b6c0140c8440656dcd6ea03e361a66c94e551c2d1575b2deb1a9,ebf44cb85e32e0e64a011213df50563c8d51178b472249697f32492ebc93e9f9,2026-08-17T12:51:26+00:00,ok
10 신앙·성경/성경/개역개정 구약성경/20 역사서/07 열왕기하/열왕기하 004장.md,http://www.holybible.or.kr/B_GAE/cgi/bibleftxt.php?VR=GAE&VL=12&CN=4&CV=99,44,c82cf75d2d7e3e443473d1497ca304e12b04745f9208bbb9d69ecc912a7a017d,df021f14718dc995b6b9332e81e17ac262f830e87c2e8615d21038eea08e575d,2026-08-17T12:51:26+00:00,ok
10 신앙·성경/성경/개역개정 구약성경/20 역사서/07 열왕기하/열왕기하 005장.md,http://www.holybible.or.kr/B_GAE/cgi/bibleftxt.php?VR=GAE&VL=12&CN=5&CV=99,27,bc44960b9d6204030ff34fefc61ae459252608d7aad017c87b39a96e2b5e0f9d,79fe31a8b839beb5d60ec6a541b8a106d5cd5074291209c9a2b74b9b2426d118,2026-08-17T12:51:26+00:00,ok
10 신앙·성경/성경/개역개정 구약성경/20 역사서/07 열왕기하/열왕기하 006장.md,http://www.holybible.or.kr/B_GAE/cgi/bibleftxt.php?VR=GAE&VL=12&CN=6&CV=99,33,bd037880d30c9fc83cc966970ade76ca1a504488cf6c5f8f93427fd0c4d1a5cc,5c307c6c8bc512f57a3802cf2084a1efd6d10b0453d37126a8ddd8bfaadaf264,2026-08-17T12:51:26+00:00,ok
10 신앙·성경/성경/개역개정 구약성경/20 역사서/07 열왕기하/열왕기하 007장.md,http://www.holybible.or.kr/B_GAE/cgi/bibleftxt.php?VR=GAE&VL=12&CN=7&CV=99,20,26f3c550fb27138bb8b42d83f804680002ba111bf8c0f75282f343ebcca33349,631f928b6734d9a9844f24618cc89612794115d33bd77c127cde5384c4284e9f,2026-08-17T12:51:26+00:00,ok
10 신앙·성경/성경/개역개정 구약성경/20 역사서/07 열왕기하/열왕기하 008장.md,http://www.holybible.or.kr/B_GAE/cgi/bibleftxt.php?VR=GAE&VL=12&CN=8&CV=99,29,a64fcd56b84fe0fe365d1e4aa14f9c441a2248cfe5fd6c0893a7a76f1288bc14,9d08937f3234e0bc695689a2de6ed6aaf6b7dbb1db35a1b2f19833034d87e8f9,2026-08-17T12:51:26+00:00,ok
10 신앙·성경/성경/개역개정 구약성경/20 역사서/07 열왕기하/열왕기하 009장.md,http://www.holybible.or.kr/B_GAE/cgi/bibleftxt.php?VR=GAE&VL=12&CN=9&CV=99,37,d74ba22ead1c970a4608e0cab003916a803db1d3ca5018e0644c70749fc3126b,92b0aeecd7066f1187a6ce41bd09853d5eba5a899dede4b33cd0922f3ccfc89d,2026-08-17T12:51:26+00:00,ok
10 신앙·성경/성경/개역개정 구약성경/20 역사서/07 열왕기하/열왕기하 010장.md,http://www.holybible.or.kr/B_GAE/cgi/bibleftxt.php?VR=GAE&VL=12&CN=10&CV=99,36,e1d6a1c879a63f5185a1923284eb170695f870c85f737c368f1fed87ebb4ccfd,9234165a325daaf9258acd6c6e02ffbea9c07beaf1e4d9ad67fc0cd30fbd5eb6,2026-08-17T12:51:26+00:00,ok
10 신앙·성경/성경/개역개정 구약성경/20 역사서/07 열왕기하/열왕기하 011장.md,http://www.holybible.or.kr/B_GAE/cgi/bibleftxt.php?VR=GAE&VL=12&CN=11&CV=99,21,9bd2f950cdc00b439380b753970b8585b5774ec6e6be7261e6128b981dce48bb,dbd90a3b7544d45c4f6bc0c68133b4840cb9a6bf9222163cc535414704a8ffa6,2026-08-17T12:51:26+00:00,ok
10 신앙·성경/성경/개역개정 구약성경/20 역사서/07 열왕기하/열왕기하 012장.md,http://www.holybible.or.kr/B_GAE/cgi/bibleftxt.php?VR=GAE&VL=12&CN=12&CV=99,21,7a27424dc0420cb33a3ca1eb13bc65ae024fa848a015cad343d9d32b5b306dc1,b09c07d59dd210fd6c27629671efa0b96b828cda93f12e1ac3b3f529e8172cad,2026-08-17T12:51:26+00:00,ok
10 신앙·성경/성경/개역개정 구약성경/20 역사서/07 열왕기하/열왕기하 013장.md,http://www.holybible.or.kr/B_GAE/cgi/bibleftxt.php?VR=GAE&VL=12&CN=13&CV=99,25,30b067fd7bfff19ae79fc2821f677e0de87f1f1923a4611d2743dc9a34dcb58c,86b4e1c1aa9eeaadb7e6d0feb1bcc4a73ed67314b6a03931cd9cb4c64c20afef,2026-08-17T12:51:26+00:00,ok
10 신앙·성경/성경/개역개정 구약성경/20 역사서/07 열왕기하/열왕기하 014장.md,http://www.holybible.or.kr/B_GAE/cgi/bibleftxt.php?VR=GAE&VL=12&CN=14&CV=99,29,074e2373dd7b82a7e743f5eb938b3fadc27895201d3921be8853d7dc48a912b4,bdc1d27d98a998d08b4ad8af9872aa961d5065334be05ad7fd1de009f36eedef,2026-08-17T12:51:26+00:00,ok
10 신앙·성경/성경/개역개정 구약성경/20 역사서/07 열왕기하/열왕기하 015장.md,http://www.holybible.or.kr/B_GAE/cgi/bibleftxt.php?VR=GAE&VL=12&CN=15&CV=99,38,5ca305fa29eed6af344b56d8f495c66cccda7320d4a3e9ca3ce6b0b53a1a33fc,76bd19567cbe0cfd453d4b8e177f1e5c8822c6bd888a8a7bf6f10d97fc15f6b6,2026-08-17T12:51:26+00:00,ok
10 신앙·성경/성경/개역개정 구약성경/20 역사서/07 열왕기하/열왕기하 016장.md,http://www.holybible.or.kr/B_GAE/cgi/bibleftxt.php?VR=GAE&VL=12&CN=16&CV=99,20,f2c01ca7529086e22c8e7c962e81e1d601b7253f2c433a950831f9ad18cfdddb,f85badfbbf2d5ffc94422fde5774ce7df1701c3ca6a156037353f9164657834b,2026-08-17T12:51:26+00:00,ok
10 신앙·성경/성경/개역개정 구약성경/20 역사서/07 열왕기하/열왕기하 017장.md,http://www.holybible.or.kr/B_GAE/cgi/bibleftxt.php?VR=GAE&VL=12&CN=17&CV=99,41,3a82d01712dbb2e153d3b3fbd389a5db90c5df6701c9bb9e0c4bbdade2674ebf,6c7b29a22134ae89f3e814058fa79385b59db835bde64684a0a1dd633c609223,2026-08-17T12:51:26+00:00,ok
10 신앙·성경/성경/개역개정 구약성경/20 역사서/07 열왕기하/열왕기하 018장.md,http://www.holybible.or.kr/B_GAE/cgi/bibleftxt.php?VR=GAE&VL=12&CN=18&CV=99,37,0486a95db91929f9b3458699eb6733845ebce7e51872d22250e50c50647d07fe,9878cb6050bdc32bb76ca5f5ae81a6a3dbe0d13e5525c17b8fd717fd10d5b523,2026-08-17T12:51:26+00:00,ok
10 신앙·성경/성경/개역개정 구약성경/20 역사서/07 열왕기하/열왕기하 019장.md,http://www.holybible.or.kr/B_GAE/cgi/bibleftxt.php?VR=GAE&VL=12&CN=19&CV=99,37,40c6d4b3a57cb676a868c988c203ca58ad7a511f1960516d18d11d1027058f3b,077b01248b18371b50c3edcd77caaba1451f8f1b57caa294afb7670e71648943,2026-08-17T12:51:26+00:00,ok
10 신앙·성경/성경/개역개정 구약성경/20 역사서/07 열왕기하/열왕기하 020장.md,http://www.holybible.or.kr/B_GAE/cgi/bibleftxt.php?VR=GAE&VL=12&CN=20&CV=99,21,e52ad107721ce7b8af9e93b93b946aec887595fa6b8c1fc5961f779950d32568,0327bc12b916b06e4d9306284c39661683a19e3ad45cbac4483a4b7be580e376,2026-08-17T12:51:26+00:00,ok
10 신앙·성경/성경/개역개정 구약성경/20 역사서/07 열왕기하/열왕기하 021장.md,http://www.holybible.or.kr/B_GAE/cgi/bibleftxt.php?VR=GAE&VL=12&CN=21&CV=99,26,29e7d9333d10982277910addf160648d5fddd0ad28065dbe0bff742ec13f6554,780405fab14e71cd96f27856ddb4e65e1faa3470a5bb2b31177dd682236efe39,2026-08-17T12:51:26+00:00,ok
10 신앙·성경/성경/개역개정 구약성경/20 역사서/07 열왕기하/열왕기하 022장.md,http://www.holybible.or.kr/B_GAE/cgi/bibleftxt.php?VR=GAE&VL=12&CN=22&CV=99,20,a7f8ef1560468159b9d4b31b35558dc8a36eebe703b676de4e57922859812e77,8b8b5741ae18f57a037c438786d1480b972920d892962e5d5cca8c66fe7aa778,2026-08-17T12:51:26+00:00,ok
10 신앙·성경/성경/개역개정 구약성경/20 역사서/07 열왕기하/열왕기하 023장.md,http://www.holybible.or.kr/B_GAE/cgi/bibleftxt.php?VR=GAE&VL=12&CN=23&CV=99,37,7d946d0f03b104a4635b32b34d11c3d8bb4f92f8550dd10ac2a295f848cfc90a,54dfbc1d6a46260490d28aa9caa0fe986304407e8fcd9e563aa0a7c621594d7f,2026-08-17T12:51:26+00:00,ok
10 신앙·성경/성경/개역개정 구약성경/20 역사서/07 열왕기하/열왕기하 024장.md,http://www.holybible.or.kr/B_GAE/cgi/bibleftxt.php?VR=GAE&VL=12&CN=24&CV=99,20,ae44c7b22afd33e09f1f2eca3ee69e6ca3455a7ddf05d7050c51b8650b228b3c,8491ddd58538553e7371dd425545a8543b142447eb03ab39e4e8cae6f6ad4b68,2026-08-17T12:51:26+00:00,ok
10 신앙·성경/성경/개역개정 구약성경/20 역사서/07 열왕기하/열왕기하 025장.md,http://www.holybible.or.kr/B_GAE/cgi/bibleftxt.php?VR=GAE&VL=12&CN=25&CV=99,30,e720b8be8572926519bc2cffe016018dc6abaaae4ee22a4ebab0a9c6f951cc39,d5750d1a3890bc53279379b2f6dadd86755d904a044a119ee52056e0540f2149,2026-08-17T12:51:26+00:00,ok
10 신앙·성경/성경/개역개정 구약성경/20 역사서/08 역대상/역대상 001장.md,http://www.holybible.or.kr/B_GAE/cgi/bibleftxt.php?VR=GAE&VL=13&CN=1&CV=99,54,c26ee0986029e0165b6b0850dad8989a9f934e5957b5c22ecefbfb0cc70b1824,4688c01de682749e55ea10096aecadb24a6d56c61f3a11c417e3c64bf88c8340,2026-08-17T12:51:26+00:00,ok
10 신앙·성경/성경/개역개정 구약성경/20 역사서/08 역대상/역대상 002장.md,http://www.holybible.or.kr/B_GAE/cgi/bibleftxt.php?VR=GAE&VL=13&CN=2&CV=99,55,76e6d8a35d1cd21294b22bfcc939612b21ce4aea5a431709ece65d6d5f65428f,acd64e2207c34758a0adbcd430f25830304746399c3ed2d60289fc9451915f9d,2026-08-17T12:51:26+00:00,ok
10 신앙·성경/성경/개역개정 구약성경/20 역사서/08 역대상/역대상 003장.md,http://www.holybible.or.kr/B_GAE/cgi/bibleftxt.php?VR=GAE&VL=13&CN=3&CV=99,24,dfdab9dc9477b79c5c4a835cbc5dd2709f60d2b3f5c9e0736d48e117aa6297b5,3985ed659afbfca1bfd7e0f195238718050e611aec8ed084b8fa54e089020279,2026-08-17T12:51:26+00:00,ok
10 신앙·성경/성경/개역개정 구약성경/20 역사서/08 역대상/역대상 004장.md,http://www.holybible.or.kr/B_GAE/cgi/bibleftxt.php?VR=GAE&VL=13&CN=4&CV=99,43,09528f4e1bc876a87c9ecfaf712ab0d6e203374b048c83cb2b054ab71942b066,ac7fae4623b4ebf38cae50a779dd14c91f012013368d24b1794cedf7f7e006d7,2026-08-17T12:51:26+00:00,ok
10 신앙·성경/성경/개역개정 구약성경/20 역사서/08 역대상/역대상 005장.md,http://www.holybible.or.kr/B_GAE/cgi/bibleftxt.php?VR=GAE&VL=13&CN=5&CV=99,26,bb8f62a79acaa4d71ef12e80c2ed37ce1912351272af52fb2e88d0479c15fc02,c5cc9c0eea7039ee8bd515129f186a1f91273e55edcf758ddfae5f6fb03e3440,2026-08-17T12:51:26+00:00,ok
10 신앙·성경/성경/개역개정 구약성경/20 역사서/08 역대상/역대상 006장.md,http://www.holybible.or.kr/B_GAE/cgi/bibleftxt.php?VR=GAE&VL=13&CN=6&CV=99,81,1b1c65ea23d8aa6a37a53302f20bb590666fcbff10d19f7adbe3375554806dc8,1ce7f0f0c0dc603809e366a76a234292587c027e97f89abbf20bc5f6e95ac4ba,2026-08-17T12:51:26+00:00,ok
10 신앙·성경/성경/개역개정 구약성경/20 역사서/08 역대상/역대상 007장.md,http://www.holybible.or.kr/B_GAE/cgi/bibleftxt.php?VR=GAE&VL=13&CN=7&CV=99,40,d83017a60bb3911c2c0be71ca87a60d31d8a39b1b8416093c5f34a98dfff3c09,ca8b8e19f8e602e9caf882a12262b08dd4e668355d6aed6f51a5afa748b0bcd7,2026-08-17T12:51:26+00:00,ok
10 신앙·성경/성경/개역개정 구약성경/20 역사서/08 역대상/역대상 008장.md,http://www.holybible.or.kr/B_GAE/cgi/bibleftxt.php?VR=GAE&VL=13&CN=8&CV=99,40,60d01da4f1fa1b739066d397b2b21c7fdcee9b535be6b2ac4243e4de87910938,6a329edfd93c19d9fe0cc15371da42e486ba7add900e07116974701db6fd680a,2026-08-17T12:51:26+00:00,ok
10 신앙·성경/성경/개역개정 구약성경/20 역사서/08 역대상/역대상 009장.md,http://www.holybible.or.kr/B_GAE/cgi/bibleftxt.php?VR=GAE&VL=13&CN=9&CV=99,44,e73d132f675a8471cd795e4527a565de7ae3deb6b8a796c86f84bca1bfbfe40d,06dceef588c8fd95ebc877e0a2eab54640f9c42515758afc27b7a7793ef89488,2026-08-17T12:51:26+00:00,ok
10 신앙·성경/성경/개역개정 구약성경/20 역사서/08 역대상/역대상 010장.md,http://www.holybible.or.kr/B_GAE/cgi/bibleftxt.php?VR=GAE&VL=13&CN=10&CV=99,14,3b619f9253e0f9ba992f04824fbc090629910671d72259628c9547bcc53a7777,afb6280b9f63e454ede90fcedf59373e27e95cf1d84dce8925c4fdf8d91d641b,2026-08-17T12:51:26+00:00,ok
10 신앙·성경/성경/개역개정 구약성경/20 역사서/08 역대상/역대상 011장.md,http://www.holybible.or.kr/B_GAE/cgi/bibleftxt.php?VR=GAE&VL=13&CN=11&CV=99,47,5bd46163bc2902e70048b6d957ac6e5c1382ca5df141d089e4519e5d5b996c2b,c4dbe1527df749dfd2e198e6309cd7699ca7575103c09d73251024ab33bd5804,2026-08-17T12:51:26+00:00,ok
10 신앙·성경/성경/개역개정 구약성경/20 역사서/08 역대상/역대상 012장.md,http://www.holybible.or.kr/B_GAE/cgi/bibleftxt.php?VR=GAE&VL=13&CN=12&CV=99,40,c36e61aee0a194d24709e6db93d51d001a91ebfa68df82cb1d89b23b11e1fe26,d971c4994e916a67a64540e44aaa383f19d9fa0e3b571b35943dd763d83864b5,2026-08-17T12:51:26+00:00,ok
10 신앙·성경/성경/개역개정 구약성경/20 역사서/08 역대상/역대상 013장.md,http://www.holybible.or.kr/B_GAE/cgi/bibleftxt.php?VR=GAE&VL=13&CN=13&CV=99,14,ce1e137381951bf7b05b1ab7fea11f0713046faa0828fdc3c0fd0674d685ec62,a8250b431b447714ef7915d1625b6c5b11efb7ee09823148c5645efaf4fb81f0,2026-08-17T12:51:26+00:00,ok
10 신앙·성경/성경/개역개정 구약성경/20 역사서/08 역대상/역대상 014장.md,http://www.holybible.or.kr/B_GAE/cgi/bibleftxt.php?VR=GAE&VL=13&CN=14&CV=99,17,b74787ddfe9b7b74122b75c5c76cccacd9bcea8e9a57b25a9af2710adda8c78c,2b2844c5dd0c71000ba9911f6a09e430d7558eba3fe48e2aa9387960b1d090ee,2026-08-17T12:51:26+00:00,ok
10 신앙·성경/성경/개역개정 구약성경/20 역사서/08 역대상/역대상 015장.md,http://www.holybible.or.kr/B_GAE/cgi/bibleftxt.php?VR=GAE&VL=13&CN=15&CV=99,29,5ed84e0ce7e2d98011a43a44f3d6ca0fb3eacaa9feae71a609d11cea038ee4cd,fc3c47afed2808927ecbdec95d315215c4499c8dd4300ddd89a474dcb19c426e,2026-08-17T12:51:26+00:00,ok
10 신앙·성경/성경/개역개정 구약성경/20 역사서/08 역대상/역대상 016장.md,http://www.holybible.or.kr/B_GAE/cgi/bibleftxt.php?VR=GAE&VL=13&CN=16&CV=99,42,1da01b84ca43f7f8b6513ba17870baafaacf92aba23f023da02bbd0919ee6331,e65f1656804ec7e089c4a2bec6503ec1aa742a158ab93b117ea84d65a75d827e,2026-08-17T12:51:26+00:00,ok
10 신앙·성경/성경/개역개정 구약성경/20 역사서/08 역대상/역대상 017장.md,http://www.holybible.or.kr/B_GAE/cgi/bibleftxt.php?VR=GAE&VL=13&CN=17&CV=99,27,02944fc9796fafd0d6e4f0d2ff4076d9419938bda948047625d4a08a14be06cc,da5f9e8647990e4e1eac159a0a65438ed0abb34129b8f21153948b162cc1b681,2026-08-17T12:51:26+00:00,ok
10 신앙·성경/성경/개역개정 구약성경/20 역사서/08 역대상/역대상 018장.md,http://www.holybible.or.kr/B_GAE/cgi/bibleftxt.php?VR=GAE&VL=13&CN=18&CV=99,17,6c488459e99ed65c9592c9de1b8b6fa5d6e8025ac8c406eb1e300823b7df9302,920c6d5be74552cd93a557dad2e33f8264660110c7647a44ac371b68c7309d3a,2026-08-17T12:51:26+00:00,ok
10 신앙·성경/성경/개역개정 구약성경/20 역사서/08 역대상/역대상 019장.md,http://www.holybible.or.kr/B_GAE/cgi/bibleftxt.php?VR=GAE&VL=13&CN=19&CV=99,19,df94d9e71d2ca82109179582f3885c90762fc68a9a5c0472c1922b64af61f79f,8ab0a80fb2b5431d1f2f816329f8c9eb2f63f4862896fafa841e40694a878066,2026-08-17T12:51:26+00:00,ok
10 신앙·성경/성경/개역개정 구약성경/20 역사서/08 역대상/역대상 020장.md,http://www.holybible.or.kr/B_GAE/cgi/bibleftxt.php?VR=GAE&VL=13&CN=20&CV=99,8,479868c00ab5491b0c7e30984efbeac5bef0e5deb2862ead1fd072cf0868356f,1ba3274fdefdb7ba31cde69ccfce9f587048f066a9bfc14460d82b877683a155,2026-08-17T12:51:26+00:00,ok
10 신앙·성경/성경/개역개정 구약성경/20 역사서/08 역대상/역대상 021장.md,http://www.holybible.or.kr/B_GAE/cgi/bibleftxt.php?VR=GAE&VL=13&CN=21&CV=99,30,e63a19bd2061f429441011bebc8febcc49ab5bcdcdbf3ee1e968fe779daf0522,275f3930d7a46c7e1acf5f097e783f3a2e0ac605b66dff8c03302c27ef210288,2026-08-17T12:51:26+00:00,ok
10 신앙·성경/성경/개역개정 구약성경/20 역사서/08 역대상/역대상 022장.md,http://www.holybible.or.kr/B_GAE/cgi/bibleftxt.php?VR=GAE&VL=13&CN=22&CV=99,19,a7a9c796f40bf01c71f9ed7125f10a26ae1800642a6a10d8335fbe88eba12dbe,01a5a6ed3fee25efb440adb32621a30d254ea9d4e7fff5c6d47519174496b317,2026-08-17T12:51:26+00:00,ok
10 신앙·성경/성경/개역개정 구약성경/20 역사서/08 역대상/역대상 023장.md,http://www.holybible.or.kr/B_GAE/cgi/bibleftxt.php?VR=GAE&VL=13&CN=23&CV=99,32,0d52fcc0e87077613aff16ce6d157d8a2a7e590e840113daf06546e0502d08dc,4512dca08afd034699fdf096024a9a36874727ce4cfe48620fe67b31e9ba97b3,2026-08-17T12:51:26+00:00,ok
10 신앙·성경/성경/개역개정 구약성경/20 역사서/08 역대상/역대상 024장.md,http://www.holybible.or.kr/B_GAE/cgi/bibleftxt.php?VR=GAE&VL=13&CN=24&CV=99,31,5cfaf19e9e2f34a58bf351aa21c27059734ce647d2a671881b45e293a75561ea,669f92bcd09b2a724fd620308d53ecf180bdac3bca98c89d5dbf45b84336f247,2026-08-17T12:51:26+00:00,ok
10 신앙·성경/성경/개역개정 구약성경/20 역사서/08 역대상/역대상 025장.md,http://www.holybible.or.kr/B_GAE/cgi/bibleftxt.php?VR=GAE&VL=13&CN=25&CV=99,31,aef17eac5b3e24be18fc81e75a9fdf7e6ffde9c0a93577593dcb32eb9874621a,7748ca91141ab0579f533337a424fce9cf60bd53c81e4e52d145b6dc0a78f11c,2026-08-17T12:51:26+00:00,ok
10 신앙·성경/성경/개역개정 구약성경/20 역사서/08 역대상/역대상 026장.md,http://www.holybible.or.kr/B_GAE/cgi/bibleftxt.php?VR=GAE&VL=13&CN=26&CV=99,32,0d1c4202a23615f680f7d472f2e218a0685b5f0bd583e749461d28f043498931,e6429d910cb73c9eff9b181414d41e9f3ac803290947ab80498e1b4a004180fb,2026-08-17T12:51:26+00:00,ok
10 신앙·성경/성경/개역개정 구약성경/20 역사서/08 역대상/역대상 027장.md,http://www.holybible.or.kr/B_GAE/cgi/bibleftxt.php?VR=GAE&VL=13&CN=27&CV=99,34,e12b88823c39fcd7f59ecde0cd798b0484a84bc0aa7841133ae18b58d65176a9,551e3560853f364a5091f894fb56b74520b2709e3dd5b203956609f4becfe078,2026-08-17T12:51:26+00:00,ok
10 신앙·성경/성경/개역개정 구약성경/20 역사서/08 역대상/역대상 028장.md,http://www.holybible.or.kr/B_GAE/cgi/bibleftxt.php?VR=GAE&VL=13&CN=28&CV=99,21,b13514c95c1898ea18a9806030a4fab1028847e28a1fc16f501761add145a57f,7e15137107c484a3f61274a78d12b9024b23d7d2d091b446ea10d552fe609818,2026-08-17T12:51:26+00:00,ok
10 신앙·성경/성경/개역개정 구약성경/20 역사서/08 역대상/역대상 029장.md,http://www.holybible.or.kr/B_GAE/cgi/bibleftxt.php?VR=GAE&VL=13&CN=29&CV=99,30,cebf81cff33b8b9aea62b51332f52c264503a4b58bd59241ac22971f9f5574ed,a0f5fab040f599ec4e1a5867eeefe3e5b87571ba89108bb88046bd1fb38c21c2,2026-08-17T12:51:26+00:00,ok
10 신앙·성경/성경/개역개정 구약성경/20 역사서/09 역대하/역대하 001장.md,http://www.holybible.or.kr/B_GAE/cgi/bibleftxt.php?VR=GAE&VL=14&CN=1&CV=99,17,0d5091e02e6d4b7cdf070d16926cad8340e006dadee9e8b675f09d78b8e6b153,76ffb6b79dcbeff6e5717219a5f95f673024140d8074c1e5ad9a7ea4509dfad4,2026-08-17T12:51:26+00:00,ok
10 신앙·성경/성경/개역개정 구약성경/20 역사서/09 역대하/역대하 002장.md,http://www.holybible.or.kr/B_GAE/cgi/bibleftxt.php?VR=GAE&VL=14&CN=2&CV=99,18,42b3091ad68c34c186a7cdb5ce104b8aec676dcad4362add0fbf1ef664db8c66,ba3e0ff6a243782cf4193357be489b7efe84116654aca04a437949cc2156b23d,2026-08-17T12:51:26+00:00,ok
10 신앙·성경/성경/개역개정 구약성경/20 역사서/09 역대하/역대하 003장.md,http://www.holybible.or.kr/B_GAE/cgi/bibleftxt.php?VR=GAE&VL=14&CN=3&CV=99,17,3446b7edcca73dd2a296bd90e2c3336b9b91757471d44d8fc690a0f60c8b37bd,ced8ef0e2276012ecc121a03d264d70453eab987ec066d1b715c2b8f2c34b308,2026-08-17T12:51:26+00:00,ok
10 신앙·성경/성경/개역개정 구약성경/20 역사서/09 역대하/역대하 004장.md,http://www.holybible.or.kr/B_GAE/cgi/bibleftxt.php?VR=GAE&VL=14&CN=4&CV=99,22,5f2f5d7e24ceb9ae88677d84b14a187522fd79b68908fc217a90b42c6b168932,921d102d6a7dde508532a2a5f47e16c48c0eef4bcdcd797a5b9b590daaae47d9,2026-08-17T12:51:26+00:00,ok
10 신앙·성경/성경/개역개정 구약성경/20 역사서/09 역대하/역대하 005장.md,http://www.holybible.or.kr/B_GAE/cgi/bibleftxt.php?VR=GAE&VL=14&CN=5&CV=99,14,cdb2586b3d600ef7407175d68bac038b6887279fd6393aa453c65bbae8b2a042,8408adb40820bb8c667dd115423ae084b77b9dcc6379d36d40169ecf57bf0553,2026-08-17T12:51:26+00:00,ok
10 신앙·성경/성경/개역개정 구약성경/20 역사서/09 역대하/역대하 006장.md,http://www.holybible.or.kr/B_GAE/cgi/bibleftxt.php?VR=GAE&VL=14&CN=6&CV=99,42,c8c07ecd993f76f740ddc4f115ad084d4001497f84f8c5bd7115fc36b71a3c62,02b6e3a0abc947096262db2c3b811da25e6568647560d751d71b857a6a80972d,2026-08-17T12:51:26+00:00,ok
10 신앙·성경/성경/개역개정 구약성경/20 역사서/09 역대하/역대하 007장.md,http://www.holybible.or.kr/B_GAE/cgi/bibleftxt.php?VR=GAE&VL=14&CN=7&CV=99,22,93dded58e63fb2bbcec43a01083bdbfbad1d015547d63f9c9f9cfd017030dad7,6fc0caa91941e743b13564a1714ec505224bf3c1685084f1a88a27f562e9382f,2026-08-17T12:51:26+00:00,ok
10 신앙·성경/성경/개역개정 구약성경/20 역사서/09 역대하/역대하 008장.md,http://www.holybible.or.kr/B_GAE/cgi/bibleftxt.php?VR=GAE&VL=14&CN=8&CV=99,18,fb74d89d2439c4fc10cfe13d81e5a6fc606d2cc8bea9860316968a302282b7cd,708bdff77a101001d0ea636ebdea97ee702e0d9e55e53995690928755cb114c6,2026-08-17T12:51:26+00:00,ok
10 신앙·성경/성경/개역개정 구약성경/20 역사서/09 역대하/역대하 009장.md,http://www.holybible.or.kr/B_GAE/cgi/bibleftxt.php?VR=GAE&VL=14&CN=9&CV=99,31,425665a0f7a10a53322807da72d15aac093c2f574ad92b664e538dcd204dcc2f,9ebdc3186f20178b69bd4bbd7c85f3f645b05e15723f4fcf9640f8c26e6a2f53,2026-08-17T12:51:26+00:00,ok
10 신앙·성경/성경/개역개정 구약성경/20 역사서/09 역대하/역대하 010장.md,http://www.holybible.or.kr/B_GAE/cgi/bibleftxt.php?VR=GAE&VL=14&CN=10&CV=99,19,42ef8f0ec8149695881558abfecb77cb5ac7f95d0c71a5d2829b0d2847c576dd,ceb2b4d3258fd3a248c15f605e387d9c8871b9f48b810c98c5cc907a734a3652,2026-08-17T12:51:26+00:00,ok
10 신앙·성경/성경/개역개정 구약성경/20 역사서/09 역대하/역대하 011장.md,http://www.holybible.or.kr/B_GAE/cgi/bibleftxt.php?VR=GAE&VL=14&CN=11&CV=99,23,c99c59907fb9e042a94909f1599e43012aa88d13c8e65e5935cda8304522d6bc,e171c55121ee57d35f8194ec8fdbba175140e133008e8b0397a50013182c9021,2026-08-17T12:51:26+00:00,ok
10 신앙·성경/성경/개역개정 구약성경/20 역사서/09 역대하/역대하 012장.md,http://www.holybible.or.kr/B_GAE/cgi/bibleftxt.php?VR=GAE&VL=14&CN=12&CV=99,16,45cadddc95cb76d188049d8dd51f0a1450b88facd5707e9c3e4a7fddc2119049,9520fb40164356d9d33168e65fcc1318bb52c56979e0da5880301ef9492495c5,2026-08-17T12:51:26+00:00,ok
10 신앙·성경/성경/개역개정 구약성경/20 역사서/09 역대하/역대하 013장.md,http://www.holybible.or.kr/B_GAE/cgi/bibleftxt.php?VR=GAE&VL=14&CN=13&CV=99,22,de3bb38aa7683fac763e9e199bef294dc8db776c798a2dd2cdb6bb9261d1088c,a4fabb987ad3f3fc2158d33442e7b5f159888004e2236c3a4508fff85d8a4dad,2026-08-17T12:51:26+00:00,ok
10 신앙·성경/성경/개역개정 구약성경/20 역사서/09 역대하/역대하 014장.md,http://www.holybible.or.kr/B_GAE/cgi/bibleftxt.php?VR=GAE&VL=14&CN=14&CV=99,15,2cf443e6625562fc874c3b6daabee754919f1fba61099d898c8526d003c0e475,76d7f8750440412722708f73d7c26c6023b4157d17802399bd48aa8995f52c18,2026-08-17T12:51:26+00:00,ok
10 신앙·성경/성경/개역개정 구약성경/20 역사서/09 역대하/역대하 015장.md,http://www.holybible.or.kr/B_GAE/cgi/bibleftxt.php?VR=GAE&VL=14&CN=15&CV=99,19,ff9d0cc77493bfa53adea7f6e755d38c298d100e9a2541662541fc57947cad1d,720096c606cd1e7720f8110e5a642380cacfc587f3f69f09dd8b06297721f39c,2026-08-17T12:51:26+00:00,ok
10 신앙·성경/성경/개역개정 구약성경/20 역사서/09 역대하/역대하 016장.md,http://www.holybible.or.kr/B_GAE/cgi/bibleftxt.php?VR=GAE&VL=14&CN=16&CV=99,14,6a734496430720415f1c51cbeffa4c301549478a87a43bfd546df38c39f59277,d01b72b4d69a12d49cdc5d53b3dc502864db9f7021faa8f81547533701ad7bfc,2026-08-17T12:51:26+00:00,ok
10 신앙·성경/성경/개역개정 구약성경/20 역사서/09 역대하/역대하 017장.md,http://www.holybible.or.kr/B_GAE/cgi/bibleftxt.php?VR=GAE&VL=14&CN=17&CV=99,19,21aee322e15e3fbaabe8e56f25d69c410cca92738cfe4c41f426c54b8dda0a64,a577d7a89d58d6fb8b82959f0548d43e1a11727692fc036e19029fe4ea4839ee,2026-08-17T12:51:26+00:00,ok
10 신앙·성경/성경/개역개정 구약성경/20 역사서/09 역대하/역대하 018장.md,http://www.holybible.or.kr/B_GAE/cgi/bibleftxt.php?VR=GAE&VL=14&CN=18&CV=99,34,e56231738ac7ecf56a4a945c6d7867061c58acbb565e1a781639eb8cbcf651b6,7a10375b015327a92c233aa4b5fccf921502339a5e7dbe7b8fea5ac93a4703a1,2026-08-17T12:51:26+00:00,ok
10 신앙·성경/성경/개역개정 구약성경/20 역사서/09 역대하/역대하 019장.md,http://www.holybible.or.kr/B_GAE/cgi/bibleftxt.php?VR=GAE&VL=14&CN=19&CV=99,11,bf43de5e9864ddd892ab757da983e022a896b1318d37f502fc9b30bf35d5951f,64f755ce0d86f3e28e9c8e95f848a3f57e0a6cd18680556b6dfb86f9d9fc7078,2026-08-17T12:51:26+00:00,ok
10 신앙·성경/성경/개역개정 구약성경/20 역사서/09 역대하/역대하 020장.md,http://www.holybible.or.kr/B_GAE/cgi/bibleftxt.php?VR=GAE&VL=14&CN=20&CV=99,37,b46db0b79b75988b4549200273903950592e3c7a5892cff299b7519ab9a5d051,3d130324a01ec15c3ce6fb5166847983db6bcbf207d83eb0f94b4e645f6e4842,2026-08-17T12:51:26+00:00,ok
10 신앙·성경/성경/개역개정 구약성경/20 역사서/09 역대하/역대하 021장.md,http://www.holybible.or.kr/B_GAE/cgi/bibleftxt.php?VR=GAE&VL=14&CN=21&CV=99,20,09d6bd291318eeab021e2b5944e2bc3292a58b60a65b7c2839599d30bf83d5a0,0ac3551cad2d31c5389eb3f91ff88487a2d15081782f24c1932d7ed354fa6562,2026-08-17T12:51:26+00:00,ok
10 신앙·성경/성경/개역개정 구약성경/20 역사서/09 역대하/역대하 022장.md,http://www.holybible.or.kr/B_GAE/cgi/bibleftxt.php?VR=GAE&VL=14&CN=22&CV=99,12,4f7880e0bf958114df6ac948b724a8133ae2fa6b4e074f034c5e81b7fe90164f,c116607dab91741bca48d9de0e3c05998aab0aa1f63a856fef20edd2a40dddbb,2026-08-17T12:51:26+00:00,ok
10 신앙·성경/성경/개역개정 구약성경/20 역사서/09 역대하/역대하 023장.md,http://www.holybible.or.kr/B_GAE/cgi/bibleftxt.php?VR=GAE&VL=14&CN=23&CV=99,21,05088a5c5ad355c420d93c6458ba92202e4c6ce5436b079bc5f3c30908fd1764,6c380d1115065e8b7c995d790cb3e9e04a17da5e02f9927853db145a570c4522,2026-08-17T12:51:26+00:00,ok
10 신앙·성경/성경/개역개정 구약성경/20 역사서/09 역대하/역대하 024장.md,http://www.holybible.or.kr/B_GAE/cgi/bibleftxt.php?VR=GAE&VL=14&CN=24&CV=99,27,1e6f1f2f29b46f2b0b623ed9e5a976b5f8183c2692f2d88946c1f3b9fc982ecd,16d0ae6bd6d08033574d09316968726e3d363d061c50f479ddedac20c7228c27,2026-08-17T12:51:26+00:00,ok
10 신앙·성경/성경/개역개정 구약성경/20 역사서/09 역대하/역대하 025장.md,http://www.holybible.or.kr/B_GAE/cgi/bibleftxt.php?VR=GAE&VL=14&CN=25&CV=99,28,911bbfe4e54ee508454f6adcb56024414a3765fb4a190d66ae24fec875777be2,99982f25ad342d9466e902328143fef116208dc17b71eb2c0836921f7b174fd3,2026-08-17T12:51:26+00:00,ok
10 신앙·성경/성경/개역개정 구약성경/20 역사서/09 역대하/역대하 026장.md,http://www.holybible.or.kr/B_GAE/cgi/bibleftxt.php?VR=GAE&VL=14&CN=26&CV=99,23,1a050395a0f5b2bffa88e9f7d30c1a60c8ffa333d907e1e887586cb19ff2abe0,8b15164f14e3ed129fafd78664a7a6fbbe35fb743c081b4da171fd3fe053bf86,2026-08-17T12:51:26+00:00,ok
10 신앙·성경/성경/개역개정 구약성경/20 역사서/09 역대하/역대하 027장.md,http://www.holybible.or.kr/B_GAE/cgi/bibleftxt.php?VR=GAE&VL=14&CN=27&CV=99,9,48c5c6bba8273098bf058a61e5badaefa2268a469c417697f2241822c31b471b,2d6e057badccf7520b6e33c48752323347b16b857314279102ea8faece0f6d92,2026-08-17T12:51:26+00:00,ok
10 신앙·성경/성경/개역개정 구약성경/20 역사서/09 역대하/역대하 028장.md,http://www.holybible.or.kr/B_GAE/cgi/bibleftxt.php?VR=GAE&VL=14&CN=28&CV=99,27,a5864cd0b6ba281a653df29717ef7cb3753a0ffa6949f0d112bd55df68e6c1f2,4f22c707b5c2ec8586a82317dcfce5b87d07810f87be7586fe360d76517d9c39,2026-08-17T12:51:26+00:00,ok
10 신앙·성경/성경/개역개정 구약성경/20 역사서/09 역대하/역대하 029장.md,http://www.holybible.or.kr/B_GAE/cgi/bibleftxt.php?VR=GAE&VL=14&CN=29&CV=99,36,044a2043b356f88a831dfbf77709a0a84e96a381071b1ea544cb0cb0b2f77e06,a3a8211435ddb050e71c002966b174533f80872ae4af9724ac53f5ab503918e2,2026-08-17T12:51:26+00:00,ok
10 신앙·성경/성경/개역개정 구약성경/20 역사서/09 역대하/역대하 030장.md,http://www.holybible.or.kr/B_GAE/cgi/bibleftxt.php?VR=GAE&VL=14&CN=30&CV=99,27,1edaef67af2bbbf83a8235de8a04da92bcb35bf3bb4d126923dbc4fb67fbc99c,2001be05175af6865d0e67cbc9cbdec8f96902fd486de3cad3b2643816b032c1,2026-08-17T12:51:26+00:00,ok
10 신앙·성경/성경/개역개정 구약성경/20 역사서/09 역대하/역대하 031장.md,http://www.holybible.or.kr/B_GAE/cgi/bibleftxt.php?VR=GAE&VL=14&CN=31&CV=99,21,66eecbf5cfc197de2ccafece30538a5c351817170dee1858d9ac21218e0aa645,243a8d92700fb5e4cb58f7934d733b248f0ce5f2346973a9aa9a6669b908a089,2026-08-17T12:51:26+00:00,ok
10 신앙·성경/성경/개역개정 구약성경/20 역사서/09 역대하/역대하 032장.md,http://www.holybible.or.kr/B_GAE/cgi/bibleftxt.php?VR=GAE&VL=14&CN=32&CV=99,33,da1abd65dabd6f38fcd65beaad94fdb52c98d02876fbfd0b23266f9400ba7427,d3cef792de527931e0a3f644bc9484ef8d88638de3501384f432b7715faa8675,2026-08-17T12:51:26+00:00,ok
10 신앙·성경/성경/개역개정 구약성경/20 역사서/09 역대하/역대하 033장.md,http://www.holybible.or.kr/B_GAE/cgi/bibleftxt.php?VR=GAE&VL=14&CN=33&CV=99,25,a0cedeb5cd00ab369ec18f875d6c222c225315e82c2b2df93139ffe94743074f,580d04cd155c7d09a79ed9123584d3e9a7c7f1dd7479dd5869a5fefe73f7a1de,2026-08-17T12:51:26+00:00,ok
10 신앙·성경/성경/개역개정 구약성경/20 역사서/09 역대하/역대하 034장.md,http://www.holybible.or.kr/B_GAE/cgi/bibleftxt.php?VR=GAE&VL=14&CN=34&CV=99,33,e51ae7826059772b6164b23019feeecd4b4dac2f19c909142b140c781ab4f926,b68a49c9ee2c0472a2c811606f59b3c4ce8e2de43cd761cba34cb52fa918e0a0,2026-08-17T12:51:26+00:00,ok
10 신앙·성경/성경/개역개정 구약성경/20 역사서/09 역대하/역대하 035장.md,http://www.holybible.or.kr/B_GAE/cgi/bibleftxt.php?VR=GAE&VL=14&CN=35&CV=99,27,084b39d10a6dc15ca20c631ca50ec3dc8cff2a989e0ab546d36fd2075662b8d3,1dbdf98f218089d06c0d8aa9c360051a4e4d009a343c834d7dd4369371f74437,2026-08-17T12:51:26+00:00,ok
10 신앙·성경/성경/개역개정 구약성경/20 역사서/09 역대하/역대하 036장.md,http://www.holybible.or.kr/B_GAE/cgi/bibleftxt.php?VR=GAE&VL=14&CN=36&CV=99,23,f6bade1c18b23b82410bf7c25b15d74abe093a6a87f9f0cf0979e82373b6104b,096eefdfb9efbe8904c81220b10e7765dc33cdfcce209ddd1425fbad482db011,2026-08-17T12:51:26+00:00,ok
10 신앙·성경/성경/개역개정 구약성경/20 역사서/10 에스라/에스라 001장.md,http://www.holybible.or.kr/B_GAE/cgi/bibleftxt.php?VR=GAE&VL=15&CN=1&CV=99,11,f3b44971c154f3a84c93a67ca3d32cf7fed226e77f1d1c148afc7c7fb975b454,6148968cb93f1d0281899685fceea03d355fd4c1f652cc600dc9f8086f32cf23,2026-08-17T12:51:26+00:00,ok
10 신앙·성경/성경/개역개정 구약성경/20 역사서/10 에스라/에스라 002장.md,http://www.holybible.or.kr/B_GAE/cgi/bibleftxt.php?VR=GAE&VL=15&CN=2&CV=99,70,b8b170e055c557cf90df5efc54c9675842fcb54725837c01021ead35d0d2c70b,23ad641df87db6b12d198ab84ec93e3aaa6d972f837c1f01cbd2a5a63888b7ed,2026-08-17T12:51:26+00:00,ok
10 신앙·성경/성경/개역개정 구약성경/20 역사서/10 에스라/에스라 003장.md,http://www.holybible.or.kr/B_GAE/cgi/bibleftxt.php?VR=GAE&VL=15&CN=3&CV=99,13,a5898ac41f9913ed991127125b32bfcc8ed3858046d9a2dd044819c5ce655776,7505d94739dcd6ee866927676c3e5afc82873993b6c54508ce3d09d51aef755e,2026-08-17T12:51:26+00:00,ok
10 신앙·성경/성경/개역개정 구약성경/20 역사서/10 에스라/에스라 004장.md,http://www.holybible.or.kr/B_GAE/cgi/bibleftxt.php?VR=GAE&VL=15&CN=4&CV=99,24,6be40cb0e88ad1ea24afc1da3a091826807a0f72711d1734955af162c013776d,74d35fce4efe9042538888256f104bd9cd660fce332da08ad68ed4c983512909,2026-08-17T12:51:26+00:00,ok
10 신앙·성경/성경/개역개정 구약성경/20 역사서/10 에스라/에스라 005장.md,http://www.holybible.or.kr/B_GAE/cgi/bibleftxt.php?VR=GAE&VL=15&CN=5&CV=99,17,dd9fb13f4eaffc2eaee48ef98caa841792bb844066b7c67294b6503a3bd8fded,d8b1607c73b6e11f8ab753aa05e2084657ec5ddf100e7b9c9a7c46fa50d18d8b,2026-08-17T12:51:26+00:00,ok
10 신앙·성경/성경/개역개정 구약성경/20 역사서/10 에스라/에스라 006장.md,http://www.holybible.or.kr/B_GAE/cgi/bibleftxt.php?VR=GAE&VL=15&CN=6&CV=99,22,27cb36b69250a045dd64cffd4f9a0981489c10143ffd6fe5cc53d3aa7dadc629,1bd241ed4119b08d9f5c8c7f97b0a203103d29a86e44104aca3e9ea6ed81613d,2026-08-17T12:51:26+00:00,ok
10 신앙·성경/성경/개역개정 구약성경/20 역사서/10 에스라/에스라 007장.md,http://www.holybible.or.kr/B_GAE/cgi/bibleftxt.php?VR=GAE&VL=15&CN=7&CV=99,28,547cf7f6a8eba7b674cde7a70261294c11dc9918ef78aec6b89133227f247c2f,ddf0157582d36e9929b9b78b7d5fed13ac586a6a6cf158918489a8989d95a725,2026-08-17T12:51:26+00:00,ok
10 신앙·성경/성경/개역개정 구약성경/20 역사서/10 에스라/에스라 008장.md,http://www.holybible.or.kr/B_GAE/cgi/bibleftxt.php?VR=GAE&VL=15&CN=8&CV=99,36,ec04900fc1bfdeea7326ee14d226bd466649f929974ddea26e15fda06ef69a39,0cdbd424a95a30d73e6a968c8de0d8bbc30dd476f2b74ad1969a7c1634c36d69,2026-08-17T12:51:26+00:00,ok
10 신앙·성경/성경/개역개정 구약성경/20 역사서/10 에스라/에스라 009장.md,http://www.holybible.or.kr/B_GAE/cgi/bibleftxt.php?VR=GAE&VL=15&CN=9&CV=99,15,33a37f7deb4ef38dbf4bfff4fd07ae715d5ad8bdbad39870851cf533b6064d4b,7cfb5919bcfeaaa97b399df6cc5de67334864725cda1eb79b1f01aaef8abea3c,2026-08-17T12:51:26+00:00,ok
10 신앙·성경/성경/개역개정 구약성경/20 역사서/10 에스라/에스라 010장.md,http://www.holybible.or.kr/B_GAE/cgi/bibleftxt.php?VR=GAE&VL=15&CN=10&CV=99,44,2db4c25554f227e7907996473b8bd0968b10b8a05456dc4e912619222f0f83ef,429ca517b6e540e310de2195464dc57c7f18baa28fce7b33af09519ac50ac0b4,2026-08-17T12:51:26+00:00,ok
10 신앙·성경/성경/개역개정 구약성경/20 역사서/11 느헤미야/느헤미야 001장.md,http://www.holybible.or.kr/B_GAE/cgi/bibleftxt.php?VR=GAE&VL=16&CN=1&CV=99,11,8894730d13deb7a9422747961a1f2c894f79303aed5a5895174bf6589fe4e227,589411f6a6aa40c83f97fd920f3a70dcede8c63f6a7a8248cee7780ab04a3a59,2026-08-17T12:51:26+00:00,ok
10 신앙·성경/성경/개역개정 구약성경/20 역사서/11 느헤미야/느헤미야 002장.md,http://www.holybible.or.kr/B_GAE/cgi/bibleftxt.php?VR=GAE&VL=16&CN=2&CV=99,20,e4dba161b5abc2e9ca6ded3d8d6d564c1e90d2c6ab0ddd8e275448ff3925fbe6,fec88ecb1c6604aef6f7fbe0b4edd9e980ca8c555bfdbab8bdd61a809e13a8d5,2026-08-17T12:51:26+00:00,ok
10 신앙·성경/성경/개역개정 구약성경/20 역사서/11 느헤미야/느헤미야 003장.md,http://www.holybible.or.kr/B_GAE/cgi/bibleftxt.php?VR=GAE&VL=16&CN=3&CV=99,32,c405b6a01b863855818fb45e74b647632b3965b7a545e443046e3ae1824595b0,7738061927224d6b237c3d6c8182cbcc31eef3ef27aea10fb0a6960e41eddf54,2026-08-17T12:51:26+00:00,ok
10 신앙·성경/성경/개역개정 구약성경/20 역사서/11 느헤미야/느헤미야 004장.md,http://www.holybible.or.kr/B_GAE/cgi/bibleftxt.php?VR=GAE&VL=16&CN=4&CV=99,23,8854304b80bb3a86d1f58fe3747d101bd42912ec611e9a90166d619b434b6ad2,e31fedde3d7306a764ce28efa1dc92501fe0d4bd7f57296543290d27a3405207,2026-08-17T12:51:26+00:00,ok
10 신앙·성경/성경/개역개정 구약성경/20 역사서/11 느헤미야/느헤미야 005장.md,http://www.holybible.or.kr/B_GAE/cgi/bibleftxt.php?VR=GAE&VL=16&CN=5&CV=99,19,21d8488b089ce674c33ea3a1500d055a7ed69d42f5d323cd1391f8b75ab61ae5,959b61512865be30c4538b2d642a519e0d137373f7b003f20fd72f5bf33f2c08,2026-08-17T12:51:26+00:00,ok
10 신앙·성경/성경/개역개정 구약성경/20 역사서/11 느헤미야/느헤미야 006장.md,http://www.holybible.or.kr/B_GAE/cgi/bibleftxt.php?VR=GAE&VL=16&CN=6&CV=99,19,7ca65fcac39805f92919c46477ecf81a5ec8e64718c1cf93adad45b867ece569,5c89500dea4bfd7a10c43ba17455655bd8fb4e1ec0b54d67baf6b65232c38c25,2026-08-17T12:51:26+00:00,ok
10 신앙·성경/성경/개역개정 구약성경/20 역사서/11 느헤미야/느헤미야 007장.md,http://www.holybible.or.kr/B_GAE/cgi/bibleftxt.php?VR=GAE&VL=16&CN=7&CV=99,73,33b0db11474cc0dd62c90a7d6179d768c9c6584dd17f2dc653eaf17afe4d4002,9c57ea03ab6281330d8adac73706b7177c11b59959be3a2b751278da384df797,2026-08-17T12:51:26+00:00,ok
10 신앙·성경/성경/개역개정 구약성경/20 역사서/11 느헤미야/느헤미야 008장.md,http://www.holybible.or.kr/B_GAE/cgi/bibleftxt.php?VR=GAE&VL=16&CN=8&CV=99,18,36d45849682bfd90320ae8fe3833597a5ec5b0eea14ac64ad2b7c6b4e42dd487,1dc31f97d3751e332f8703e10bea63ec78316723c98e18773d22022fe7678fc0,2026-08-17T12:51:26+00:00,ok
10 신앙·성경/성경/개역개정 구약성경/20 역사서/11 느헤미야/느헤미야 009장.md,http://www.holybible.or.kr/B_GAE/cgi/bibleftxt.php?VR=GAE&VL=16&CN=9&CV=99,38,574e62a553642bed9b3b0cf5ec18e12afa94019e1025ff3a6bc05d94840082a9,94d3111f9140709d89a20f131df4618741f978374d48297c17f0f38be22feab7,2026-08-17T12:51:26+00:00,ok
10 신앙·성경/성경/개역개정 구약성경/20 역사서/11 느헤미야/느헤미야 010장.md,http://www.holybible.or.kr/B_GAE/cgi/bibleftxt.php?VR=GAE&VL=16&CN=10&CV=99,39,f467bf8d1a08de31cf6abb8e87cad34339442c94a9da46e010f457afc7f955fb,e04e1d34a196ab690b00e67f2d8899cd99481d1a576a1af8193aaa3cb56c2922,2026-08-17T12:51:26+00:00,ok
10 신앙·성경/성경/개역개정 구약성경/20 역사서/11 느헤미야/느헤미야 011장.md,http://www.holybible.or.kr/B_GAE/cgi/bibleftxt.php?VR=GAE&VL=16&CN=11&CV=99,36,d8567dead9244e2bbc9e0974305db473214dc229f1de7c802668333d6a6b767d,9707c0ba133e0363354eef39d58f5e5227959e49d561bde7a02797e6d0bbe345,2026-08-17T12:51:26+00:00,ok
10 신앙·성경/성경/개역개정 구약성경/20 역사서/11 느헤미야/느헤미야 012장.md,http://www.holybible.or.kr/B_GAE/cgi/bibleftxt.php?VR=GAE&VL=16&CN=12&CV=99,47,73ab1411f06f084d1942118a8b3a9c62582c3db9cb20c1f91dd6bf52fe5c455f,3e8916811ca2574738c5005ae110a9b72d5f55fb3da17e31d9aa121db1248932,2026-08-17T12:51:26+00:00,ok
10 신앙·성경/성경/개역개정 구약성경/20 역사서/11 느헤미야/느헤미야 013장.md,http://www.holybible.or.kr/B_GAE/cgi/bibleftxt.php?VR=GAE&VL=16&CN=13&CV=99,31,fc330f834aeb0fa89341f0dc59f8a887c327fee4a178334e19b5865c52b0addc,510ecfb251773c5be5d9983b49a784ebcda53a727bbf62215f8165a2859bea91,2026-08-17T12:51:26+00:00,ok
10 신앙·성경/성경/개역개정 구약성경/20 역사서/12 에스더/에스더 001장.md,http://www.holybible.or.kr/B_GAE/cgi/bibleftxt.php?VR=GAE&VL=17&CN=1&CV=99,22,062d200029bd81a2f6734d4c762c9d2f250a91aaec56a79597a012fb5a5a7832,4ea082094b769b214984b21a0315e42e03f623d416cac398b88d7a6eb1730b1c,2026-08-17T12:51:26+00:00,ok
10 신앙·성경/성경/개역개정 구약성경/20 역사서/12 에스더/에스더 002장.md,http://www.holybible.or.kr/B_GAE/cgi/bibleftxt.php?VR=GAE&VL=17&CN=2&CV=99,23,09d7c92e70934bece4ee8bbb52eed9b84990a18995b9897740496f76c0800d56,3529f71196039b274a23818c64c7b7389a66b94d7f2ad95f14bc04ef20ece5c4,2026-08-17T12:51:26+00:00,ok
10 신앙·성경/성경/개역개정 구약성경/20 역사서/12 에스더/에스더 003장.md,http://www.holybible.or.kr/B_GAE/cgi/bibleftxt.php?VR=GAE&VL=17&CN=3&CV=99,15,957094999f001d794bd42b7f704d2abcca7a86bc600089512b1b024fc37171fa,52370815e4a93ae215033eaa445f3170c141a95e57244c4f7c2107f8b188de9e,2026-08-17T12:51:26+00:00,ok
10 신앙·성경/성경/개역개정 구약성경/20 역사서/12 에스더/에스더 004장.md,http://www.holybible.or.kr/B_GAE/cgi/bibleftxt.php?VR=GAE&VL=17&CN=4&CV=99,17,4809e94a85da0cd0a4548fd0bd4cd2d28fb013cbb93a0c12218603e3499b1be5,2633fbab151e9adb48e83034045a2356d588b23fea7641a5e19487b69172cc01,2026-08-17T12:51:26+00:00,ok
10 신앙·성경/성경/개역개정 구약성경/20 역사서/12 에스더/에스더 005장.md,http://www.holybible.or.kr/B_GAE/cgi/bibleftxt.php?VR=GAE&VL=17&CN=5&CV=99,14,35aeab2e7698fd2379056e2916c56474a4d18fd67e4c89b810bffe12ffbc8e57,46c5b2bb850ca0fb0d4abd5d98ce7d8fbb70f2737f412499a1939ab398958dea,2026-08-17T12:51:26+00:00,ok
10 신앙·성경/성경/개역개정 구약성경/20 역사서/12 에스더/에스더 006장.md,http://www.holybible.or.kr/B_GAE/cgi/bibleftxt.php?VR=GAE&VL=17&CN=6&CV=99,14,a96556bb731b1b31d5cd0548d9907a2ccb63cdacb801603040f5bdad3dfcc5f5,2e5d810e1ba11444a1a18c603693d879373c71b8cf5412afebb9ec3c55025c2c,2026-08-17T12:51:26+00:00,ok
10 신앙·성경/성경/개역개정 구약성경/20 역사서/12 에스더/에스더 007장.md,http://www.holybible.or.kr/B_GAE/cgi/bibleftxt.php?VR=GAE&VL=17&CN=7&CV=99,10,8a11ce0f921b7788189b9421871805a1642911f5f4b7c27167c115604e280ed8,725b81d2b5689cd9fb5fea379c156a99e58c7664c852ed23c70585fe8e18551f,2026-08-17T12:51:26+00:00,ok
10 신앙·성경/성경/개역개정 구약성경/20 역사서/12 에스더/에스더 008장.md,http://www.holybible.or.kr/B_GAE/cgi/bibleftxt.php?VR=GAE&VL=17&CN=8&CV=99,17,1597b01b2c63d1872b9bacc685a0a0e26fd8218465c470882466a80a39737fe8,d5561c12ccce95ecdd94beb5fcd738ffcd810a9f09f4a3f56cabe5732d52b618,2026-08-17T12:51:26+00:00,ok
10 신앙·성경/성경/개역개정 구약성경/20 역사서/12 에스더/에스더 009장.md,http://www.holybible.or.kr/B_GAE/cgi/bibleftxt.php?VR=GAE&VL=17&CN=9&CV=99,32,2fc705d7d734c7f4729120c2573116d8b8022e095ef7fb012a61de8d4f988313,e2d6ad2d2a5a7d7bb5967c643fd6d3e188294affb99c3499b42ba3dca922cbb6,2026-08-17T12:51:26+00:00,ok
10 신앙·성경/성경/개역개정 구약성경/20 역사서/12 에스더/에스더 010장.md,http://www.holybible.or.kr/B_GAE/cgi/bibleftxt.php?VR=GAE&VL=17&CN=10&CV=99,3,6e03fa70c0da5a54d0c0835d5c83fcaa87af399269447058d1446c6775e6017c,f6a0862e9e76d2dd9ba51d04853a8739f2bf6e2303a52277fd9820df4e3f342f,2026-08-17T12:51:26+00:00,ok
10 신앙·성경/성경/개역개정 구약성경/30 시가서/01 욥기/욥기 001장.md,http://www.holybible.or.kr/B_GAE/cgi/bibleftxt.php?VR=GAE&VL=18&CN=1&CV=99,22,bcf012b2b5f966cbfc3ee99ece85e14e579cb34f68a4d9f6e9597553fc181de0,4cd0e5a104454299b627a91b27cf258dd66c85ce50df32020b8c8c0ff2a7a54b,2026-08-17T12:51:26+00:00,ok
10 신앙·성경/성경/개역개정 구약성경/30 시가서/01 욥기/욥기 002장.md,http://www.holybible.or.kr/B_GAE/cgi/bibleftxt.php?VR=GAE&VL=18&CN=2&CV=99,13,114da03e1ae050a17f5496a12258e7b178be0d2628d5368b2e84c964b73658ec,e610ba35402cb13ab3e5ebdd0062950a2de9de995ecfc34a9cfce2f0417b70e5,2026-08-17T12:51:26+00:00,ok
10 신앙·성경/성경/개역개정 구약성경/30 시가서/01 욥기/욥기 003장.md,http://www.holybible.or.kr/B_GAE/cgi/bibleftxt.php?VR=GAE&VL=18&CN=3&CV=99,26,7c25aaa72c02ed8057ee584fa297c6c4c9912d13da01f8307de635f5846ec27d,8da0e08eee661cf85802cbbd70b6730717a2168bda267820648053a7a3a54d7e,2026-08-17T12:51:26+00:00,ok
10 신앙·성경/성경/개역개정 구약성경/30 시가서/01 욥기/욥기 004장.md,http://www.holybible.or.kr/B_GAE/cgi/bibleftxt.php?VR=GAE&VL=18&CN=4&CV=99,21,f6c57796f915f3bed677b7d86613a64dd44e7456a9959ba59cb84a6f4ccfc7c6,31d6ec19db6bca85aae687f23cc67b8de6dd571e30e05d0830b0d4e5c93cd6bd,2026-08-17T12:51:26+00:00,ok
10 신앙·성경/성경/개역개정 구약성경/30 시가서/01 욥기/욥기 005장.md,http://www.holybible.or.kr/B_GAE/cgi/bibleftxt.php?VR=GAE&VL=18&CN=5&CV=99,27,56f58f7bbbda0a73a7b0920b92c18d21da4af488d1d19c836adf6a921f6ba9fa,97d31e28f6cd4178f792d5948fddab74a307fcdd0b0f10417e7ba09ab99ac389,2026-08-17T12:51:26+00:00,ok
10 신앙·성경/성경/개역개정 구약성경/30 시가서/01 욥기/욥기 006장.md,http://www.holybible.or.kr/B_GAE/cgi/bibleftxt.php?VR=GAE&VL=18&CN=6&CV=99,30,86179b79ce7ad5e5a84ca8dc1f656a646d5b71e509b4f6cc40ca303ba4f623ec,45bf9e5f90df9c937c0541716fe6ca35781f98d59863729da51292507f550430,2026-08-17T12:51:26+00:00,ok
10 신앙·성경/성경/개역개정 구약성경/30 시가서/01 욥기/욥기 007장.md,http://www.holybible.or.kr/B_GAE/cgi/bibleftxt.php?VR=GAE&VL=18&CN=7&CV=99,21,27754eadc24fa5e47a7c3fa3d2aab3683d984ab3103ce215e048a22998ad371e,e24b7211ca2ca03df6b269463d57f97fc7877f94b9adf1bed40a46163d85cc78,2026-08-17T12:51:26+00:00,ok
10 신앙·성경/성경/개역개정 구약성경/30 시가서/01 욥기/욥기 008장.md,http://www.holybible.or.kr/B_GAE/cgi/bibleftxt.php?VR=GAE&VL=18&CN=8&CV=99,22,07e44848e85a2dbad45c85834325314421520f3710605c0389c20e4ae6713071,e375b3789f91c8e36bd725006f3677487f7f83f4f35338859a5f7c85988641f6,2026-08-17T12:51:26+00:00,ok
10 신앙·성경/성경/개역개정 구약성경/30 시가서/01 욥기/욥기 009장.md,http://www.holybible.or.kr/B_GAE/cgi/bibleftxt.php?VR=GAE&VL=18&CN=9&CV=99,35,b4de4628ea7a1f3f434a32c6959609baf803af7bb580cfefad18c1263271629b,3b67672f16b1dc544b2c16c2f1e934726ea6a80e0c25faa11c02bedf3c5c59bb,2026-08-17T12:51:26+00:00,ok
10 신앙·성경/성경/개역개정 구약성경/30 시가서/01 욥기/욥기 010장.md,http://www.holybible.or.kr/B_GAE/cgi/bibleftxt.php?VR=GAE&VL=18&CN=10&CV=99,22,03821a93566d3e0ef32bb91f51feacfa974813b830c3dfbf5a83021a57698f56,5456baebcd56c95a3d0a6c775e38a941f0f654c4d84df29dacde46caacd6e6b2,2026-08-17T12:51:26+00:00,ok
10 신앙·성경/성경/개역개정 구약성경/30 시가서/01 욥기/욥기 011장.md,http://www.holybible.or.kr/B_GAE/cgi/bibleftxt.php?VR=GAE&VL=18&CN=11&CV=99,20,ececd2cdd28cb5e185bf662676f4ccfeb3a3b752c23313e259777d1a5d095c05,6e06d8ac424f0f5e8b6565a5013dc5825a506fa69d7593de6233221dba54ee22,2026-08-17T12:51:26+00:00,ok
10 신앙·성경/성경/개역개정 구약성경/30 시가서/01 욥기/욥기 012장.md,http://www.holybible.or.kr/B_GAE/cgi/bibleftxt.php?VR=GAE&VL=18&CN=12&CV=99,25,f9bbd5da96195b2e4b4168ede6d75b8c6103c19fc48d97ae472a0c1371636558,e267e3e2afec5f1abd9a7640d8e0c3358670bb2c233faf1dfc4e3d087ac28735,2026-08-17T12:51:26+00:00,ok
10 신앙·성경/성경/개역개정 구약성경/30 시가서/01 욥기/욥기 013장.md,http://www.holybible.or.kr/B_GAE/cgi/bibleftxt.php?VR=GAE&VL=18&CN=13&CV=99,28,18c5c06112275b97e16697b154d1ce168a66c278733442cf9ae76ab3018fdd65,bd70caf3bb03c9ceee55d9e0a3ad1006a7aac638e6de5f4adabcd3492cf527fd,2026-08-17T12:51:26+00:00,ok
10 신앙·성경/성경/개역개정 구약성경/30 시가서/01 욥기/욥기 014장.md,http://www.holybible.or.kr/B_GAE/cgi/bibleftxt.php?VR=GAE&VL=18&CN=14&CV=99,22,2ec09605c1308304ed6a7a92e8905a5dbe87eda784494f4bc2433ab1095a956a,6c1f095ec0d8d1948a253f3f284958fbdba3936a93c86cc86dc4af0e4239db1b,2026-08-17T12:51:26+00:00,ok
10 신앙·성경/성경/개역개정 구약성경/30 시가서/01 욥기/욥기 015장.md,http://www.holybible.or.kr/B_GAE/cgi/bibleftxt.php?VR=GAE&VL=18&CN=15&CV=99,35,5d28c1a572b3dffbdc4f65afd0415541883b844363c01f05d24d46710b0feed0,785951a0544f65bd445219c37d9acb030f59bb0864b62b5af56b922401c2a3e9,2026-08-17T12:51:26+00:00,ok
10 신앙·성경/성경/개역개정 구약성경/30 시가서/01 욥기/욥기 016장.md,http://www.holybible.or.kr/B_GAE/cgi/bibleftxt.php?VR=GAE&VL=18&CN=16&CV=99,22,328164809846222d0b702f7682fe805a463f56dce891527c99f4f5803602a63d,8b0ac98496df1c440e231a0322227376f6ef3890d91ca160befb3de95ca8429e,2026-08-17T12:51:26+00:00,ok
10 신앙·성경/성경/개역개정 구약성경/30 시가서/01 욥기/욥기 017장.md,http://www.holybible.or.kr/B_GAE/cgi/bibleftxt.php?VR=GAE&VL=18&CN=17&CV=99,16,d2fe926ea2f282d448bc7032bdc85ed715d6a1279aec342c64186d7ea2856658,9ddd5f0b892bf5f122b63ec784bce5ad7c16e50c6d602f63f7a2de94db85b90a,2026-08-17T12:51:26+00:00,ok
10 신앙·성경/성경/개역개정 구약성경/30 시가서/01 욥기/욥기 018장.md,http://www.holybible.or.kr/B_GAE/cgi/bibleftxt.php?VR=GAE&VL=18&CN=18&CV=99,21,fdb69622a71da2870d82fa2ab3174703e9aac0182ccafd78c3f5bd28c1634db3,b66f48ae02269bc63d150324dc25bca820054eb4722972d44599fe5517cb970b,2026-08-17T12:51:26+00:00,ok
10 신앙·성경/성경/개역개정 구약성경/30 시가서/01 욥기/욥기 019장.md,http://www.holybible.or.kr/B_GAE/cgi/bibleftxt.php?VR=GAE&VL=18&CN=19&CV=99,29,6a9becbfae0e4a9c815c3417c2cd0f15930492444aecdd1f737f0a3e645a2007,b24d8a9c43bedab94e4a8201f94a8e8fb4146e23d8d9f3803e8ea347cd23d726,2026-08-17T12:51:26+00:00,ok
10 신앙·성경/성경/개역개정 구약성경/30 시가서/01 욥기/욥기 020장.md,http://www.holybible.or.kr/B_GAE/cgi/bibleftxt.php?VR=GAE&VL=18&CN=20&CV=99,29,c7623298439d05e5e182e3806a1e14147b52d00e0169016a3f938fe32ca1425f,1c5d0e4c2c5203c599b612b72b88f494baae49afdc45edf2a74c7744dac07a35,2026-08-17T12:51:26+00:00,ok
10 신앙·성경/성경/개역개정 구약성경/30 시가서/01 욥기/욥기 021장.md,http://www.holybible.or.kr/B_GAE/cgi/bibleftxt.php?VR=GAE&VL=18&CN=21&CV=99,34,e92551c87b10938d15fd51ea38f8ba5bec0b0aa01a785f9a6f51d78163c102fc,97debec68871e9c92a82f320e39abc21e24713b24689bb5267ae5ce21da3ce05,2026-08-17T12:51:26+00:00,ok
10 신앙·성경/성경/개역개정 구약성경/30 시가서/01 욥기/욥기 022장.md,http://www.holybible.or.kr/B_GAE/cgi/bibleftxt.php?VR=GAE&VL=18&CN=22&CV=99,30,be38f74c81e13752a437c1ec448bc04c644a568235dbc540a55a86e40228fdf4,8c46bf1855ccf85db5c2db12ac3563fc2e2e34550494ea43ed790d8456b02eb8,2026-08-17T12:51:26+00:00,ok
10 신앙·성경/성경/개역개정 구약성경/30 시가서/01 욥기/욥기 023장.md,http://www.holybible.or.kr/B_GAE/cgi/bibleftxt.php?VR=GAE&VL=18&CN=23&CV=99,17,572a83e17e813809ebb36a8d663ad4e51577226be858358af47ba6362453a87f,2eaf634c3d97264a2b98b4209f8a34e64d653157d465cb7c536421df63a5e49d,2026-08-17T12:51:26+00:00,ok
10 신앙·성경/성경/개역개정 구약성경/30 시가서/01 욥기/욥기 024장.md,http://www.holybible.or.kr/B_GAE/cgi/bibleftxt.php?VR=GAE&VL=18&CN=24&CV=99,25,af6c87b3e5972fef3fc7ca1d1554cf395b113c5b42f0d1d5a3e3e76bf9ab6ac1,922ff7dc5168d0ab01ede4ffcb8b9c44b52cf853ed15d5b0748901f871c6fb8d,2026-08-17T12:51:26+00:00,ok
10 신앙·성경/성경/개역개정 구약성경/30 시가서/01 욥기/욥기 025장.md,http://www.holybible.or.kr/B_GAE/cgi/bibleftxt.php?VR=GAE&VL=18&CN=25&CV=99,6,f7949edf784ff4016f176d81d04319e687f26a39600dd2023ba557aaf1a28082,7ea5825050e925c5cf2778bc65279844f72d76cb026f05aa0640933062c98073,2026-08-17T12:51:26+00:00,ok
10 신앙·성경/성경/개역개정 구약성경/30 시가서/01 욥기/욥기 026장.md,http://www.holybible.or.kr/B_GAE/cgi/bibleftxt.php?VR=GAE&VL=18&CN=26&CV=99,14,aed8e59a93908e86eb1f827d5ee9fa04b1f6607b08bbf56920b3c363d5841a45,8b02e0f0ac876fc2d69c2ccc0a73e6d5b76ecfb586fc455b229c7b47c6951acb,2026-08-17T12:51:26+00:00,ok
10 신앙·성경/성경/개역개정 구약성경/30 시가서/01 욥기/욥기 027장.md,http://www.holybible.or.kr/B_GAE/cgi/bibleftxt.php?VR=GAE&VL=18&CN=27&CV=99,23,0785a55d655dda6cd4f2a8519b1b4cb35011a7601b41f579123ba1e8eab96032,ff622dbdff6b8bc87b1b06b76f3041cc6aba66ff03551330cc2f534a40112273,2026-08-17T12:51:26+00:00,ok
10 신앙·성경/성경/개역개정 구약성경/30 시가서/01 욥기/욥기 028장.md,http://www.holybible.or.kr/B_GAE/cgi/bibleftxt.php?VR=GAE&VL=18&CN=28&CV=99,28,929b24fc731f31d47efc926d895ebd1e72dc3cae57dd8fffdc9fa6508cc8c8fa,0dd149a1f5e96ffb613bcc8f77488a81385adf0f9860fffec151190461aff946,2026-08-17T12:51:26+00:00,ok
10 신앙·성경/성경/개역개정 구약성경/30 시가서/01 욥기/욥기 029장.md,http://www.holybible.or.kr/B_GAE/cgi/bibleftxt.php?VR=GAE&VL=18&CN=29&CV=99,25,3dad5bf6e2185db3886fd565ff8e37b22285692cb2116f0adc9d1811dd7544f2,d2dccae288ee466e93e319ba3958595a5d80f44f470315c779a785455d41ba94,2026-08-17T12:51:26+00:00,ok
10 신앙·성경/성경/개역개정 구약성경/30 시가서/01 욥기/욥기 030장.md,http://www.holybible.or.kr/B_GAE/cgi/bibleftxt.php?VR=GAE&VL=18&CN=30&CV=99,31,01847b95df812dbbdcc95497753bd8ec8d832073d9f38db973acc03e9fa26df8,ba0649eb776af074fcd0266eb71d54362b7a228b49153337479a28bac7945e1c,2026-08-17T12:51:26+00:00,ok
10 신앙·성경/성경/개역개정 구약성경/30 시가서/01 욥기/욥기 031장.md,http://www.holybible.or.kr/B_GAE/cgi/bibleftxt.php?VR=GAE&VL=18&CN=31&CV=99,40,e96a1061430fd80c00c47c556b95cdacb21ca797254738a3f0cb0162253dc49c,3d0a14970f8da6797167da2d01c47962e3a30ae9293ce4bb40857c65b4f19142,2026-08-17T12:51:26+00:00,ok
10 신앙·성경/성경/개역개정 구약성경/30 시가서/01 욥기/욥기 032장.md,http://www.holybible.or.kr/B_GAE/cgi/bibleftxt.php?VR=GAE&VL=18&CN=32&CV=99,22,80938f3b7ecc8130f54598b79097f005f38683e80985fffe6866fc7841af11bd,daefd01a2a7ba85afafa197d55e30a8dc0d7d0505592f28e939412c094c59e15,2026-08-17T12:51:26+00:00,ok
10 신앙·성경/성경/개역개정 구약성경/30 시가서/01 욥기/욥기 033장.md,http://www.holybible.or.kr/B_GAE/cgi/bibleftxt.php?VR=GAE&VL=18&CN=33&CV=99,33,b81b8604e9ba13cee411218d5c7679641c86f6c018d09c72672a212092e5280c,468f9d51fc1835f1ee614dfcaae9c1af0a54d5b257b0e7e7c29d996b33f8d83f,2026-08-17T12:51:26+00:00,ok
10 신앙·성경/성경/개역개정 구약성경/30 시가서/01 욥기/욥기 034장.md,http://www.holybible.or.kr/B_GAE/cgi/bibleftxt.php?VR=GAE&VL=18&CN=34&CV=99,37,e4d1e3c45fb5fb3f973483dc69776bff4fd8428d917799c04380a2231ad7aa13,2507f2fc447fab14759edcd6f9bd9fae993bf6057ee606d0a9069bfabe0a9818,2026-08-17T12:51:26+00:00,ok
10 신앙·성경/성경/개역개정 구약성경/30 시가서/01 욥기/욥기 035장.md,http://www.holybible.or.kr/B_GAE/cgi/bibleftxt.php?VR=GAE&VL=18&CN=35&CV=99,16,44e9cd51834aff196a79c40db5eed6f33cff2e1ac4477af7260ded1178e6c49f,d9870460f3d5e9bc2818dd1f550a7ba0b04e8b7a53ece73afc00495addc2b330,2026-08-17T12:51:26+00:00,ok
10 신앙·성경/성경/개역개정 구약성경/30 시가서/01 욥기/욥기 036장.md,http://www.holybible.or.kr/B_GAE/cgi/bibleftxt.php?VR=GAE&VL=18&CN=36&CV=99,33,27536703a733b1bc86e0b2a504a25a03c3d62df6331401cf22230ecd1d26e772,31bc6200383255aed28f94d6902e38e89e64fe81e047513456639e4532289dfb,2026-08-17T12:51:26+00:00,ok
10 신앙·성경/성경/개역개정 구약성경/30 시가서/01 욥기/욥기 037장.md,http://www.holybible.or.kr/B_GAE/cgi/bibleftxt.php?VR=GAE&VL=18&CN=37&CV=99,24,48a86e83de1b1198a13d1c8dfa71aa23f281cb391e3237f168caad069de9606e,814237b76f8d75a216f5ce0f6e84848868a7d6f0d53bd69c52f87c53d149c49e,2026-08-17T12:51:26+00:00,ok
10 신앙·성경/성경/개역개정 구약성경/30 시가서/01 욥기/욥기 038장.md,http://www.holybible.or.kr/B_GAE/cgi/bibleftxt.php?VR=GAE&VL=18&CN=38&CV=99,41,288f2656a695e3da54a1fce4fc39eee4028b68222f7075718a4e00988db34665,2548e69b5f3b88d97ecb245f7f3f615578210c22000e727cb14493c9642f876b,2026-08-17T12:51:26+00:00,ok
10 신앙·성경/성경/개역개정 구약성경/30 시가서/01 욥기/욥기 039장.md,http://www.holybible.or.kr/B_GAE/cgi/bibleftxt.php?VR=GAE&VL=18&CN=39&CV=99,30,9dec2e726846cae8befe290696511f607f86f64c1982a8a264dacd7b69ebdbfc,c810e9162d4e63b4d6f0fc9f0c2fc231f67af653d6379822f81a7de220a1f641,2026-08-17T12:51:26+00:00,ok
10 신앙·성경/성경/개역개정 구약성경/30 시가서/01 욥기/욥기 040장.md,http://www.holybible.or.kr/B_GAE/cgi/bibleftxt.php?VR=GAE&VL=18&CN=40&CV=99,24,14cfeb1e4647e7d8d9b953705bc8d73e5848199720f8dcb0fa7ddc759769cf2a,3f4f194a6116faa06709cf6cd621662d97a1956064efa36d3963c125f0929ade,2026-08-17T12:51:26+00:00,ok
10 신앙·성경/성경/개역개정 구약성경/30 시가서/01 욥기/욥기 041장.md,http://www.holybible.or.kr/B_GAE/cgi/bibleftxt.php?VR=GAE&VL=18&CN=41&CV=99,34,ce6723a6da7c4c8056035b9cede8d48b4b72a90b28e72911b64a45d5550179d3,a342ac176c5b177ff15bc9f68b8a2bc8a6f9e01e177124fef83d57f0e61bd5e7,2026-08-17T12:51:26+00:00,ok
10 신앙·성경/성경/개역개정 구약성경/30 시가서/01 욥기/욥기 042장.md,http://www.holybible.or.kr/B_GAE/cgi/bibleftxt.php?VR=GAE&VL=18&CN=42&CV=99,17,2f5d167f832abdb38a7d94de62d78cc28226394ea7853560182dd561172d8796,3a1f445cde9311939a2e637a1589353ceb078cf23ea627ff6da1548d9197147a,2026-08-17T12:51:26+00:00,ok
10 신앙·성경/성경/개역개정 구약성경/30 시가서/02 시편/시편 001장.md,http://www.holybible.or.kr/B_GAE/cgi/bibleftxt.php?VR=GAE&VL=19&CN=1&CV=99,6,e36c07556577af6e3dadc81708fd3152e3d8ad5dc1b1ff43bec93d826e2b3821,539a72996e4a8eb5ed6286364df842abc196230d53392eafdf180bc1611ccde1,2026-08-17T12:51:26+00:00,ok
10 신앙·성경/성경/개역개정 구약성경/30 시가서/02 시편/시편 002장.md,http://www.holybible.or.kr/B_GAE/cgi/bibleftxt.php?VR=GAE&VL=19&CN=2&CV=99,12,2cf64619cbbdad9515720ae039a369d50a6b4f3402124e9063235d93be317640,6891b94a8f3f7a6e401b64057cf2febcf2e5cc81794908d40b32626067a1d4a6,2026-08-17T12:51:26+00:00,ok
10 신앙·성경/성경/개역개정 구약성경/30 시가서/02 시편/시편 003장.md,http://www.holybible.or.kr/B_GAE/cgi/bibleftxt.php?VR=GAE&VL=19&CN=3&CV=99,8,78257d0f747c642709febee51f1c96305c49f5480d2bf439992a3995bd1ca0b9,fc399cf0121fd8fd9caab03a9a2f5a7899d63e97950ebcabf575a1c62564dbb7,2026-08-17T12:51:26+00:00,ok
10 신앙·성경/성경/개역개정 구약성경/30 시가서/02 시편/시편 004장.md,http://www.holybible.or.kr/B_GAE/cgi/bibleftxt.php?VR=GAE&VL=19&CN=4&CV=99,8,77e29bd3aa07f0cd096480ee1eb0498557791656b0a38ffef14e012d616d2177,8d7577783453eee660788968a2cd228a2501b79e140d07d1b3db1e8b15a1ab49,2026-08-17T12:51:26+00:00,ok
10 신앙·성경/성경/개역개정 구약성경/30 시가서/02 시편/시편 005장.md,http://www.holybible.or.kr/B_GAE/cgi/bibleftxt.php?VR=GAE&VL=19&CN=5&CV=99,12,ef67fd263b6b55bb906718000f92100cec8ff390cc725f3d82ba26a88422868e,15a2626f2218b19884848ff0a9a4e09115e712246c5ac50ddc8555647f1f92db,2026-08-17T12:51:26+00:00,ok
10 신앙·성경/성경/개역개정 구약성경/30 시가서/02 시편/시편 006장.md,http://www.holybible.or.kr/B_GAE/cgi/bibleftxt.php?VR=GAE&VL=19&CN=6&CV=99,10,0c38722ce5cb75f01ed4ba1460202356399ff3d0186256b614d5b6a3a520937c,559281bc5bcddc8f28c4b9a9ab737264048e52447f5747f92e61d8a67711a4e9,2026-08-17T12:51:26+00:00,ok
10 신앙·성경/성경/개역개정 구약성경/30 시가서/02 시편/시편 007장.md,http://www.holybible.or.kr/B_GAE/cgi/bibleftxt.php?VR=GAE&VL=19&CN=7&CV=99,17,de37c15c3a7b7e7a5308bd275cac9d75338df6ef132960c776dfe3a433b0c01d,7aaf5beae26ecb55bb4ad0ab02bd598f42b7940d6066683c61ac1ea3c6727890,2026-08-17T12:51:26+00:00,ok
10 신앙·성경/성경/개역개정 구약성경/30 시가서/02 시편/시편 008장.md,http://www.holybible.or.kr/B_GAE/cgi/bibleftxt.php?VR=GAE&VL=19&CN=8&CV=99,9,0efe424d42179cbc4a83474f34833b79946fb2cf7315234dc9a6fab1e06690cb,453271db88f9a8748f83bd24436dd43a37646be8424e426dc0c0ec1fd5526c36,2026-08-17T12:51:26+00:00,ok
10 신앙·성경/성경/개역개정 구약성경/30 시가서/02 시편/시편 009장.md,http://www.holybible.or.kr/B_GAE/cgi/bibleftxt.php?VR=GAE&VL=19&CN=9&CV=99,20,999d940b4a1dd977264943bd373bd8331700c9dfd57f77c62dfeec17a35b5fe6,5e15e4f2fd0187ae529d625d279f0bd7f45b67d64da14063174719fdf8ae1f48,2026-08-17T12:51:26+00:00,ok
10 신앙·성경/성경/개역개정 구약성경/30 시가서/02 시편/시편 010장.md,http://www.holybible.or.kr/B_GAE/cgi/bibleftxt.php?VR=GAE&VL=19&CN=10&CV=99,18,57e2c03140570b47372be6df6697844d142fc6a0dee258eb506a5b7889ad9a6c,9b58501483ea2be51b5e13101ea8309cc3604ea2f523809b85623c785c9f99aa,2026-08-17T12:51:26+00:00,ok
10 신앙·성경/성경/개역개정 구약성경/30 시가서/02 시편/시편 011장.md,http://www.holybible.or.kr/B_GAE/cgi/bibleftxt.php?VR=GAE&VL=19&CN=11&CV=99,7,3f23d34c499fbf9a7952da20a1515a925492c397bca26e826e9fd2a6a0a30226,3ce4419d7ecc535fe3bacd0c0362d100c41adb781e4d57e731a5d04ad0dc8c0d,2026-08-17T12:51:26+00:00,ok
10 신앙·성경/성경/개역개정 구약성경/30 시가서/02 시편/시편 012장.md,http://www.holybible.or.kr/B_GAE/cgi/bibleftxt.php?VR=GAE&VL=19&CN=12&CV=99,8,480657cbb87d21ca91acf3910ac4c5f566437f89cbdbaf4687269ebdd7b750fc,b0d77243b351ca96b6115893a9920c58c7287dfbed14f8a2446967871eb23640,2026-08-17T12:51:26+00:00,ok
10 신앙·성경/성경/개역개정 구약성경/30 시가서/02 시편/시편 013장.md,http://www.holybible.or.kr/B_GAE/cgi/bibleftxt.php?VR=GAE&VL=19&CN=13&CV=99,6,c755baaf8e283c3ff7d25579fec13c85bf22f78eae63cc4a0bb101d05443c6fc,98d14e577d76ac380011543f7d3a128d914f5d9294f27f3629a9583dcec95ea6,2026-08-17T12:51:26+00:00,ok
10 신앙·성경/성경/개역개정 구약성경/30 시가서/02 시편/시편 014장.md,http://www.holybible.or.kr/B_GAE/cgi/bibleftxt.php?VR=GAE&VL=19&CN=14&CV=99,7,e034d10f998522d6a0c68bb8f5d9c545d90bf516d45c8b9aa9e35513cce6de62,ece829221e2f02b55c57848715e40371a6a26c70e4f12068af10e1729fb402ca,2026-08-17T12:51:26+00:00,ok
10 신앙·성경/성경/개역개정 구약성경/30 시가서/02 시편/시편 015장.md,http://www.holybible.or.kr/B_GAE/cgi/bibleftxt.php?VR=GAE&VL=19&CN=15&CV=99,5,bffb108e3505e3d4b18984c1736e41653a0dc080cc30c82880720e3e3370643a,12af86f4f3d2ead82da6b715f992b0648a18a16f41cd83050098575f9ecf1bcb,2026-08-17T12:51:26+00:00,ok
10 신앙·성경/성경/개역개정 구약성경/30 시가서/02 시편/시편 016장.md,http://www.holybible.or.kr/B_GAE/cgi/bibleftxt.php?VR=GAE&VL=19&CN=16&CV=99,11,157a8383a752af529e2eaf01a187073accaac825fabd92d40e9e6e5dfa9ec267,e8dc152eb561c590915658a34eb5548d2b6f0cd1920f6fe4953808c6303a7123,2026-08-17T12:51:26+00:00,ok
10 신앙·성경/성경/개역개정 구약성경/30 시가서/02 시편/시편 017장.md,http://www.holybible.or.kr/B_GAE/cgi/bibleftxt.php?VR=GAE&VL=19&CN=17&CV=99,15,62ac6ca1e1d33b441e858591b76c0dda23fb1dc60d04b00fc980a38e34626c4a,97bb968261e4fdf50f5d6f36ac84d048ae58d5f82d08001002d35b520276f9f7,2026-08-17T12:51:26+00:00,ok
10 신앙·성경/성경/개역개정 구약성경/30 시가서/02 시편/시편 018장.md,http://www.holybible.or.kr/B_GAE/cgi/bibleftxt.php?VR=GAE&VL=19&CN=18&CV=99,50,410e5d2336eeb0a1631f350eead761958f7d146b80d1e9b29812b73d9ef512ce,52134cfb7d0b860c926ee530e0bc69111cae6a0e4a721634193be1bf566515c9,2026-08-17T12:51:26+00:00,ok
10 신앙·성경/성경/개역개정 구약성경/30 시가서/02 시편/시편 019장.md,http://www.holybible.or.kr/B_GAE/cgi/bibleftxt.php?VR=GAE&VL=19&CN=19&CV=99,14,99ac446a35c435b498470032b9a3a1848a18bb7348e953ba3533bef0575a15e1,8ea447a4c15f846442a07bd11fedc4438d55d3284f662cc31b9734aa290e3795,2026-08-17T12:51:26+00:00,ok
10 신앙·성경/성경/개역개정 구약성경/30 시가서/02 시편/시편 020장.md,http://www.holybible.or.kr/B_GAE/cgi/bibleftxt.php?VR=GAE&VL=19&CN=20&CV=99,9,2c698708c35807c198ffc721200688c7fbf30110d8d7bb2904034c3109329e9c,f7b32eed32c774f9b2cdbd288a4eed4b3996c2bd714712da29a43fb44ad137ac,2026-08-17T12:51:26+00:00,ok
10 신앙·성경/성경/개역개정 구약성경/30 시가서/02 시편/시편 021장.md,http://www.holybible.or.kr/B_GAE/cgi/bibleftxt.php?VR=GAE&VL=19&CN=21&CV=99,13,e27e9891b8c020e986d00917d4fd0e32667bb737f978cf597d785d064a591e1c,5c82837138bea5e3e6fee9be97022153a204768be9a05609498d921c96625005,2026-08-17T12:51:26+00:00,ok
10 신앙·성경/성경/개역개정 구약성경/30 시가서/02 시편/시편 022장.md,http://www.holybible.or.kr/B_GAE/cgi/bibleftxt.php?VR=GAE&VL=19&CN=22&CV=99,31,5f97da1ca5287e920652a9dfb66286aa85ed2ad6cd7e1a5fa97485de2a34e151,1773fea44e607e5a435a108cacc86268ce39f1e289f65eac9846e94cd38e57dc,2026-08-17T12:51:26+00:00,ok
10 신앙·성경/성경/개역개정 구약성경/30 시가서/02 시편/시편 023장.md,http://www.holybible.or.kr/B_GAE/cgi/bibleftxt.php?VR=GAE&VL=19&CN=23&CV=99,6,938cea492034031e8c68969d6d2e9b5d7996fcb8e87e3d92acd56aa12d296b1f,4701f5e9aab74a812770b980410cc12d1f96cb45f5ca383b03d86281b16c1882,2026-08-17T12:51:26+00:00,ok
10 신앙·성경/성경/개역개정 구약성경/30 시가서/02 시편/시편 024장.md,http://www.holybible.or.kr/B_GAE/cgi/bibleftxt.php?VR=GAE&VL=19&CN=24&CV=99,10,30eb7e4f9e76be487e6d5822180bf669de5b798b92cb9122cc751a0974f8df97,cd5a1728dd0d600d8f601978a7a5f42a3a1fbee83c5bcecda478aba6c5eb69c8,2026-08-17T12:51:26+00:00,ok
10 신앙·성경/성경/개역개정 구약성경/30 시가서/02 시편/시편 025장.md,http://www.holybible.or.kr/B_GAE/cgi/bibleftxt.php?VR=GAE&VL=19&CN=25&CV=99,22,14873e7e48abf456036d4eee1f0b8a90c78b74c8ee284a8cd7283a8aa1ee865e,b0d2e3116e2d84af65a8a17c22642c77a21344b07eda00e7c52b32dd66726acb,2026-08-17T12:51:26+00:00,ok
10 신앙·성경/성경/개역개정 구약성경/30 시가서/02 시편/시편 026장.md,http://www.holybible.or.kr/B_GAE/cgi/bibleftxt.php?VR=GAE&VL=19&CN=26&CV=99,12,ebb6752995874357cb23f3b66c46c2ca77bb0fb2a3e831b2a74e5872da359311,b6167bae4c5922fb4fc77d1a023130e27cc482863d585480ed5ee2d8a3649ffb,2026-08-17T12:51:26+00:00,ok
10 신앙·성경/성경/개역개정 구약성경/30 시가서/02 시편/시편 027장.md,http://www.holybible.or.kr/B_GAE/cgi/bibleftxt.php?VR=GAE&VL=19&CN=27&CV=99,14,e7181d82e1eca92bba3248bfcf70838c10f196909d635f852401764b2ad456b4,469f225301d773298c5b6c2780a6f867b14730fe3bdd434a93a8e1e1e0dedbed,2026-08-17T12:51:26+00:00,ok
10 신앙·성경/성경/개역개정 구약성경/30 시가서/02 시편/시편 028장.md,http://www.holybible.or.kr/B_GAE/cgi/bibleftxt.php?VR=GAE&VL=19&CN=28&CV=99,9,b364520f8e553fbdce8d26152aaafcf7ce8511083ceace491b00e7b6418b7c9a,d0afd9fe2979541581668652dc9a4f90b19876d04d4ddaef738400c65cd5ce85,2026-08-17T12:51:26+00:00,ok
10 신앙·성경/성경/개역개정 구약성경/30 시가서/02 시편/시편 029장.md,http://www.holybible.or.kr/B_GAE/cgi/bibleftxt.php?VR=GAE&VL=19&CN=29&CV=99,11,62470d6ab27695457e04fc337daeeba609ddde9a5780529b0db248f58025a1dc,40b1f2f0837d2d37aa957192d81b5d51e1830b7b75ddca770448bed04f4d967f,2026-08-17T12:51:26+00:00,ok
10 신앙·성경/성경/개역개정 구약성경/30 시가서/02 시편/시편 030장.md,http://www.holybible.or.kr/B_GAE/cgi/bibleftxt.php?VR=GAE&VL=19&CN=30&CV=99,12,441883cb8153b0bc252550a215f92ac3473c26f85786a0edbdbdcbe07f38f0da,968518a818704c12b9df389844bed3657ce8698c9200cbb14fb649d6c3ff5392,2026-08-17T12:51:26+00:00,ok
10 신앙·성경/성경/개역개정 구약성경/30 시가서/02 시편/시편 031장.md,http://www.holybible.or.kr/B_GAE/cgi/bibleftxt.php?VR=GAE&VL=19&CN=31&CV=99,24,793bc77e679a225aae2297fd9417cc911fff5e2b3373b433c8396209c23880da,2a9d1dda8132dae3f32437d5462a45b72de84110691b45f2bdbbf42553a7a912,2026-08-17T12:51:26+00:00,ok
10 신앙·성경/성경/개역개정 구약성경/30 시가서/02 시편/시편 032장.md,http://www.holybible.or.kr/B_GAE/cgi/bibleftxt.php?VR=GAE&VL=19&CN=32&CV=99,11,c56dcada47afbc74177ce44fcd48f4c0fd6c83931208880571f7012636ad7b2d,d4c9f0b397fd0fb0cb0e422798896af529138f13b1a820e0561e477422420bd6,2026-08-17T12:51:26+00:00,ok
10 신앙·성경/성경/개역개정 구약성경/30 시가서/02 시편/시편 033장.md,http://www.holybible.or.kr/B_GAE/cgi/bibleftxt.php?VR=GAE&VL=19&CN=33&CV=99,22,2c13056a8b6dfdc3e62b60e8f8ed19c4fc3e9de3b8cf2205780af2b6eb3898af,e4e1f342ac8f36b32dfa67f402fda568aa4003339aa943b80cbbab716d64af00,2026-08-17T12:51:26+00:00,ok
10 신앙·성경/성경/개역개정 구약성경/30 시가서/02 시편/시편 034장.md,http://www.holybible.or.kr/B_GAE/cgi/bibleftxt.php?VR=GAE&VL=19&CN=34&CV=99,22,17917c417a8d444b5a6f0b6739992fb8dc28d16f69f1e8f99475f5be7328f8a4,03067355f38ed38004f9553c3e8cf12267d619921e62c3673d3d35f6d17d2be8,2026-08-17T12:51:26+00:00,ok
10 신앙·성경/성경/개역개정 구약성경/30 시가서/02 시편/시편 035장.md,http://www.holybible.or.kr/B_GAE/cgi/bibleftxt.php?VR=GAE&VL=19&CN=35&CV=99,28,e018937da360f08f4d05b2be6b4bcbfa83056e538250b88eaa4a79d4decac3bb,235b6c9c66f3aff1c982171e422572dd20cafa0981910a5c98489164789c0992,2026-08-17T12:51:26+00:00,ok
10 신앙·성경/성경/개역개정 구약성경/30 시가서/02 시편/시편 036장.md,http://www.holybible.or.kr/B_GAE/cgi/bibleftxt.php?VR=GAE&VL=19&CN=36&CV=99,12,e8be3c22b15c7d02449755ef6651379852a2cf458baccedf25c19e9b841e9acf,b6e66b338cd228611db5bbf78bf4a73731504a681891bbd3e6f2ce6968a41dfe,2026-08-17T12:51:26+00:00,ok
10 신앙·성경/성경/개역개정 구약성경/30 시가서/02 시편/시편 037장.md,http://www.holybible.or.kr/B_GAE/cgi/bibleftxt.php?VR=GAE&VL=19&CN=37&CV=99,40,2614ca3ed4a44df6347f115a7b7a49a3b16c543391d3557cd17f098adb6226ed,bae1faba937aea716cd3c189713cc4507fe2117c8c31e08edbf6532217039a9e,2026-08-17T12:51:26+00:00,ok
10 신앙·성경/성경/개역개정 구약성경/30 시가서/02 시편/시편 038장.md,http://www.holybible.or.kr/B_GAE/cgi/bibleftxt.php?VR=GAE&VL=19&CN=38&CV=99,22,75df623201daf25caa110b65eba06fba25f5f4200ae819f89fd201a796fea923,7dad426ba832dec85e624a86e07b65a92325d16c68d9fc25ff392ce5f89f7da0,2026-08-17T12:51:26+00:00,ok
10 신앙·성경/성경/개역개정 구약성경/30 시가서/02 시편/시편 039장.md,http://www.holybible.or.kr/B_GAE/cgi/bibleftxt.php?VR=GAE&VL=19&CN=39&CV=99,13,7346d58c87812ba11e320d72ead6087c3a519d65cdb72229f67ac35b7449f5e0,f35e292c88e69202289fc529ba4078d2ef76152424e995d08cf459cf4f438dbe,2026-08-17T12:51:26+00:00,ok
10 신앙·성경/성경/개역개정 구약성경/30 시가서/02 시편/시편 040장.md,http://www.holybible.or.kr/B_GAE/cgi/bibleftxt.php?VR=GAE&VL=19&CN=40&CV=99,17,f4696293cf20ca6394484189cde1829693e61e0e2a35bff380a1a886ad68e9b8,2c895129a879a9e1988942b2b964e0113dcd75cce33c72674cd368cc408d8316,2026-08-17T12:51:26+00:00,ok
10 신앙·성경/성경/개역개정 구약성경/30 시가서/02 시편/시편 041장.md,http://www.holybible.or.kr/B_GAE/cgi/bibleftxt.php?VR=GAE&VL=19&CN=41&CV=99,13,08efcaa869743b19d092725e2d90d9f8de39ab54e1b3c365cf395dbabd907630,256de1601db2eabd1db109033777e73ce63c5ea576d9d2784ea3efea9f49eb8f,2026-08-17T12:51:26+00:00,ok
10 신앙·성경/성경/개역개정 구약성경/30 시가서/02 시편/시편 042장.md,http://www.holybible.or.kr/B_GAE/cgi/bibleftxt.php?VR=GAE&VL=19&CN=42&CV=99,11,8faf7ac47648eaeae615d9c15daddfb96669f069f34d497cf8fbe8124065f475,bb41683a7171f57b59c8362bf32eeb41b91910a8b22a6e988821e4981eddfcd6,2026-08-17T12:51:26+00:00,ok
10 신앙·성경/성경/개역개정 구약성경/30 시가서/02 시편/시편 043장.md,http://www.holybible.or.kr/B_GAE/cgi/bibleftxt.php?VR=GAE&VL=19&CN=43&CV=99,5,0bbebe70f5c6f32ab45318917b0a904f348ec531e244741298cd408937d3b2af,3541d26f1ad3df586b25ec028e18ce2252133cf351957ffda1ece6f67f17fdd0,2026-08-17T12:51:26+00:00,ok
10 신앙·성경/성경/개역개정 구약성경/30 시가서/02 시편/시편 044장.md,http://www.holybible.or.kr/B_GAE/cgi/bibleftxt.php?VR=GAE&VL=19&CN=44&CV=99,26,06642d1ebb70fedc4fd8687292a18f84351410cbd0c0837073c1a4fbfc38649d,82105dd074b196160873170dde59b72e408b1f60731cd5b2cdffe99a9b126823,2026-08-17T12:51:26+00:00,ok
10 신앙·성경/성경/개역개정 구약성경/30 시가서/02 시편/시편 045장.md,http://www.holybible.or.kr/B_GAE/cgi/bibleftxt.php?VR=GAE&VL=19&CN=45&CV=99,17,fd51f29825fa5bb7db8ffa05d4bce7ac74a2e73e104f3d0c14075ac6e4cfe40b,08f64e6660181f32693cfdee73b3c9ace7a0c581515423740d37150e26a6b59e,2026-08-17T12:51:26+00:00,ok
10 신앙·성경/성경/개역개정 구약성경/30 시가서/02 시편/시편 046장.md,http://www.holybible.or.kr/B_GAE/cgi/bibleftxt.php?VR=GAE&VL=19&CN=46&CV=99,11,fe85f5192379c30c48e72fada4d08954c0cd686997c89898a46f2700c2ea528f,f65d59775c7eaf337c6191b1463f169cf1e30d4b6b6788f62ebb30e6de646a15,2026-08-17T12:51:26+00:00,ok
10 신앙·성경/성경/개역개정 구약성경/30 시가서/02 시편/시편 047장.md,http://www.holybible.or.kr/B_GAE/cgi/bibleftxt.php?VR=GAE&VL=19&CN=47&CV=99,9,58752ac66d18c5b5df458cf2d44a4ed3d914e1def85cc9eddaa81c5292392963,8b1cec442603e7329e86e7aab315f7530d9b3d800b33068310efac6cd9800015,2026-08-17T12:51:26+00:00,ok
10 신앙·성경/성경/개역개정 구약성경/30 시가서/02 시편/시편 048장.md,http://www.holybible.or.kr/B_GAE/cgi/bibleftxt.php?VR=GAE&VL=19&CN=48&CV=99,14,fb820c7a8af86cf1706db43be6d39e1674633fd7eb9925d7809fa0d95f4e27d1,9929ce8ad4a2ce69b6a0c570e4cb20a66bc9f22a2104a93a5e0f1bbe6816c61c,2026-08-17T12:51:26+00:00,ok
10 신앙·성경/성경/개역개정 구약성경/30 시가서/02 시편/시편 049장.md,http://www.holybible.or.kr/B_GAE/cgi/bibleftxt.php?VR=GAE&VL=19&CN=49&CV=99,20,7dba15012aac3bac07b4bb75f96419a6a0837d29027d0895e0d2d636931f9dae,5110e42599e36c29560dd507b23100ec601e65932ffde7108d229a6906ae05f3,2026-08-17T12:51:26+00:00,ok
10 신앙·성경/성경/개역개정 구약성경/30 시가서/02 시편/시편 050장.md,http://www.holybible.or.kr/B_GAE/cgi/bibleftxt.php?VR=GAE&VL=19&CN=50&CV=99,23,fb3ac81450e46fbd371427b57281c87b503c0bddf1b1855121570ebe7123dd5b,fbecc3b2ede4fadf2d333dc85724414bab3d7d158889064e0b7fa61fb4f47af3,2026-08-17T12:51:26+00:00,ok
10 신앙·성경/성경/개역개정 구약성경/30 시가서/02 시편/시편 051장.md,http://www.holybible.or.kr/B_GAE/cgi/bibleftxt.php?VR=GAE&VL=19&CN=51&CV=99,19,bb05badb2b0312bcfca5b3f62c25650e3e073a960e0919b7866db949b644d67a,cd4ef9f9a963c5597b6ff9806c74ee5a776b40c2ad5c6edecbc199d10b73e570,2026-08-17T12:51:26+00:00,ok
10 신앙·성경/성경/개역개정 구약성경/30 시가서/02 시편/시편 052장.md,http://www.holybible.or.kr/B_GAE/cgi/bibleftxt.php?VR=GAE&VL=19&CN=52&CV=99,9,f7f7de897e9395f0b001e29e33991f5839608a3af5bb7d995f2cfd163060a123,62ac9b08cbab06be7c7423c7bfa217f966926a54229f21c88537470ce992ba0d,2026-08-17T12:51:26+00:00,ok
10 신앙·성경/성경/개역개정 구약성경/30 시가서/02 시편/시편 053장.md,http://www.holybible.or.kr/B_GAE/cgi/bibleftxt.php?VR=GAE&VL=19&CN=53&CV=99,6,cf99bab40efd59204f34510ed4b43b7545ce710a88722991a77b203c7917eeaf,45fc73a4d63431411b4a59a797624e8a45327eef4acf5e98c8cc89bc4a029483,2026-08-17T12:51:26+00:00,ok
10 신앙·성경/성경/개역개정 구약성경/30 시가서/02 시편/시편 054장.md,http://www.holybible.or.kr/B_GAE/cgi/bibleftxt.php?VR=GAE&VL=19&CN=54&CV=99,7,ed5b3fb6fe32d8720b9223bc64b1180e6b0d054c6d1599b76712b8cb4c8f0e1b,2b1799f67252a25ef75bbabb23e9af9ba9659d30991eb2509b9da47bda82d323,2026-08-17T12:51:26+00:00,ok
10 신앙·성경/성경/개역개정 구약성경/30 시가서/02 시편/시편 055장.md,http://www.holybible.or.kr/B_GAE/cgi/bibleftxt.php?VR=GAE&VL=19&CN=55&CV=99,23,d8a42acae0f32d42ad8498965415395ff989c3f75dbff3e41989a308da99a24d,bbeef6b661ee1fbc0223de2a92d2c199991355acb202e919e6f1dfca4de388da,2026-08-17T12:51:26+00:00,ok
10 신앙·성경/성경/개역개정 구약성경/30 시가서/02 시편/시편 056장.md,http://www.holybible.or.kr/B_GAE/cgi/bibleftxt.php?VR=GAE&VL=19&CN=56&CV=99,13,d1b9f3edc313e56402d34d94cd8a79f287fddb495387d7db170674dba7d0380f,d40a896dc40d4bd4271c5d5e69e74848f5cd55531c9448dae1416ab075e52dec,2026-08-17T12:51:26+00:00,ok
10 신앙·성경/성경/개역개정 구약성경/30 시가서/02 시편/시편 057장.md,http://www.holybible.or.kr/B_GAE/cgi/bibleftxt.php?VR=GAE&VL=19&CN=57&CV=99,11,3063936c96be1089b437270324ab7a6f36fde6f3d505010f37aa6f3acb71d9b2,3f8b82fc8c8a52c4a1271750ca9bda7e246a744aebc45870072ee3232463f882,2026-08-17T12:51:26+00:00,ok
10 신앙·성경/성경/개역개정 구약성경/30 시가서/02 시편/시편 058장.md,http://www.holybible.or.kr/B_GAE/cgi/bibleftxt.php?VR=GAE&VL=19&CN=58&CV=99,11,2f759addf9b843360779c24e7439d5ec24f9a7c62913d30f9c760add0e5144b0,82c085301f0e9e5a7b005961b81e006c5e94bdf44906035fb31d6511cf60abef,2026-08-17T12:51:26+00:00,ok
10 신앙·성경/성경/개역개정 구약성경/30 시가서/02 시편/시편 059장.md,http://www.holybible.or.kr/B_GAE/cgi/bibleftxt.php?VR=GAE&VL=19&CN=59&CV=99,17,026716ea2209d3755550a29a374b80dde9e5053ec9bbc17d01b8630deb81501e,b20e940b594a6a583a920d51f10a2d8f1d9105fcb6f62bb993970b51a84221cc,2026-08-17T12:51:26+00:00,ok
10 신앙·성경/성경/개역개정 구약성경/30 시가서/02 시편/시편 060장.md,http://www.holybible.or.kr/B_GAE/cgi/bibleftxt.php?VR=GAE&VL=19&CN=60&CV=99,12,2e848bdd8ddca28d77b791c0f97f475a3833c8d8da9189bf84e915d89d0fbeb0,2aa3dcdc38f55515a0995fcc9225d75c822d3386e48085d1f0ee96236b91a58a,2026-08-17T12:51:26+00:00,ok
10 신앙·성경/성경/개역개정 구약성경/30 시가서/02 시편/시편 061장.md,http://www.holybible.or.kr/B_GAE/cgi/bibleftxt.php?VR=GAE&VL=19&CN=61&CV=99,8,269c79cf574c3cf4c691f1a8cb11ee58da2dc3b1e69d387a927c3c158f50a48f,3b15c7b2d644cda77b9d7d89ecfe00cb8f7c88a0b11ea1d059026a0617e183cf,2026-08-17T12:51:26+00:00,ok
10 신앙·성경/성경/개역개정 구약성경/30 시가서/02 시편/시편 062장.md,http://www.holybible.or.kr/B_GAE/cgi/bibleftxt.php?VR=GAE&VL=19&CN=62&CV=99,12,934fdf282fed0db7caf43e14f9d447ecee67a0f4d8ea00c94c6c41fe170cfcde,f8eab0d9121b7b863db588dc52790eac69b187016b24e2d9db05f9fc93927435,2026-08-17T12:51:26+00:00,ok
10 신앙·성경/성경/개역개정 구약성경/30 시가서/02 시편/시편 063장.md,http://www.holybible.or.kr/B_GAE/cgi/bibleftxt.php?VR=GAE&VL=19&CN=63&CV=99,11,a054d64b7ecf2aa707019bc932bdf2b986b0316f3271a0412502f8b3a8282a29,d4274affb00b897d471eeb5ee27fcf4407143c1d6c46984add5ce1d1b2fe10cc,2026-08-17T12:51:26+00:00,ok
10 신앙·성경/성경/개역개정 구약성경/30 시가서/02 시편/시편 064장.md,http://www.holybible.or.kr/B_GAE/cgi/bibleftxt.php?VR=GAE&VL=19&CN=64&CV=99,10,38c9a93d9f8eef5ed85b98db0b13a2a29a8bc6f22650b697ec9e50d4f3b6f7de,f18648aedcd4722085e606734254588823cdfcb20497fa28bd72daf1efba37f6,2026-08-17T12:51:26+00:00,ok
10 신앙·성경/성경/개역개정 구약성경/30 시가서/02 시편/시편 065장.md,http://www.holybible.or.kr/B_GAE/cgi/bibleftxt.php?VR=GAE&VL=19&CN=65&CV=99,13,94fbb7987e1ffce20e1a40460e9d7af31423390c63ca30505d1295be77ad7898,08215f80f833a64899441e9a7c342deb8e35d1f90acd5a1aea554e453a8c478b,2026-08-17T12:51:26+00:00,ok
10 신앙·성경/성경/개역개정 구약성경/30 시가서/02 시편/시편 066장.md,http://www.holybible.or.kr/B_GAE/cgi/bibleftxt.php?VR=GAE&VL=19&CN=66&CV=99,20,7eacc974beb619559293ddc44fea13b307098a1e565bbf566c5c4d320a4c66cf,69874036dc3397c10bdf9acdd84f6f487afc7c2afa1559890a81859c471b1fec,2026-08-17T12:51:26+00:00,ok
10 신앙·성경/성경/개역개정 구약성경/30 시가서/02 시편/시편 067장.md,http://www.holybible.or.kr/B_GAE/cgi/bibleftxt.php?VR=GAE&VL=19&CN=67&CV=99,7,dca7d75d4ed8c8d92244f04e227141740027537a8ed342024ff1ef456675fc52,c84fd843185062761bd019e9c01e9037ec42255eee635c5855aa164cda14224f,2026-08-17T12:51:26+00:00,ok
10 신앙·성경/성경/개역개정 구약성경/30 시가서/02 시편/시편 068장.md,http://www.holybible.or.kr/B_GAE/cgi/bibleftxt.php?VR=GAE&VL=19&CN=68&CV=99,35,6c5645d6531e72fbeac3c90a874fe1b1e6905231a46576d46bddef695b852896,4ff7f7cd29fed52816d4d1841ecd2babe35339b8545a9494ea609ae5e40935ff,2026-08-17T12:51:26+00:00,ok
10 신앙·성경/성경/개역개정 구약성경/30 시가서/02 시편/시편 069장.md,http://www.holybible.or.kr/B_GAE/cgi/bibleftxt.php?VR=GAE&VL=19&CN=69&CV=99,36,d5c35440535ee7d31f16269783d4712a22ef85af4a5e3887e2d04991038e9e33,58d399643d584ad6023bbdc33ad849c68f4723160ce15bbeb29d5cedc4d2eebc,2026-08-17T12:51:26+00:00,ok
10 신앙·성경/성경/개역개정 구약성경/30 시가서/02 시편/시편 070장.md,http://www.holybible.or.kr/B_GAE/cgi/bibleftxt.php?VR=GAE&VL=19&CN=70&CV=99,5,b069151ee24071e7c0421b2b17d5f1d077674ee287bfddd00376947e196570fe,636b81b8a9fb611d21175e528847e7485e3fe1a191228da7e5cc59f8c15cf644,2026-08-17T12:51:26+00:00,ok
10 신앙·성경/성경/개역개정 구약성경/30 시가서/02 시편/시편 071장.md,http://www.holybible.or.kr/B_GAE/cgi/bibleftxt.php?VR=GAE&VL=19&CN=71&CV=99,24,2457f4d8a6360ca8199bcb61e73e3c7124397e086ee09e5c65b39255ddf9958a,ae84398dfa0305ae706227f51b184bc23adc916ffe27e1b373e3cc829499c627,2026-08-17T12:51:26+00:00,ok
10 신앙·성경/성경/개역개정 구약성경/30 시가서/02 시편/시편 072장.md,http://www.holybible.or.kr/B_GAE/cgi/bibleftxt.php?VR=GAE&VL=19&CN=72&CV=99,20,f01c4edfbf362924e678d3de532ac2c8486b7b70ee422dd3683f0727ec485cea,356290489106ffb7da7f6a406da8ea5a58936ce742e39bd48b9c1a0448e43ab0,2026-08-17T12:51:26+00:00,ok
10 신앙·성경/성경/개역개정 구약성경/30 시가서/02 시편/시편 073장.md,http://www.holybible.or.kr/B_GAE/cgi/bibleftxt.php?VR=GAE&VL=19&CN=73&CV=99,28,c5c48e7515a1def0d76a5b3e0bc3ffdb4b6209902e8ef80c2c0ea0e774fe4282,29605098a4e6097da695488871df7f431fa08215e9d3f751098419c0a72a7611,2026-08-17T12:51:26+00:00,ok
10 신앙·성경/성경/개역개정 구약성경/30 시가서/02 시편/시편 074장.md,http://www.holybible.or.kr/B_GAE/cgi/bibleftxt.php?VR=GAE&VL=19&CN=74&CV=99,23,63a757f0330bebe597ce0dfdf42a6ba6b2433d0cd8801f09e47974c7eed0292b,6250edc35f84fc0e929ce51515f77d60ef30f52943d09f7ee81b619e92ab59df,2026-08-17T12:51:26+00:00,ok
10 신앙·성경/성경/개역개정 구약성경/30 시가서/02 시편/시편 075장.md,http://www.holybible.or.kr/B_GAE/cgi/bibleftxt.php?VR=GAE&VL=19&CN=75&CV=99,10,aa2ee1a16bb69756b4648344c0358835ac6e10c04dd4cf5ea2436c2beec8f003,45ef6e1ef688167c888c3b2ad9e2ef7719c998f07bf70b8803d73d4cbe7875eb,2026-08-17T12:51:26+00:00,ok
10 신앙·성경/성경/개역개정 구약성경/30 시가서/02 시편/시편 076장.md,http://www.holybible.or.kr/B_GAE/cgi/bibleftxt.php?VR=GAE&VL=19&CN=76&CV=99,12,16977a6a6ed7fdfe9d5b4b073145841ff7094a50f4515bf550d44727bbac63f2,fc0eab44b22d1ad5a8cd13fb3e3e9e97af09a593c39eac99d3adcdb5422cbc1e,2026-08-17T12:51:26+00:00,ok
10 신앙·성경/성경/개역개정 구약성경/30 시가서/02 시편/시편 077장.md,http://www.holybible.or.kr/B_GAE/cgi/bibleftxt.php?VR=GAE&VL=19&CN=77&CV=99,20,fa2a00b73d7fa4c9838a8bbb98b4a75d5340eca146459d2d3538d89c938514c0,a88471377f5b1d378c4dde9a34972e7809f980195e5178f887736d06a53dc75b,2026-08-17T12:51:26+00:00,ok
10 신앙·성경/성경/개역개정 구약성경/30 시가서/02 시편/시편 078장.md,http://www.holybible.or.kr/B_GAE/cgi/bibleftxt.php?VR=GAE&VL=19&CN=78&CV=99,72,6c44ad3f20cdf738a81d0ceeae72caa05f579bec6340ec912cb271706efb27ab,497c1e22d953a0d2c68d0b1473cf8a76a9c59f44154e166c44e13a35c0fcc234,2026-08-17T12:51:26+00:00,ok
10 신앙·성경/성경/개역개정 구약성경/30 시가서/02 시편/시편 079장.md,http://www.holybible.or.kr/B_GAE/cgi/bibleftxt.php?VR=GAE&VL=19&CN=79&CV=99,13,da10ede642131603261ebd2ed843ea860931bde32953365afa37d23727fe66f3,5a325ff6d86aef3161a50b73b4cf0327e2e3aad0354d8726b696d3266944a340,2026-08-17T12:51:26+00:00,ok
10 신앙·성경/성경/개역개정 구약성경/30 시가서/02 시편/시편 080장.md,http://www.holybible.or.kr/B_GAE/cgi/bibleftxt.php?VR=GAE&VL=19&CN=80&CV=99,19,7d9006db66f47c7d09590ea761a8e3f6d1824be4f3e70602c12dcda364f58d64,44c360144508834269a6bb5ab57de25bc12602abf6760cc85eb002ef2d8d7ae5,2026-08-17T12:51:26+00:00,ok
10 신앙·성경/성경/개역개정 구약성경/30 시가서/02 시편/시편 081장.md,http://www.holybible.or.kr/B_GAE/cgi/bibleftxt.php?VR=GAE&VL=19&CN=81&CV=99,16,e5218330edcdc8afaed3c7057b689fe607fa3a05f9fbf061807e92a64054dc36,5b252d53559e4d4df7c9d1a8bf32e1329a2b2b298ac91b1757e13aafa5611e92,2026-08-17T12:51:26+00:00,ok
10 신앙·성경/성경/개역개정 구약성경/30 시가서/02 시편/시편 082장.md,http://www.holybible.or.kr/B_GAE/cgi/bibleftxt.php?VR=GAE&VL=19&CN=82&CV=99,8,71caba230c05a97f47f82e4a71b3b2478f8d7e56f104fb26a4e66343b85ac70b,0b5a3c5037430b42fba6ee4ca36bad874cccd7d5c2a4366d0efbf9125a053b11,2026-08-17T12:51:26+00:00,ok
10 신앙·성경/성경/개역개정 구약성경/30 시가서/02 시편/시편 083장.md,http://www.holybible.or.kr/B_GAE/cgi/bibleftxt.php?VR=GAE&VL=19&CN=83&CV=99,18,208a2f1b49dfd843023e8f8213801ca6a293dca1a79c6cabba31e5f8058841e9,4a59d8035a369c130700ed91e614440f439c37b8d24cb8907f526230697ce470,2026-08-17T12:51:26+00:00,ok
10 신앙·성경/성경/개역개정 구약성경/30 시가서/02 시편/시편 084장.md,http://www.holybible.or.kr/B_GAE/cgi/bibleftxt.php?VR=GAE&VL=19&CN=84&CV=99,12,df889cbf5bf23191063af9a0e061d57de44f105f88b3b5c5aa2b938e42932890,f41ceddc0d5433c051224c8bfd6e198162d08f0fb9aa7f2ddbde080f281c398e,2026-08-17T12:51:26+00:00,ok
10 신앙·성경/성경/개역개정 구약성경/30 시가서/02 시편/시편 085장.md,http://www.holybible.or.kr/B_GAE/cgi/bibleftxt.php?VR=GAE&VL=19&CN=85&CV=99,13,3f23d76cfd24dea818379d35e3136ba0b78dac8946547dbda9a852b5e2e87d5b,14784b7c62f25f205c22b40ebc885e08168b58fd0449df21bdba53aeaaf331b0,2026-08-17T12:51:26+00:00,ok
10 신앙·성경/성경/개역개정 구약성경/30 시가서/02 시편/시편 086장.md,http://www.holybible.or.kr/B_GAE/cgi/bibleftxt.php?VR=GAE&VL=19&CN=86&CV=99,17,7141558ea67d08aa10363eb56a8a60050a19ffd1c3a14b532cb1bd365741e540,139390c0385a975388cec26e4ed4ca1a4c8cca3c11bbb820989276caac2407ed,2026-08-17T12:51:26+00:00,ok
10 신앙·성경/성경/개역개정 구약성경/30 시가서/02 시편/시편 087장.md,http://www.holybible.or.kr/B_GAE/cgi/bibleftxt.php?VR=GAE&VL=19&CN=87&CV=99,7,4855e8c55c138f18479032473e78d85f36273b87e20194bc6f01181c0c0d6f48,f59676ecd46c7f63513a78a8853391736f5ccf9d7a4cece84aa3b57ae2b2ecfb,2026-08-17T12:51:26+00:00,ok
10 신앙·성경/성경/개역개정 구약성경/30 시가서/02 시편/시편 088장.md,http://www.holybible.or.kr/B_GAE/cgi/bibleftxt.php?VR=GAE&VL=19&CN=88&CV=99,18,7ec0265c0da50c2c2c8ae88a71c3a3cec12ac56873b6b3aeb1f33b78f52b6217,380b7355d7b4577e5a74a6dd8514b1b8a45e540a6677981a40dfbb4a3d5270f2,2026-08-17T12:51:26+00:00,ok
10 신앙·성경/성경/개역개정 구약성경/30 시가서/02 시편/시편 089장.md,http://www.holybible.or.kr/B_GAE/cgi/bibleftxt.php?VR=GAE&VL=19&CN=89&CV=99,52,c74e528a86bfc8d4b34ec4aa66a97607de3464bf1504b8d85f1b30932143f4a6,63bac516fffcb01db9fccc727f1fc4323fdbeb405d13ccea17c1f8037a50fc44,2026-08-17T12:51:26+00:00,ok
10 신앙·성경/성경/개역개정 구약성경/30 시가서/02 시편/시편 090장.md,http://www.holybible.or.kr/B_GAE/cgi/bibleftxt.php?VR=GAE&VL=19&CN=90&CV=99,17,ef1320bedc582272ae8f99923546c591fe8defea7ebdea2aa9bfa41dbbffa93d,b7be14c569b9b213d8afcde25d0abb2be8f4bf1574e29b02ed741f6d96484a57,2026-08-17T12:51:26+00:00,ok
10 신앙·성경/성경/개역개정 구약성경/30 시가서/02 시편/시편 091장.md,http://www.holybible.or.kr/B_GAE/cgi/bibleftxt.php?VR=GAE&VL=19&CN=91&CV=99,16,df24ed46b1571047f40e8873fc2ecc286bf378498e310f4a9bc4d7f95d74a070,6be7414f04e3ab13f8c8875ce0f555648f02ef066285d21c51ae8fc0fda000a5,2026-08-17T12:51:26+00:00,ok
10 신앙·성경/성경/개역개정 구약성경/30 시가서/02 시편/시편 092장.md,http://www.holybible.or.kr/B_GAE/cgi/bibleftxt.php?VR=GAE&VL=19&CN=92&CV=99,13,15f3e095e40334c9275075b49ebe9187525282dc1563390b054983e6e34d5163,b3a9dc8def73b17ad25a461394554484259d96189cb5ece1aacc5e4e29a4a7bf,2026-08-17T12:51:26+00:00,ok
10 신앙·성경/성경/개역개정 구약성경/30 시가서/02 시편/시편 093장.md,http://www.holybible.or.kr/B_GAE/cgi/bibleftxt.php?VR=GAE&VL=19&CN=93&CV=99,5,3368ee1f179437323a6f3eabea8ffad029d493ad69131b74454d74f5b860290a,8d39a078e2d53ecaf69d4c810a91b5fa93996d7e63f8db12930e2ed9ebeccb63,2026-08-17T12:51:26+00:00,ok
10 신앙·성경/성경/개역개정 구약성경/30 시가서/02 시편/시편 094장.md,http://www.holybible.or.kr/B_GAE/cgi/bibleftxt.php?VR=GAE&VL=19&CN=94&CV=99,23,6b7ffa657dc9529b1c9c7d14c28bb83972e401b492ec33bf59506d4999d5db36,c147c299b36b62db1cbdc8c6dab79390fc3b79538c03602486a8cdae8abb9948,2026-08-17T12:51:26+00:00,ok
10 신앙·성경/성경/개역개정 구약성경/30 시가서/02 시편/시편 095장.md,http://www.holybible.or.kr/B_GAE/cgi/bibleftxt.php?VR=GAE&VL=19&CN=95&CV=99,11,8896be54055c056ae9fbfc5fa2bbe917e26a205c7aad7e8f69dd847316574ae6,b82c5ff8c70b1e516467cc476a581c305e42dff7ce328a15ecb4afabe534d033,2026-08-17T12:51:26+00:00,ok
10 신앙·성경/성경/개역개정 구약성경/30 시가서/02 시편/시편 096장.md,http://www.holybible.or.kr/B_GAE/cgi/bibleftxt.php?VR=GAE&VL=19&CN=96&CV=99,13,a32c04a93fa852c6121dde889e252142fc148f685d95c3a74efa1ce74b4fc265,a24cf4f8c04094bcb93f52db3b83c66176b90171d24b4d10b66104371cd47988,2026-08-17T12:51:26+00:00,ok
10 신앙·성경/성경/개역개정 구약성경/30 시가서/02 시편/시편 097장.md,http://www.holybible.or.kr/B_GAE/cgi/bibleftxt.php?VR=GAE&VL=19&CN=97&CV=99,12,34b44a91a1220de3d0bb88e4d1efb41e867d4733dabcdea47ca11388f7caa3ba,61170bb41e701264d704ea0daccc53e26c1b4878f21bc61759c0dea070ab1d75,2026-08-17T12:51:26+00:00,ok
10 신앙·성경/성경/개역개정 구약성경/30 시가서/02 시편/시편 098장.md,http://www.holybible.or.kr/B_GAE/cgi/bibleftxt.php?VR=GAE&VL=19&CN=98&CV=99,9,84b47668cc91d9980f826d659ac50a6ca0d16d6e9705272ea95d96c897a08d31,09697cee742c1c92f2453f11f961a57f80bce07c38591ea4cc2ca4af7a08d3a6,2026-08-17T12:51:26+00:00,ok
10 신앙·성경/성경/개역개정 구약성경/30 시가서/02 시편/시편 099장.md,http://www.holybible.or.kr/B_GAE/cgi/bibleftxt.php?VR=GAE&VL=19&CN=99&CV=99,9,e84d9d164d9e6b4d2ce4eb3d1f33943698d6598b11ebd557dd25e0758e537d51,dd6082243bc79a87cfb4272089e84b2dc258800fac2f241fe7e99c26db6e4590,2026-08-17T12:51:26+00:00,ok
10 신앙·성경/성경/개역개정 구약성경/30 시가서/02 시편/시편 100장.md,http://www.holybible.or.kr/B_GAE/cgi/bibleftxt.php?VR=GAE&VL=19&CN=100&CV=99,5,2baee9807ba39866e3db3f15f5a79f85f755ffec8f648d29f04eab3d1b18a26c,ad7e8b21ecf5fc125d25ac4f30d6fce6ebddf422bc3b276632499346d7890f47,2026-08-17T12:51:26+00:00,ok
10 신앙·성경/성경/개역개정 구약성경/30 시가서/02 시편/시편 101장.md,http://www.holybible.or.kr/B_GAE/cgi/bibleftxt.php?VR=GAE&VL=19&CN=101&CV=99,8,a9717eb8201b11f42c377ea945b1c46a512f838c0fed84af1fa19e8a2deffa3e,0d5a43365e8a1e7f5844c514d565b20151495617bf775ddeae3876ac6f00a4e1,2026-08-17T12:51:26+00:00,ok
10 신앙·성경/성경/개역개정 구약성경/30 시가서/02 시편/시편 102장.md,http://www.holybible.or.kr/B_GAE/cgi/bibleftxt.php?VR=GAE&VL=19&CN=102&CV=99,28,dbf8ae85a314172f42858efffff43b462f466928df45e689f82db5f9fb8e9791,5728cf924ee722be2451c3115b7787a9d1598daacea2666a52da572c4c6c3d28,2026-08-17T12:51:26+00:00,ok
10 신앙·성경/성경/개역개정 구약성경/30 시가서/02 시편/시편 103장.md,http://www.holybible.or.kr/B_GAE/cgi/bibleftxt.php?VR=GAE&VL=19&CN=103&CV=99,22,0990f1f228c03385315fe0fb444d457ef71f4f3ce66366fe12c72d8ae0215b22,a884ada1d419563f3b678aa2ffdb0a56434fb06c4b0c2fa219ce568eed60df16,2026-08-17T12:51:26+00:00,ok
10 신앙·성경/성경/개역개정 구약성경/30 시가서/02 시편/시편 104장.md,http://www.holybible.or.kr/B_GAE/cgi/bibleftxt.php?VR=GAE&VL=19&CN=104&CV=99,35,e8caf9bab0833abcd7dd0bf263ec9486b45c06110597686249c417a772d5717c,c4b661b6a03687cdee5ada4d2875794f78e5a48c201ab16b3694077fe5ae0569,2026-08-17T12:51:26+00:00,ok
10 신앙·성경/성경/개역개정 구약성경/30 시가서/02 시편/시편 105장.md,http://www.holybible.or.kr/B_GAE/cgi/bibleftxt.php?VR=GAE&VL=19&CN=105&CV=99,44,26c0332fd8cc72ce31bdef0b1498ffb62b67f96e803c3b68ff7c53073e95d4ea,2ff8c3745f98d3bd2c7ec68a56e9b5e2909d7dbfa0516609d90bd45d95dd2d12,2026-08-17T12:51:26+00:00,ok
10 신앙·성경/성경/개역개정 구약성경/30 시가서/02 시편/시편 106장.md,http://www.holybible.or.kr/B_GAE/cgi/bibleftxt.php?VR=GAE&VL=19&CN=106&CV=99,48,88dc23a3fd7e16b9adbcf793e00613e9bd7b73e703b97a9f028fa6a8707e45f3,d198c38d4f37c33c09589866af37b98ffa7408c11dfc49d627c7c347ee401de8,2026-08-17T12:51:26+00:00,ok
10 신앙·성경/성경/개역개정 구약성경/30 시가서/02 시편/시편 107장.md,http://www.holybible.or.kr/B_GAE/cgi/bibleftxt.php?VR=GAE&VL=19&CN=107&CV=99,43,2b75c222446d84218f6a0e9e5e67dbb35e5fac892644a59a89aefd38a7cc7c23,8c39dae4aad801f8e86cb1327159f02b175d654405074d21c4b7c8c4502237e2,2026-08-17T12:51:26+00:00,ok
10 신앙·성경/성경/개역개정 구약성경/30 시가서/02 시편/시편 108장.md,http://www.holybible.or.kr/B_GAE/cgi/bibleftxt.php?VR=GAE&VL=19&CN=108&CV=99,13,e67a604ae05279ac7ce75bb152196a5c3d7d2500bb4690a09608c5310609067f,d90f94f6fbc651ae0aaaad0135537eb8dba99d9fac03be7cac7987a28b6f51a2,2026-08-17T12:51:26+00:00,ok
10 신앙·성경/성경/개역개정 구약성경/30 시가서/02 시편/시편 109장.md,http://www.holybible.or.kr/B_GAE/cgi/bibleftxt.php?VR=GAE&VL=19&CN=109&CV=99,31,b2f8200ee2a484ddec0cd6b83cec6a81a9d231cf716437677b3bdc16a4fe1340,f68660fdb58cdf62f4a35553bcbd3da07ef0643073ec7df404f5f297ede8f78b,2026-08-17T12:51:26+00:00,ok
10 신앙·성경/성경/개역개정 구약성경/30 시가서/02 시편/시편 110장.md,http://www.holybible.or.kr/B_GAE/cgi/bibleftxt.php?VR=GAE&VL=19&CN=110&CV=99,7,640143bf5821453f6b2796ef095334bbd84884465055d66d9cc7d58ea872f959,048259d7d47afe10ecbeb92389b962490e584853fd8ae2ef138322833e13e4ab,2026-08-17T12:51:26+00:00,ok
10 신앙·성경/성경/개역개정 구약성경/30 시가서/02 시편/시편 111장.md,http://www.holybible.or.kr/B_GAE/cgi/bibleftxt.php?VR=GAE&VL=19&CN=111&CV=99,10,8775c19447f8f0e708d6425b0d10353cfa4feb548e63fdebdc97a0f7d6ab69a7,0bc55087da2e5adfdc2336cce85b37e02fcf7f9490f736b2b3254e38d29aebd6,2026-08-17T12:51:26+00:00,ok
10 신앙·성경/성경/개역개정 구약성경/30 시가서/02 시편/시편 112장.md,http://www.holybible.or.kr/B_GAE/cgi/bibleftxt.php?VR=GAE&VL=19&CN=112&CV=99,10,597269c0d84d128fb11341017339efd411d0913d3f8033caa6cfda1a4dfc9ff2,e0014796f99fd064e5eb700c42b8612f0e4f62540d696eac5ab37f991576a948,2026-08-17T12:51:26+00:00,ok
10 신앙·성경/성경/개역개정 구약성경/30 시가서/02 시편/시편 113장.md,http://www.holybible.or.kr/B_GAE/cgi/bibleftxt.php?VR=GAE&VL=19&CN=113&CV=99,9,1d1e8d7bdaca14b3f90eb3bbb2a2d6ecc8a1d8c84da3d250a77f76af037b53e9,b985f2752d2429f5b3d18c752ee3a73f075b3a99aad99908e77b93b5975661c4,2026-08-17T12:51:26+00:00,ok
10 신앙·성경/성경/개역개정 구약성경/30 시가서/02 시편/시편 114장.md,http://www.holybible.or.kr/B_GAE/cgi/bibleftxt.php?VR=GAE&VL=19&CN=114&CV=99,8,3ec8a2e107abad7068f1f04ba21e5c43af647c8c54d396a63d3fccaac2e3a464,cdf7bde9a15ecf63c2e6ae6023590ff65b5eb1e4e2189024a71556123c0140ea,2026-08-17T12:51:26+00:00,ok
10 신앙·성경/성경/개역개정 구약성경/30 시가서/02 시편/시편 115장.md,http://www.holybible.or.kr/B_GAE/cgi/bibleftxt.php?VR=GAE&VL=19&CN=115&CV=99,18,266edb9c59b884f41877cb1221540892a3a2084ad078917cc8ff40b133199ce1,d72a7e23c5366748126f6c1e853796dfc8531ebdf6bebd463a46188904889d94,2026-08-17T12:51:26+00:00,ok
10 신앙·성경/성경/개역개정 구약성경/30 시가서/02 시편/시편 116장.md,http://www.holybible.or.kr/B_GAE/cgi/bibleftxt.php?VR=GAE&VL=19&CN=116&CV=99,19,8b354f7411b5692a76753846e081e31568bb526554e7033216aa0e97dca6d771,cfe61a419fccf7439dae4546de912c0e9ebfdda9c46de94d858e4d835a21e53a,2026-08-17T12:51:26+00:00,ok
10 신앙·성경/성경/개역개정 구약성경/30 시가서/02 시편/시편 117장.md,http://www.holybible.or.kr/B_GAE/cgi/bibleftxt.php?VR=GAE&VL=19&CN=117&CV=99,2,58a9b237d855e43d0d2a11ea60530cc8236dbf6e23fad55423aa782033d338ba,628a9a9974627ad1f9d88a9be00a9588be1209f38490aa7add7b0b5e44c31185,2026-08-17T12:51:26+00:00,ok
10 신앙·성경/성경/개역개정 구약성경/30 시가서/02 시편/시편 118장.md,http://www.holybible.or.kr/B_GAE/cgi/bibleftxt.php?VR=GAE&VL=19&CN=118&CV=99,29,abee7d9ed315d11adeb2b7655d951e63668e789ed3a1444d62f030b57149467a,640b8b5709a302f2cec602afabd18293e0b4eaf0223bee4b51a4ca60ef0efb34,2026-08-17T12:51:26+00:00,ok
10 신앙·성경/성경/개역개정 구약성경/30 시가서/02 시편/시편 119장.md,http://www.holybible.or.kr/B_GAE/cgi/bibleftxt.php?VR=GAE&VL=19&CN=119&CV=99,176,09e5f15191dba6d2904fa21ce85efc5c6ef2cf2d545083148ef42cf1e4d873a6,b395b550cf6755be6f7d0cbb16cef2fd40a569f4d35be9f39a814581aba85da0,2026-08-17T12:51:26+00:00,ok
10 신앙·성경/성경/개역개정 구약성경/30 시가서/02 시편/시편 120장.md,http://www.holybible.or.kr/B_GAE/cgi/bibleftxt.php?VR=GAE&VL=19&CN=120&CV=99,7,60b46cf17c6d3b3b87002e530cfe07c5a9a7a04749e5fdae21b06879744f4fe3,50cded8f395d86e18be0402494d162095f737ed85f7044eca291bc6c55dc3bd6,2026-08-17T12:51:26+00:00,ok
10 신앙·성경/성경/개역개정 구약성경/30 시가서/02 시편/시편 121장.md,http://www.holybible.or.kr/B_GAE/cgi/bibleftxt.php?VR=GAE&VL=19&CN=121&CV=99,8,eed2957af632de9f745c7c4294ed9734414a30d847220c7e3a11254545b6efab,5ad544e22fc4875ed89126a282c44eeed4717dc87015ef0e1833701612f4e46c,2026-08-17T12:51:26+00:00,ok
10 신앙·성경/성경/개역개정 구약성경/30 시가서/02 시편/시편 122장.md,http://www.holybible.or.kr/B_GAE/cgi/bibleftxt.php?VR=GAE&VL=19&CN=122&CV=99,9,9c792c9554e8ea58322d1c27bf9176e77bc14b9a9b40c13f0cf71c5167064936,b530079432dbd41a9c217d8bffdc92f6b979472ffc718c28f2eea994fdd49a51,2026-08-17T12:51:26+00:00,ok
10 신앙·성경/성경/개역개정 구약성경/30 시가서/02 시편/시편 123장.md,http://www.holybible.or.kr/B_GAE/cgi/bibleftxt.php?VR=GAE&VL=19&CN=123&CV=99,4,2a6067dceee62abfdfc6b60e13b2db821f1494ce5bd54c4b39721e6e49a7164d,d78d188598a37470b439753f8ed400825e7d069eba3de9b822aa82976f356db5,2026-08-17T12:51:26+00:00,ok
10 신앙·성경/성경/개역개정 구약성경/30 시가서/02 시편/시편 124장.md,http://www.holybible.or.kr/B_GAE/cgi/bibleftxt.php?VR=GAE&VL=19&CN=124&CV=99,8,11ca0f57505e0b4b7614c323111382fa012d476fb9eac258a7890df7964b0037,cb1bab46a10ebe3403720e64a1a937d7ca7e194497ef1d71d04e338e5ea58594,2026-08-17T12:51:26+00:00,ok
10 신앙·성경/성경/개역개정 구약성경/30 시가서/02 시편/시편 125장.md,http://www.holybible.or.kr/B_GAE/cgi/bibleftxt.php?VR=GAE&VL=19&CN=125&CV=99,5,ecde891091ec4cbbc945e68f1c13894a1ab44b5e6d1fd2b7c192e9d88dc6ed2f,fdb75256d3da3eab6aebf1faed33a1b17d1ca9e735fe7c826efb2577887cfeee,2026-08-17T12:51:26+00:00,ok
10 신앙·성경/성경/개역개정 구약성경/30 시가서/02 시편/시편 126장.md,http://www.holybible.or.kr/B_GAE/cgi/bibleftxt.php?VR=GAE&VL=19&CN=126&CV=99,6,06c7ed231923a9feea4d2549c6a243d7fb543bc5fe4775dfc3888c0041963aa1,467ea16250d38f83644ef1d94f1493825eaa8f673a9c50fd0f7806c55f16fe33,2026-08-17T12:51:26+00:00,ok
10 신앙·성경/성경/개역개정 구약성경/30 시가서/02 시편/시편 127장.md,http://www.holybible.or.kr/B_GAE/cgi/bibleftxt.php?VR=GAE&VL=19&CN=127&CV=99,5,8943243338af3428236317ede718a2b897753c3e8576d8ec1b5d175180240a64,ce1d5af0a49dfebf1169c0f7dd4236baa9d0b921858d9e11c01ae7b39dff7333,2026-08-17T12:51:26+00:00,ok
10 신앙·성경/성경/개역개정 구약성경/30 시가서/02 시편/시편 128장.md,http://www.holybible.or.kr/B_GAE/cgi/bibleftxt.php?VR=GAE&VL=19&CN=128&CV=99,6,68ef80303e5b1a23a25779199a0038a464eee02138ea699a53758ed90f7ced11,828481f17325d9f91e57eb90ea5c17a98884af3bd463fb1406ea61f0cbc623d6,2026-08-17T12:51:26+00:00,ok
10 신앙·성경/성경/개역개정 구약성경/30 시가서/02 시편/시편 129장.md,http://www.holybible.or.kr/B_GAE/cgi/bibleftxt.php?VR=GAE&VL=19&CN=129&CV=99,8,4275c131ee27c46a59e5fbec26dcea168dd9a8cde39c391d46dd9f4df271a312,1efe76710212ae90c6abbbe56204863cb50245ef98fe5f9386c68b03837dd0de,2026-08-17T12:51:26+00:00,ok
10 신앙·성경/성경/개역개정 구약성경/30 시가서/02 시편/시편 130장.md,http://www.holybible.or.kr/B_GAE/cgi/bibleftxt.php?VR=GAE&VL=19&CN=130&CV=99,8,d184ba3fa0df345ce7ad86046e2814376ae012d761d62a64b4a66a701ade3210,769c512459d551e0fbc9b652f38293351ce92fb7a48797e233075edbe40547e4,2026-08-17T12:51:26+00:00,ok
10 신앙·성경/성경/개역개정 구약성경/30 시가서/02 시편/시편 131장.md,http://www.holybible.or.kr/B_GAE/cgi/bibleftxt.php?VR=GAE&VL=19&CN=131&CV=99,3,e8ff4cc62e0135f151ebaf7738cd4d65b603380da5275593164ecc94ababd9a8,94ed7f2f5a601859cdfad47dd51d568bacfcb56b6f57391f3f310b03bf4c9c30,2026-08-17T12:51:26+00:00,ok
10 신앙·성경/성경/개역개정 구약성경/30 시가서/02 시편/시편 132장.md,http://www.holybible.or.kr/B_GAE/cgi/bibleftxt.php?VR=GAE&VL=19&CN=132&CV=99,18,acfe36e223a5604669cdc5f9ea6f468ffe4d15faf0f543236f192031fb16390d,07d4531a705ed947c265771ef198a6f7aba02e7c41191e9d00f3f07d6d5d2b3b,2026-08-17T12:51:26+00:00,ok
10 신앙·성경/성경/개역개정 구약성경/30 시가서/02 시편/시편 133장.md,http://www.holybible.or.kr/B_GAE/cgi/bibleftxt.php?VR=GAE&VL=19&CN=133&CV=99,3,756104c8054ce62727fd3cad8603bf1a8462d3975daf25e503d9a702bce950e9,c94ddc7b70b97a58445a519fa9baf02d56f26ba6f25ab4bab4dcacb7e8fcd517,2026-08-17T12:51:26+00:00,ok
10 신앙·성경/성경/개역개정 구약성경/30 시가서/02 시편/시편 134장.md,http://www.holybible.or.kr/B_GAE/cgi/bibleftxt.php?VR=GAE&VL=19&CN=134&CV=99,3,7ce06f70ba614d14423be120116bfc7470d224c03908c231655e678dc277478c,03db449885da6754364dfe50f38f797a4f2d43199d9f9cba2a59e4fb4be33765,2026-08-17T12:51:26+00:00,ok
10 신앙·성경/성경/개역개정 구약성경/30 시가서/02 시편/시편 135장.md,http://www.holybible.or.kr/B_GAE/cgi/bibleftxt.php?VR=GAE&VL=19&CN=135&CV=99,21,5e346dbf152c918f5edc44aaf9d2ec54184a1fa61cb669eef8e8fed13bbc2211,32447394e5db29cdcc32015f9a659bd4a112ba1437bbddddb15bc5a5dd05cea9,2026-08-17T12:51:26+00:00,ok
10 신앙·성경/성경/개역개정 구약성경/30 시가서/02 시편/시편 136장.md,http://www.holybible.or.kr/B_GAE/cgi/bibleftxt.php?VR=GAE&VL=19&CN=136&CV=99,26,373fb8ae88c067419f2093dfb807f42695d0cc94fee132f67739f871f96ea2e5,0b19d49adb35b736734edabf54eb0ff1deadcaf2beeb879cb57cbdae5f9eca46,2026-08-17T12:51:26+00:00,ok
10 신앙·성경/성경/개역개정 구약성경/30 시가서/02 시편/시편 137장.md,http://www.holybible.or.kr/B_GAE/cgi/bibleftxt.php?VR=GAE&VL=19&CN=137&CV=99,9,4dfb662870f9e6f876fcd875bf6c2423cdc9a2517bc84cf36551600130654463,da9f2244b53ac0e00f91ef2f70b8ebc3b62967d4f14a10faed03e1336d27596f,2026-08-17T12:51:26+00:00,ok
10 신앙·성경/성경/개역개정 구약성경/30 시가서/02 시편/시편 138장.md,http://www.holybible.or.kr/B_GAE/cgi/bibleftxt.php?VR=GAE&VL=19&CN=138&CV=99,8,11fcb7440358761567a05fd124d701bf88ae620f50de5266cadbf22cc5723e7e,a5f13951468008ea5fb62c0652a04bf11e2d1759901be688b83a87c9d3b44f10,2026-08-17T12:51:26+00:00,ok
10 신앙·성경/성경/개역개정 구약성경/30 시가서/02 시편/시편 139장.md,http://www.holybible.or.kr/B_GAE/cgi/bibleftxt.php?VR=GAE&VL=19&CN=139&CV=99,24,734efcebf1ff944c4d03b5e973d67cf296a2542d184c53ca974a367e4a346ba9,6a701b62846dcc2109038c99af343200ed6aca0cb25e4ae6fac45a3e43b36085,2026-08-17T12:51:26+00:00,ok
10 신앙·성경/성경/개역개정 구약성경/30 시가서/02 시편/시편 140장.md,http://www.holybible.or.kr/B_GAE/cgi/bibleftxt.php?VR=GAE&VL=19&CN=140&CV=99,13,84ea8ac491d0a5ae5f4dfb6c850f5b87da38d6855dcef163e43572ec8016ce89,2c518f4d7c50f3d340d29ed3f8a15b328aedd81288a715962099ab6956c1e21d,2026-08-17T12:51:26+00:00,ok
10 신앙·성경/성경/개역개정 구약성경/30 시가서/02 시편/시편 141장.md,http://www.holybible.or.kr/B_GAE/cgi/bibleftxt.php?VR=GAE&VL=19&CN=141&CV=99,10,4d0d25d886a3d36b31f2df31f15cc50f599f892a98d029d8a3aee4b947fcb1d4,7e778869b0c455568e999d3ef1927388e33fff17f3abc84472cb4904884bf0b0,2026-08-17T12:51:26+00:00,ok
10 신앙·성경/성경/개역개정 구약성경/30 시가서/02 시편/시편 142장.md,http://www.holybible.or.kr/B_GAE/cgi/bibleftxt.php?VR=GAE&VL=19&CN=142&CV=99,7,af886dc1896b400a64d047e41bfc968c8a8852aefd47f2a7113f3908bcb63063,dadfac83e14b7a6d33a006b6b75b5d82dd7ce8a22e20da18165a98f3f66930c4,2026-08-17T12:51:26+00:00,ok
10 신앙·성경/성경/개역개정 구약성경/30 시가서/02 시편/시편 143장.md,http://www.holybible.or.kr/B_GAE/cgi/bibleftxt.php?VR=GAE&VL=19&CN=143&CV=99,12,84e306957d7aab98374050d8f211538a09e552a90aa03493248288bf3081c4f0,c37f8b52f05d52dfbf864184d7003210350fdd38e918a8a5cc4dfb55f9f4a952,2026-08-17T12:51:26+00:00,ok
10 신앙·성경/성경/개역개정 구약성경/30 시가서/02 시편/시편 144장.md,http://www.holybible.or.kr/B_GAE/cgi/bibleftxt.php?VR=GAE&VL=19&CN=144&CV=99,15,4436ee1708d0e4f688701a69dbfeac2bc939a55bc3c7828d06cf17ccfc4b2597,6dd5e508046cba7bf5e379b58ab2897f8b712436630c363b4521fa713f0c549b,2026-08-17T12:51:26+00:00,ok
10 신앙·성경/성경/개역개정 구약성경/30 시가서/02 시편/시편 145장.md,http://www.holybible.or.kr/B_GAE/cgi/bibleftxt.php?VR=GAE&VL=19&CN=145&CV=99,21,12036eec2cbb8723356f07210f9630ad354715d9d16c8417c340bdc4378de2e5,7e5fb76976cd899036902fda4bef3cd340ca5128fc133f4664e953ee6813840d,2026-08-17T12:51:26+00:00,ok
10 신앙·성경/성경/개역개정 구약성경/30 시가서/02 시편/시편 146장.md,http://www.holybible.or.kr/B_GAE/cgi/bibleftxt.php?VR=GAE&VL=19&CN=146&CV=99,10,2969a6f5a0659848d059a40c854642826b3f7fa736e401542c47243725165e03,3f05be0881f8e547d07c1db161fd810d01d5a92f9be669948c9373cf67e025ec,2026-08-17T12:51:26+00:00,ok
10 신앙·성경/성경/개역개정 구약성경/30 시가서/02 시편/시편 147장.md,http://www.holybible.or.kr/B_GAE/cgi/bibleftxt.php?VR=GAE&VL=19&CN=147&CV=99,20,e7a8739d6a7764c11327b35c9fa457b1b0919887f622310891f66767abcad5a2,9728077295e732b1a97fd4c7bc4dcada1ae68bed373f902632309d88280e7b95,2026-08-17T12:51:26+00:00,ok
10 신앙·성경/성경/개역개정 구약성경/30 시가서/02 시편/시편 148장.md,http://www.holybible.or.kr/B_GAE/cgi/bibleftxt.php?VR=GAE&VL=19&CN=148&CV=99,14,afdc22721869a58b915408fc59c33da8685e552036d3a9d6ada2d362da2a9759,3afcccddc88fa374c2e71628f6cf54d9f0a724dc6365aab0d73cc1e3831e56f7,2026-08-17T12:51:26+00:00,ok
10 신앙·성경/성경/개역개정 구약성경/30 시가서/02 시편/시편 149장.md,http://www.holybible.or.kr/B_GAE/cgi/bibleftxt.php?VR=GAE&VL=19&CN=149&CV=99,9,e1c103fc6428f8339fad9df05a9592d89d0475cda31e1b4c72fede9d1f751cd3,1df81f1ee4f9ee3887995cfa085ca936b21c711744f95c67902c9bb0c8911a8e,2026-08-17T12:51:26+00:00,ok
10 신앙·성경/성경/개역개정 구약성경/30 시가서/02 시편/시편 150장.md,http://www.holybible.or.kr/B_GAE/cgi/bibleftxt.php?VR=GAE&VL=19&CN=150&CV=99,6,495ed52b2d4ffef27b63568e8c11a7dbae00df42f655c6b88a7dd8ff87001fe1,709b06511a299ab9032b5a413268015011968be6231622bfec7aea6483ca50b5,2026-08-17T12:51:26+00:00,ok
10 신앙·성경/성경/개역개정 구약성경/30 시가서/03 잠언/잠언 001장.md,http://www.holybible.or.kr/B_GAE/cgi/bibleftxt.php?VR=GAE&VL=20&CN=1&CV=99,33,1a044bdb6c34968febf5ed39fc28864bdde34e61c5efb4eff81b4d1bda0c247d,f9463548ac0177186a9e57012bb173559ef028d85f6c32d74770bfe7caa22277,2026-08-17T12:51:26+00:00,ok
10 신앙·성경/성경/개역개정 구약성경/30 시가서/03 잠언/잠언 002장.md,http://www.holybible.or.kr/B_GAE/cgi/bibleftxt.php?VR=GAE&VL=20&CN=2&CV=99,22,134215592b3dafac4f649a645c3138d586e6a6e356a0642432409d8021b0cb1e,c4ff10f216776df073f0c1baf24f54ea4f35ba8aeaebc8f48597fe8eb9543f6e,2026-08-17T12:51:26+00:00,ok
10 신앙·성경/성경/개역개정 구약성경/30 시가서/03 잠언/잠언 003장.md,http://www.holybible.or.kr/B_GAE/cgi/bibleftxt.php?VR=GAE&VL=20&CN=3&CV=99,35,cb43d5f9e3763dd64acae925e5e010482b1c436e02ec3ac51d13d9074a94d112,8d6018b9858f0b953d6d0438028407d824ba4ac9314e752278d47f4a223e3f47,2026-08-17T12:51:26+00:00,ok
10 신앙·성경/성경/개역개정 구약성경/30 시가서/03 잠언/잠언 004장.md,http://www.holybible.or.kr/B_GAE/cgi/bibleftxt.php?VR=GAE&VL=20&CN=4&CV=99,27,3fc2444c3b3f7e5787d54e958a67924efb1b83e2eed0a3b6e79faf6d25672502,1df2350cf877ff5287ce81d6b19d4853b58088a59bc3ccf1d633dd214d40736d,2026-08-17T12:51:26+00:00,ok
10 신앙·성경/성경/개역개정 구약성경/30 시가서/03 잠언/잠언 005장.md,http://www.holybible.or.kr/B_GAE/cgi/bibleftxt.php?VR=GAE&VL=20&CN=5&CV=99,23,4ebffcf829aea63f4109942932c78ad09c94a76536ffa53616a80570b17ff50a,8af6be17e724b4d963c9ddd9a9d3344aad37fc01afa6d7a772463706b7d9e514,2026-08-17T12:51:26+00:00,ok
10 신앙·성경/성경/개역개정 구약성경/30 시가서/03 잠언/잠언 006장.md,http://www.holybible.or.kr/B_GAE/cgi/bibleftxt.php?VR=GAE&VL=20&CN=6&CV=99,35,97d581921d590fbda6025d79be3acc70ba92dd493a2bf79c1986389be866f03e,f8e9e069c8dad8359a6625fc2b70c218667c9407cc89d73cea73151291479628,2026-08-17T12:51:26+00:00,ok
10 신앙·성경/성경/개역개정 구약성경/30 시가서/03 잠언/잠언 007장.md,http://www.holybible.or.kr/B_GAE/cgi/bibleftxt.php?VR=GAE&VL=20&CN=7&CV=99,27,471399e575d1fd7414e8737ce2f1c83527cf2ad076e4dd92df3efbe0cec3bc1d,54ecb62d64ca169bb026fe988f7fdc3214c9eb0bc782c54c696cc85e269f11bd,2026-08-17T12:51:26+00:00,ok
10 신앙·성경/성경/개역개정 구약성경/30 시가서/03 잠언/잠언 008장.md,http://www.holybible.or.kr/B_GAE/cgi/bibleftxt.php?VR=GAE&VL=20&CN=8&CV=99,36,009493869c09b7f9d2c5ea30e2bc51dcd5cf0a11d346e7f9c743f511f7e84a75,3e04eb82b39c3ec710b62d7876b231430f9597cb0cdd8efd922ab6de6ffba8ac,2026-08-17T12:51:26+00:00,ok
10 신앙·성경/성경/개역개정 구약성경/30 시가서/03 잠언/잠언 009장.md,http://www.holybible.or.kr/B_GAE/cgi/bibleftxt.php?VR=GAE&VL=20&CN=9&CV=99,18,381543fd1f5353ac9fe3548d14639629db6cc465b495b1e47a92606918d4b4e2,1bcdcf8555831c4d61c35f649a8c3ea61f3a265075a00156b20a7cc4d3de1551,2026-08-17T12:51:26+00:00,ok
10 신앙·성경/성경/개역개정 구약성경/30 시가서/03 잠언/잠언 010장.md,http://www.holybible.or.kr/B_GAE/cgi/bibleftxt.php?VR=GAE&VL=20&CN=10&CV=99,32,d2ad492ab0502133219e4d7b2646459e82392a725d4c1ab25eda97bc58a116aa,0740db141e8b5372573377d7e9cfe72a7b1e73a3b7179fb0cc6cc82c5abe2ffa,2026-08-17T12:51:26+00:00,ok
10 신앙·성경/성경/개역개정 구약성경/30 시가서/03 잠언/잠언 011장.md,http://www.holybible.or.kr/B_GAE/cgi/bibleftxt.php?VR=GAE&VL=20&CN=11&CV=99,31,62a40b55c4c87f285f0ecaa2d88d9894274cbff55ba7e85f8794cc6fe0a4ae7b,1717e25d2501286c5448909e5217db77a5928863af183e2d1aa550762e22b89b,2026-08-17T12:51:26+00:00,ok
10 신앙·성경/성경/개역개정 구약성경/30 시가서/03 잠언/잠언 012장.md,http://www.holybible.or.kr/B_GAE/cgi/bibleftxt.php?VR=GAE&VL=20&CN=12&CV=99,28,222bd78a04fd95c3fbb7188c2b70d4b5eb9fc61a6946e07d255a5fdc8299f776,d3104f3b3d69129713b12c5cc1b48faa2f215e292b89a751b0f63c5377639cf1,2026-08-17T12:51:26+00:00,ok
10 신앙·성경/성경/개역개정 구약성경/30 시가서/03 잠언/잠언 013장.md,http://www.holybible.or.kr/B_GAE/cgi/bibleftxt.php?VR=GAE&VL=20&CN=13&CV=99,25,164f8462e9d6fb9280cd2ec5d3154300399109254b0df02a65e0be88860ca57a,607925b2bb556e7cdde4410fcf43b3cf31726dcd0cb0e9e5649e88ed85e00161,2026-08-17T12:51:26+00:00,ok
10 신앙·성경/성경/개역개정 구약성경/30 시가서/03 잠언/잠언 014장.md,http://www.holybible.or.kr/B_GAE/cgi/bibleftxt.php?VR=GAE&VL=20&CN=14&CV=99,35,7d4cf89b5e97f08a65e719ef15334959b971c727c81e72da70cf566ad28c9382,265f22122c4f4b9b12ada38d1be6d30ba0d649df265ae90b8df08fdb67c561fd,2026-08-17T12:51:26+00:00,ok
10 신앙·성경/성경/개역개정 구약성경/30 시가서/03 잠언/잠언 015장.md,http://www.holybible.or.kr/B_GAE/cgi/bibleftxt.php?VR=GAE&VL=20&CN=15&CV=99,33,6727601e3dfad9e88df255cdcef7097344dc0d9d68cabae0a0203653dd9708fa,c681f3377e9c1281e36d90a3167db491f1eb574445f68f6e6b0baa9bf2851c2f,2026-08-17T12:51:26+00:00,ok
10 신앙·성경/성경/개역개정 구약성경/30 시가서/03 잠언/잠언 016장.md,http://www.holybible.or.kr/B_GAE/cgi/bibleftxt.php?VR=GAE&VL=20&CN=16&CV=99,33,397bb5655d053969c3851fc799c41e75f94e4c50434157f7d72ddb04c49b0fdb,946df9b089099c0449829a0503919a5c2e13c80752a04fadbea3463a1936355d,2026-08-17T12:51:26+00:00,ok
10 신앙·성경/성경/개역개정 구약성경/30 시가서/03 잠언/잠언 017장.md,http://www.holybible.or.kr/B_GAE/cgi/bibleftxt.php?VR=GAE&VL=20&CN=17&CV=99,28,bd86249d32899f041d73dbdf805580e1757e221cd7406bf0736bde3e4184d4ed,57d73150e161960a50243d52f82d3f2ab5b49181c6771637f884846c749f91e0,2026-08-17T12:51:26+00:00,ok
10 신앙·성경/성경/개역개정 구약성경/30 시가서/03 잠언/잠언 018장.md,http://www.holybible.or.kr/B_GAE/cgi/bibleftxt.php?VR=GAE&VL=20&CN=18&CV=99,24,ed090eb70e84c70f787501da587f1ace27731d594f9c99d84870eb9a5177a94b,e92f8e57e5bc4c40aeafdf7c4a3474a700213380d5aa1134aaa0f83563694535,2026-08-17T12:51:26+00:00,ok
10 신앙·성경/성경/개역개정 구약성경/30 시가서/03 잠언/잠언 019장.md,http://www.holybible.or.kr/B_GAE/cgi/bibleftxt.php?VR=GAE&VL=20&CN=19&CV=99,29,92595dd68f9c7f32768923c2dd59137fc750f4fef1a9e9611661caacb76683d2,5fa6279ecf7fdc607393de24fc8b88848b1d788885447da3b7d5d69d344bb396,2026-08-17T12:51:26+00:00,ok
10 신앙·성경/성경/개역개정 구약성경/30 시가서/03 잠언/잠언 020장.md,http://www.holybible.or.kr/B_GAE/cgi/bibleftxt.php?VR=GAE&VL=20&CN=20&CV=99,30,2b4a888a76821513141a758ad5b14efd61f30aceec162c9224645e75cb67dcf8,f0deeff56f45ff3bc0c78c7ab68cdd87730e357959ea3fcf9e56b26adb50f105,2026-08-17T12:51:26+00:00,ok
10 신앙·성경/성경/개역개정 구약성경/30 시가서/03 잠언/잠언 021장.md,http://www.holybible.or.kr/B_GAE/cgi/bibleftxt.php?VR=GAE&VL=20&CN=21&CV=99,31,e4b8b23981988b978c8647016466623c561852b795bc763d326564a2c2a7500e,3131f6fd9b41b216b49cbd2346ba7e97494491864f84ffa3e379c422bc10a284,2026-08-17T12:51:26+00:00,ok
10 신앙·성경/성경/개역개정 구약성경/30 시가서/03 잠언/잠언 022장.md,http://www.holybible.or.kr/B_GAE/cgi/bibleftxt.php?VR=GAE&VL=20&CN=22&CV=99,29,257a80db0ed2084e0ce3f96fbdb8ddedadd590d256bd72dd6581feaff6e1fdd1,d0cba59454d691e73ec9a6c52a6d916d1eb4096e7f90559780bc870b5aa83ac4,2026-08-17T12:51:26+00:00,ok
10 신앙·성경/성경/개역개정 구약성경/30 시가서/03 잠언/잠언 023장.md,http://www.holybible.or.kr/B_GAE/cgi/bibleftxt.php?VR=GAE&VL=20&CN=23&CV=99,35,70c7d21664c15128df145ed453808a8fa9c5dbc1594981491aea7654d2979c01,53968ec2aa98f1d991b6944bc9fd4636131370434fc37e914e890b6ea5286612,2026-08-17T12:51:26+00:00,ok
10 신앙·성경/성경/개역개정 구약성경/30 시가서/03 잠언/잠언 024장.md,http://www.holybible.or.kr/B_GAE/cgi/bibleftxt.php?VR=GAE&VL=20&CN=24&CV=99,34,18b17c0bfbb0996d686f0fb6a5cf835ded70a5c9b719952df316fe69d856ffc9,a5693cc0908cdcba7d21389ff74078fc02163b65f74ebed4a1e0fc6de7c678b0,2026-08-17T12:51:26+00:00,ok
10 신앙·성경/성경/개역개정 구약성경/30 시가서/03 잠언/잠언 025장.md,http://www.holybible.or.kr/B_GAE/cgi/bibleftxt.php?VR=GAE&VL=20&CN=25&CV=99,28,b8380e465715fdd2bea4e1655f9d0569c728364cfec09faded419c650ec04d7a,48baa110316f0789c99377ebebeae8b953c89e38be8dd4337e08d09034a79904,2026-08-17T12:51:26+00:00,ok
10 신앙·성경/성경/개역개정 구약성경/30 시가서/03 잠언/잠언 026장.md,http://www.holybible.or.kr/B_GAE/cgi/bibleftxt.php?VR=GAE&VL=20&CN=26&CV=99,28,dfbaa51b420929994d5e22dfbd57065943e2f41f88497be47e00059559aaaa2b,dd51d96b761484c9b2f2f749ddf742bc72d12fa09e655e2250c9fd1e1a6a5014,2026-08-17T12:51:26+00:00,ok
10 신앙·성경/성경/개역개정 구약성경/30 시가서/03 잠언/잠언 027장.md,http://www.holybible.or.kr/B_GAE/cgi/bibleftxt.php?VR=GAE&VL=20&CN=27&CV=99,27,45ca3a357bcfc94a6bb74a32090e749ad4acd36840233ffd585d60cfb9ecdc59,fdc1dd00e011381a4fc55920b103254b815676830a314fd64f4d399625538e75,2026-08-17T12:51:26+00:00,ok
10 신앙·성경/성경/개역개정 구약성경/30 시가서/03 잠언/잠언 028장.md,http://www.holybible.or.kr/B_GAE/cgi/bibleftxt.php?VR=GAE&VL=20&CN=28&CV=99,28,99cd9e50e269bb61756190c3a554be93dc8b1b1f354490f19fedea18ec7d165b,3a144312ca81a2b2aba3297cbc69b42c884f9b913e55cd7399610384d48c68d2,2026-08-17T12:51:26+00:00,ok
10 신앙·성경/성경/개역개정 구약성경/30 시가서/03 잠언/잠언 029장.md,http://www.holybible.or.kr/B_GAE/cgi/bibleftxt.php?VR=GAE&VL=20&CN=29&CV=99,27,04bbf7efc36770e73495b8d1148dac2f31790caa79077a967e6da38ccb1b1e57,0f34066b060f11a50a06ba3944f485f1bb04431b5f21b58f0178e41720d7b3fe,2026-08-17T12:51:26+00:00,ok
10 신앙·성경/성경/개역개정 구약성경/30 시가서/03 잠언/잠언 030장.md,http://www.holybible.or.kr/B_GAE/cgi/bibleftxt.php?VR=GAE&VL=20&CN=30&CV=99,33,0d87e8cad604ec9ebbe2496969505b9bf7a60af42f5fcc4abf980062f45cf918,713519cfdc68571f58794d129f5b77488544b6fd41fd0dfd267771b9f52c4a04,2026-08-17T12:51:26+00:00,ok
10 신앙·성경/성경/개역개정 구약성경/30 시가서/03 잠언/잠언 031장.md,http://www.holybible.or.kr/B_GAE/cgi/bibleftxt.php?VR=GAE&VL=20&CN=31&CV=99,31,62bd67de8a3b11dbe230915abadf19b88dee96f4ba47fb994d183b40aabe5579,ccaf26e804e477069a51ea5ae3ae92f0a6c9a40e548540d74ba4c1c19945245e,2026-08-17T12:51:26+00:00,ok
10 신앙·성경/성경/개역개정 구약성경/30 시가서/04 전도서/전도서 001장.md,http://www.holybible.or.kr/B_GAE/cgi/bibleftxt.php?VR=GAE&VL=21&CN=1&CV=99,18,3ca1752b35c9fc0af7a1f744b2b64e8a61d98f958345dc17ee02c9cf3576d610,a3ede0a27956390347fd7860a5680025c4313d8f63f2a8fa12b120bd25d64696,2026-08-17T12:51:26+00:00,ok
10 신앙·성경/성경/개역개정 구약성경/30 시가서/04 전도서/전도서 002장.md,http://www.holybible.or.kr/B_GAE/cgi/bibleftxt.php?VR=GAE&VL=21&CN=2&CV=99,26,c26a36aa1c754e1bc54441f395ec2ba92ebf27cdcfb37c343cbbfab572474cce,3479600f2e7ab22bd9347bc09a879dc9c3772f5b13266c3ab88ec5833795b158,2026-08-17T12:51:26+00:00,ok
10 신앙·성경/성경/개역개정 구약성경/30 시가서/04 전도서/전도서 003장.md,http://www.holybible.or.kr/B_GAE/cgi/bibleftxt.php?VR=GAE&VL=21&CN=3&CV=99,22,7cff097decec2f20113870b44d3db5a1c60120827b3c7c37e7666cfac3f4c17b,238c7c63c3aa09e19074dfa699e1528d7ed7d32037de76f94bca9587f7c384f6,2026-08-17T12:51:26+00:00,ok
10 신앙·성경/성경/개역개정 구약성경/30 시가서/04 전도서/전도서 004장.md,http://www.holybible.or.kr/B_GAE/cgi/bibleftxt.php?VR=GAE&VL=21&CN=4&CV=99,16,b8547411ca7eb2eed73ffb88a664bb143a367f4be1f54d0d4b06f8329d4cda5d,57a5bad828931800c9b4a2f1796d0deceaf958a64e749e97537af36b3cc530e6,2026-08-17T12:51:26+00:00,ok
10 신앙·성경/성경/개역개정 구약성경/30 시가서/04 전도서/전도서 005장.md,http://www.holybible.or.kr/B_GAE/cgi/bibleftxt.php?VR=GAE&VL=21&CN=5&CV=99,20,2a510a6552d18c6431c414fb7205ca4c6043d1179c067c2e0dd5c7daf764e9da,6e7bd07bc95144dfcb5fcfdf291afa7bdad395be57fbee1143e156a768414e5a,2026-08-17T12:51:26+00:00,ok
10 신앙·성경/성경/개역개정 구약성경/30 시가서/04 전도서/전도서 006장.md,http://www.holybible.or.kr/B_GAE/cgi/bibleftxt.php?VR=GAE&VL=21&CN=6&CV=99,12,3ec255f455205260bca97fecedc399e1358ed606cbe0d26d8b041a8eb17f1881,e7af762641ca6eca9a9c8e0c8a1f483744e620633073a7877523bf0ddf254f88,2026-08-17T12:51:26+00:00,ok
10 신앙·성경/성경/개역개정 구약성경/30 시가서/04 전도서/전도서 007장.md,http://www.holybible.or.kr/B_GAE/cgi/bibleftxt.php?VR=GAE&VL=21&CN=7&CV=99,29,aa809fed38f091fe9c8073b191ade2095e0e67e2a7c39302273c9f8f3d4272ed,0de61db51545e9044235be4eba98d528f49f3da0a23ed01e3408300c7f956b47,2026-08-17T12:51:26+00:00,ok
10 신앙·성경/성경/개역개정 구약성경/30 시가서/04 전도서/전도서 008장.md,http://www.holybible.or.kr/B_GAE/cgi/bibleftxt.php?VR=GAE&VL=21&CN=8&CV=99,17,cfb2593135d564e4657a0dc02aa2d3fbecf69f710a3ed9e5d2c91ecab31d7d75,f765b01b398b29f6ae95559006727ff96b828620b2db32a7aae3689661063ce8,2026-08-17T12:51:26+00:00,ok
10 신앙·성경/성경/개역개정 구약성경/30 시가서/04 전도서/전도서 009장.md,http://www.holybible.or.kr/B_GAE/cgi/bibleftxt.php?VR=GAE&VL=21&CN=9&CV=99,18,de071795bd521ca2b615b3bce006101f3482976e4e6ce616c1b2f98febe7469f,312f6ce87144e5e370bf8781c4251075b2aa4ef88598ce9249a0bef942dbe64e,2026-08-17T12:51:26+00:00,ok
10 신앙·성경/성경/개역개정 구약성경/30 시가서/04 전도서/전도서 010장.md,http://www.holybible.or.kr/B_GAE/cgi/bibleftxt.php?VR=GAE&VL=21&CN=10&CV=99,20,1e57d75a05c98e776006b300952c0c818a5e75703c8431c11ad13fe609ed65f6,4830506cb67ce01dcec76893e38e5ac9b2cb634fba3b8c2f03e6033dae17ba02,2026-08-17T12:51:26+00:00,ok
10 신앙·성경/성경/개역개정 구약성경/30 시가서/04 전도서/전도서 011장.md,http://www.holybible.or.kr/B_GAE/cgi/bibleftxt.php?VR=GAE&VL=21&CN=11&CV=99,10,e45cd369431a7d7199f5faf90347232792a52081785c3b6bed45b6700dde33e1,b91ea1c7d3a562499edaca318e876af94dee3a092d3b86eb0ca9445505971c52,2026-08-17T12:51:26+00:00,ok
10 신앙·성경/성경/개역개정 구약성경/30 시가서/04 전도서/전도서 012장.md,http://www.holybible.or.kr/B_GAE/cgi/bibleftxt.php?VR=GAE&VL=21&CN=12&CV=99,14,05a2967b32db3cf2cb5daa60890b2d9b255822ca33f864483e617bb1f5ec0588,e4d5d863809928d12472c6b156ee80d57b401945883a6e90c6e93d193b841ca6,2026-08-17T12:51:26+00:00,ok
10 신앙·성경/성경/개역개정 구약성경/30 시가서/05 아가/아가 001장.md,http://www.holybible.or.kr/B_GAE/cgi/bibleftxt.php?VR=GAE&VL=22&CN=1&CV=99,17,ad99dc411457d1f07c6c02197ab8865be998227c97156b1083de9276dee903b4,5f22201fe3d468a3870c929a0671b3550413395d99977b32ccda5cba5695a02a,2026-08-17T12:51:26+00:00,ok
10 신앙·성경/성경/개역개정 구약성경/30 시가서/05 아가/아가 002장.md,http://www.holybible.or.kr/B_GAE/cgi/bibleftxt.php?VR=GAE&VL=22&CN=2&CV=99,17,26ee5e155493bf5cda66a7ab13e662f90999eaa7d50671c22e4475323ece9c26,309eb4b8cff7935d5e098cd8eac40b33c071df6d7e0a07de0ed3073b21b8ad5d,2026-08-17T12:51:26+00:00,ok
10 신앙·성경/성경/개역개정 구약성경/30 시가서/05 아가/아가 003장.md,http://www.holybible.or.kr/B_GAE/cgi/bibleftxt.php?VR=GAE&VL=22&CN=3&CV=99,11,15a79717a47607cb4fb7564011cfa728bb93c44df2bab2766c797b3f660a1e3c,05d5fde89e92dffa223cc3f9e6d26302d36f36bbd44d2b357979bf6190e4ee46,2026-08-17T12:51:26+00:00,ok
10 신앙·성경/성경/개역개정 구약성경/30 시가서/05 아가/아가 004장.md,http://www.holybible.or.kr/B_GAE/cgi/bibleftxt.php?VR=GAE&VL=22&CN=4&CV=99,16,c59ce2d07edbeeea47b74adf8238f6110a75f940a49286725bff9d47fc50096c,0ffad3d38ed1befd6172e61bb8669a9e6abc069bc8971e1c0c3cd3c3d6d0b68a,2026-08-17T12:51:26+00:00,ok
10 신앙·성경/성경/개역개정 구약성경/30 시가서/05 아가/아가 005장.md,http://www.holybible.or.kr/B_GAE/cgi/bibleftxt.php?VR=GAE&VL=22&CN=5&CV=99,16,021f172a36858a808b23553c2eab447e861b6af792491deb72c9df6e452ee1a0,50461c9f2df56afb144ae8c2ea3ee4a45f58d259fd79e5d90cf9310c35fd018c,2026-08-17T12:51:26+00:00,ok
10 신앙·성경/성경/개역개정 구약성경/30 시가서/05 아가/아가 006장.md,http://www.holybible.or.kr/B_GAE/cgi/bibleftxt.php?VR=GAE&VL=22&CN=6&CV=99,13,e5821b1e51dd62f9f85baf02a2b47bdd88036c8d45c60bdab67ca5c243012b8d,bfa3b4a55dfc04c6adc4806b07add48f29d48fe48ae57ecfc020e8d2ae50fa1b,2026-08-17T12:51:26+00:00,ok
10 신앙·성경/성경/개역개정 구약성경/30 시가서/05 아가/아가 007장.md,http://www.holybible.or.kr/B_GAE/cgi/bibleftxt.php?VR=GAE&VL=22&CN=7&CV=99,13,05b333527fa046b641680ac18d4f4ebee5186b572097b35482baf86fd8e45258,9d7b4b49bb8281521e8b971e97c2168a259eac8bcca0f44c505e7a29fad8e283,2026-08-17T12:51:26+00:00,ok
10 신앙·성경/성경/개역개정 구약성경/30 시가서/05 아가/아가 008장.md,http://www.holybible.or.kr/B_GAE/cgi/bibleftxt.php?VR=GAE&VL=22&CN=8&CV=99,14,c433a8d1b2724ca26fc3d253d3e2498d2e7bdbcdd76ce73ef6f22df2bfd17192,fb5b4175678636ccd00be322ab0f6b42fa72c96abb1c8771c9308cdb7cca265f,2026-08-17T12:51:26+00:00,ok
10 신앙·성경/성경/개역개정 구약성경/40 대선지서/01 이사야/이사야 001장.md,http://www.holybible.or.kr/B_GAE/cgi/bibleftxt.php?VR=GAE&VL=23&CN=1&CV=99,31,e51644a75cd96a72c152892fdb8ff714d01bb36f144fb286fc6acd32fd72c7b7,3b29dbd367ea863c424a7af43220cf80022290a586fe07b7dbfb36f23e37df31,2026-08-17T12:51:26+00:00,ok
10 신앙·성경/성경/개역개정 구약성경/40 대선지서/01 이사야/이사야 002장.md,http://www.holybible.or.kr/B_GAE/cgi/bibleftxt.php?VR=GAE&VL=23&CN=2&CV=99,22,10f66d1e5a419f86b49c817ae42227801755d7d814efd2c958916eeffe1a69fb,879c0468a2120ab9c85dde6e284de1cd14d6a9c45647f795c18b6d5f92eafc2a,2026-08-17T12:51:26+00:00,ok
10 신앙·성경/성경/개역개정 구약성경/40 대선지서/01 이사야/이사야 003장.md,http://www.holybible.or.kr/B_GAE/cgi/bibleftxt.php?VR=GAE&VL=23&CN=3&CV=99,26,f11a9858617546ffcf2ac8591c834e9af73d1f68e80e746e98cc9174c8e3a125,39698206eb00e0b993021b388eb9780230e7369415beb97770113e54ed475ec5,2026-08-17T12:51:26+00:00,ok
10 신앙·성경/성경/개역개정 구약성경/40 대선지서/01 이사야/이사야 004장.md,http://www.holybible.or.kr/B_GAE/cgi/bibleftxt.php?VR=GAE&VL=23&CN=4&CV=99,6,414dda240fa65e27c9b81fb30721340b3bb89b3cb7fd27f9a6d47fc9efd521d1,d0b4057b2f12b792cb5fbbd4b4f949fa5678652be01df3da7afd67e0068f2906,2026-08-17T12:51:26+00:00,ok
10 신앙·성경/성경/개역개정 구약성경/40 대선지서/01 이사야/이사야 005장.md,http://www.holybible.or.kr/B_GAE/cgi/bibleftxt.php?VR=GAE&VL=23&CN=5&CV=99,30,7bf46679cc52b291ae61c3b919ac2762d0df2d13962e84faf870db8b9de10754,ed826c8afd38880796c28b3b5a30117986d6d8c6e587a50f660b9fa667b9b393,2026-08-17T12:51:26+00:00,ok
10 신앙·성경/성경/개역개정 구약성경/40 대선지서/01 이사야/이사야 006장.md,http://www.holybible.or.kr/B_GAE/cgi/bibleftxt.php?VR=GAE&VL=23&CN=6&CV=99,13,7a04d85bc2b841a6c786c418b8763a8b837b81f0c7ebf904281d1323b9bb7b54,e7d94585ee9cdbc9d7d35644530634b016e74d53bd4f0afd78671911f633523e,2026-08-17T12:51:26+00:00,ok
10 신앙·성경/성경/개역개정 구약성경/40 대선지서/01 이사야/이사야 007장.md,http://www.holybible.or.kr/B_GAE/cgi/bibleftxt.php?VR=GAE&VL=23&CN=7&CV=99,25,4c7a1d4f70710b34ae945b18ecb42846d3fbe98d63b818d759ee0d48202b3100,d3509b40f1bf5869f7b1c2bf9fefc6b469017ea632879209257d02e072b2e01d,2026-08-17T12:51:26+00:00,ok
10 신앙·성경/성경/개역개정 구약성경/40 대선지서/01 이사야/이사야 008장.md,http://www.holybible.or.kr/B_GAE/cgi/bibleftxt.php?VR=GAE&VL=23&CN=8&CV=99,22,ce3b599a3ab1d1298cf03513402ee9cbf61c0870e15323f069088b694bc29625,9962bbcb5e17d9efa75bcc030749d8bb7bb58bb8123290b293043fd63f3decda,2026-08-17T12:51:26+00:00,ok
10 신앙·성경/성경/개역개정 구약성경/40 대선지서/01 이사야/이사야 009장.md,http://www.holybible.or.kr/B_GAE/cgi/bibleftxt.php?VR=GAE&VL=23&CN=9&CV=99,21,a82cfeb1fc68bb052ab0fe11b303fefd9dcfbc1a8b6559f5b9da2631ee37380b,599a93b4d5a4eb380c2cabc49cfbd7a864157776d4aeb309fd51c65a608e30b4,2026-08-17T12:51:26+00:00,ok
10 신앙·성경/성경/개역개정 구약성경/40 대선지서/01 이사야/이사야 010장.md,http://www.holybible.or.kr/B_GAE/cgi/bibleftxt.php?VR=GAE&VL=23&CN=10&CV=99,34,b2a9d43f7b8f48b189f26c39b2e86d9fc44d364058db2c1ba3549181873fea59,36f13e1e3d3b613b5fb3ff31ae2ca10a2e36c720009eb59af660defb6363fb90,2026-08-17T12:51:26+00:00,ok
10 신앙·성경/성경/개역개정 구약성경/40 대선지서/01 이사야/이사야 011장.md,http://www.holybible.or.kr/B_GAE/cgi/bibleftxt.php?VR=GAE&VL=23&CN=11&CV=99,16,e3ce2cc27e83e23d054d603ae2c44d32a9947d379606c3bfa4e6a36702c8f99c,800802697d5fd078be6695245ebd126703b38ac3c13d4876f5ef6511df6882b5,2026-08-17T12:51:26+00:00,ok
10 신앙·성경/성경/개역개정 구약성경/40 대선지서/01 이사야/이사야 012장.md,http://www.holybible.or.kr/B_GAE/cgi/bibleftxt.php?VR=GAE&VL=23&CN=12&CV=99,6,0884149997b7d9669b260e374ae287c7e60b9b95dd57c4d8862165de9d93f55f,21bf917a149c2200547b6e9c240c42616b203ac8e2bd14dc8f58a49951badce8,2026-08-17T12:51:26+00:00,ok
10 신앙·성경/성경/개역개정 구약성경/40 대선지서/01 이사야/이사야 013장.md,http://www.holybible.or.kr/B_GAE/cgi/bibleftxt.php?VR=GAE&VL=23&CN=13&CV=99,22,da4de050f2184cdf82de05d08524afc4f835990bbe35e853226b8ce2d82638c7,5059d82ce1322506a8245397e6534fca5b5cad9d0a61c4aec9a00eb244ea22ca,2026-08-17T12:51:26+00:00,ok
10 신앙·성경/성경/개역개정 구약성경/40 대선지서/01 이사야/이사야 014장.md,http://www.holybible.or.kr/B_GAE/cgi/bibleftxt.php?VR=GAE&VL=23&CN=14&CV=99,32,c7dd2c41276f6eddf80fe8b60502e8fec634d1d4573f6ccb0d8fe85630b30182,0cb930d847ee3d8b3e7f56e939a878eae5a70cc50bc5ebbdb7a20288b3172313,2026-08-17T12:51:26+00:00,ok
10 신앙·성경/성경/개역개정 구약성경/40 대선지서/01 이사야/이사야 015장.md,http://www.holybible.or.kr/B_GAE/cgi/bibleftxt.php?VR=GAE&VL=23&CN=15&CV=99,9,ced07d8ba46873124dae861bbe1a4dc5d667eab29214f78d800c535fe66d3129,aa5fe65bc39364f14c69141715c547d9e7c354dff624ce5ccea63729beb0b9dd,2026-08-17T12:51:26+00:00,ok
10 신앙·성경/성경/개역개정 구약성경/40 대선지서/01 이사야/이사야 016장.md,http://www.holybible.or.kr/B_GAE/cgi/bibleftxt.php?VR=GAE&VL=23&CN=16&CV=99,14,ceae6fe4aa324732f49fb7bad632ff62e553cd67ff5b240630655b02682563c9,2246351b41880ed6867255bcb93fe762fc5f6af8831ab38508dccdce5ab9e166,2026-08-17T12:51:26+00:00,ok
10 신앙·성경/성경/개역개정 구약성경/40 대선지서/01 이사야/이사야 017장.md,http://www.holybible.or.kr/B_GAE/cgi/bibleftxt.php?VR=GAE&VL=23&CN=17&CV=99,14,2cc848c324b2329c83bdc5162bec029b49e720e218fbe27820791ac7678d0a03,be6092f1c7b295790baeb0e0892fb63013ac30a41efe97f90db8b5a0a2a3c7c6,2026-08-17T12:51:26+00:00,ok
10 신앙·성경/성경/개역개정 구약성경/40 대선지서/01 이사야/이사야 018장.md,http://www.holybible.or.kr/B_GAE/cgi/bibleftxt.php?VR=GAE&VL=23&CN=18&CV=99,7,1e3a9e62c6079db0b681bf3705c9edcb251fa0b7354fe37c8f7c38ff3a172806,19641bcda7ae954fd428f26cad7db2aa55d65fdbf21e7d7d3df05a53c7b3fadb,2026-08-17T12:51:26+00:00,ok
10 신앙·성경/성경/개역개정 구약성경/40 대선지서/01 이사야/이사야 019장.md,http://www.holybible.or.kr/B_GAE/cgi/bibleftxt.php?VR=GAE&VL=23&CN=19&CV=99,25,fa4ae57fea6f6efed7d3fbd451b46b2595c84d8108a75082afa785fd5b325f10,2840492a4729b05d1e824f2e3cd84550e25b086b66c94923c188980c74cad528,2026-08-17T12:51:26+00:00,ok
10 신앙·성경/성경/개역개정 구약성경/40 대선지서/01 이사야/이사야 020장.md,http://www.holybible.or.kr/B_GAE/cgi/bibleftxt.php?VR=GAE&VL=23&CN=20&CV=99,6,1a7e5faaac4d94618b283a315c92f56186917561768e84fdd06c0aae878e1962,f9d847e78648dac55a854f58f6dfc16b5512905c903f72220b594f06a580f351,2026-08-17T12:51:26+00:00,ok
10 신앙·성경/성경/개역개정 구약성경/40 대선지서/01 이사야/이사야 021장.md,http://www.holybible.or.kr/B_GAE/cgi/bibleftxt.php?VR=GAE&VL=23&CN=21&CV=99,17,52dad7a4e7ab842ed087294f41e615ce57a3705d6d64554b064688ab910c5817,9f38d4f75b5d68c500a0af2c368dd11ef86ef8b5c9c7c9fd692ef687888d2789,2026-08-17T12:51:26+00:00,ok
10 신앙·성경/성경/개역개정 구약성경/40 대선지서/01 이사야/이사야 022장.md,http://www.holybible.or.kr/B_GAE/cgi/bibleftxt.php?VR=GAE&VL=23&CN=22&CV=99,25,f7d0923238cce8e2361aeda0a334cde5fe3f28f702b0dca35e0685486f71aa47,bbb23505f24b4cdf1c48cfcee2267dff759919e41d9365932f285d846f909c13,2026-08-17T12:51:26+00:00,ok
10 신앙·성경/성경/개역개정 구약성경/40 대선지서/01 이사야/이사야 023장.md,http://www.holybible.or.kr/B_GAE/cgi/bibleftxt.php?VR=GAE&VL=23&CN=23&CV=99,18,135fe1de05305e3ac0309bbc01bd07fcf4766b0d59d37e1666b746cf02690876,2bd758c7265ef0f97292a400e99efbeef9cddb732005a9ad50ae7e328cd8266e,2026-08-17T12:51:26+00:00,ok
10 신앙·성경/성경/개역개정 구약성경/40 대선지서/01 이사야/이사야 024장.md,http://www.holybible.or.kr/B_GAE/cgi/bibleftxt.php?VR=GAE&VL=23&CN=24&CV=99,23,354465d0b5f2056aee290728445604f590efd1ccc25c62a9e795dcd3ae88b1c7,8d0ff6a0fc3ce909aa35d90d8e55b111901e034d670336ba1c6bbbbbdb9a0fb6,2026-08-17T12:51:26+00:00,ok
10 신앙·성경/성경/개역개정 구약성경/40 대선지서/01 이사야/이사야 025장.md,http://www.holybible.or.kr/B_GAE/cgi/bibleftxt.php?VR=GAE&VL=23&CN=25&CV=99,12,d471fbe6fbe15a86bd7e682e7251b9b179d945a47ab46a9d8154dc247695e17f,f4c800c009142c852229b6a7116592ffe3e6a737c4f30e5beb462e6db14be02a,2026-08-17T12:51:26+00:00,ok
10 신앙·성경/성경/개역개정 구약성경/40 대선지서/01 이사야/이사야 026장.md,http://www.holybible.or.kr/B_GAE/cgi/bibleftxt.php?VR=GAE&VL=23&CN=26&CV=99,21,f392958923af57751f724a60716f6f0543074dd66ac927c4d66bfdbf9815d524,e7c4e9cef76f7906c7875b30d4b5636434ba250f0620dd08d489a69a67b4c7f5,2026-08-17T12:51:26+00:00,ok
10 신앙·성경/성경/개역개정 구약성경/40 대선지서/01 이사야/이사야 027장.md,http://www.holybible.or.kr/B_GAE/cgi/bibleftxt.php?VR=GAE&VL=23&CN=27&CV=99,13,a1b2ed89bb1905d8facc9f241688fef9a1646324ff954eb565e049c1bc6f1bf0,b6570f2b19e14539be405fb77464e45aa1538a152a175ca238226fa70e23f8aa,2026-08-17T12:51:26+00:00,ok
10 신앙·성경/성경/개역개정 구약성경/40 대선지서/01 이사야/이사야 028장.md,http://www.holybible.or.kr/B_GAE/cgi/bibleftxt.php?VR=GAE&VL=23&CN=28&CV=99,29,d40cf611839858eec97d8a7a9e547ef4e92dd984af215055f79594d990afef8c,8f311c6d58c0d6b70e08a64b33c8746ee3dd83f2842d6760284d7c6591c14c65,2026-08-17T12:51:26+00:00,ok
10 신앙·성경/성경/개역개정 구약성경/40 대선지서/01 이사야/이사야 029장.md,http://www.holybible.or.kr/B_GAE/cgi/bibleftxt.php?VR=GAE&VL=23&CN=29&CV=99,24,5fea72e36a326869bf9621b290a9ec24d99c3fbdd74956dfb5d10e363096ea64,e49c493b8bb3d48f8020531d1c17134c2644e73750e12a631bfd626be9df2731,2026-08-17T12:51:26+00:00,ok
10 신앙·성경/성경/개역개정 구약성경/40 대선지서/01 이사야/이사야 030장.md,http://www.holybible.or.kr/B_GAE/cgi/bibleftxt.php?VR=GAE&VL=23&CN=30&CV=99,33,24af87e3840bda205d019b53c57c90740970465dde7e19713f1367b1e015e619,8642a872242794ed278f9177c9a58f455557c3b74e55e42ced24da3120034080,2026-08-17T12:51:26+00:00,ok
10 신앙·성경/성경/개역개정 구약성경/40 대선지서/01 이사야/이사야 031장.md,http://www.holybible.or.kr/B_GAE/cgi/bibleftxt.php?VR=GAE&VL=23&CN=31&CV=99,9,ac67e467467abd24acc10d81d10eaaa532138ed87977d819204d44009544e140,cdee8faf03e1074be83748ca7b06111689d5212109c725e2f889b84311d75e25,2026-08-17T12:51:26+00:00,ok
10 신앙·성경/성경/개역개정 구약성경/40 대선지서/01 이사야/이사야 032장.md,http://www.holybible.or.kr/B_GAE/cgi/bibleftxt.php?VR=GAE&VL=23&CN=32&CV=99,20,a556b6d63ad353d11c0bf90336c7fb14f70b86c11f044070535a18569281f24e,aeeb5f58b1e258861557da06c5e42defa5a29dc6bf94c7b0b1f0a5083d855cc0,2026-08-17T12:51:26+00:00,ok
10 신앙·성경/성경/개역개정 구약성경/40 대선지서/01 이사야/이사야 033장.md,http://www.holybible.or.kr/B_GAE/cgi/bibleftxt.php?VR=GAE&VL=23&CN=33&CV=99,24,d1315bc3a0808bbd846109a3e464bcd997a933564d7ea0b37b2417e125cbbb05,623f69d3734000c51b676ea4cc307aa58f96a49b2edba13b7cbc2a86b3e2c089,2026-08-17T12:51:26+00:00,ok
10 신앙·성경/성경/개역개정 구약성경/40 대선지서/01 이사야/이사야 034장.md,http://www.holybible.or.kr/B_GAE/cgi/bibleftxt.php?VR=GAE&VL=23&CN=34&CV=99,17,6794c80091cb5aa76f4f93582eba89919c6358f44cccfd95c1cd7e8cdea04474,d17f5abbf1c6590dc56a04a0df4c821bcf590c395520c853de463150d5638be5,2026-08-17T12:51:26+00:00,ok
10 신앙·성경/성경/개역개정 구약성경/40 대선지서/01 이사야/이사야 035장.md,http://www.holybible.or.kr/B_GAE/cgi/bibleftxt.php?VR=GAE&VL=23&CN=35&CV=99,10,08c56509ff2831d95dd0c9c3dbcdab4fe8685668e583f506eb9ab64351cc25f6,ac1571447bcdad3a49ddf3f7fc3298cd61cb772db4eaab81147a9f7d511f1fe9,2026-08-17T12:51:26+00:00,ok
10 신앙·성경/성경/개역개정 구약성경/40 대선지서/01 이사야/이사야 036장.md,http://www.holybible.or.kr/B_GAE/cgi/bibleftxt.php?VR=GAE&VL=23&CN=36&CV=99,22,4f30e17bd172710dd165ee32ca3da0c87238791e1444bc968b4112d89d6e51b8,48f9ceada0ae302bca3077b0263e8909060550c7d1dfe7953cd8ae649934efac,2026-08-17T12:51:26+00:00,ok
10 신앙·성경/성경/개역개정 구약성경/40 대선지서/01 이사야/이사야 037장.md,http://www.holybible.or.kr/B_GAE/cgi/bibleftxt.php?VR=GAE&VL=23&CN=37&CV=99,38,8dd727c7760bb32eccb8b1004f0358f72078bfe2cb019c481141c377ab2e3ee2,bb6aaa9d471030b4ec20698b8ee67cc174ac500cf71897f2ea001cfc33da5ec3,2026-08-17T12:51:26+00:00,ok
10 신앙·성경/성경/개역개정 구약성경/40 대선지서/01 이사야/이사야 038장.md,http://www.holybible.or.kr/B_GAE/cgi/bibleftxt.php?VR=GAE&VL=23&CN=38&CV=99,22,45bb2c58e2b1bf55ce174eb7bbca51a3dfe7d1e846afb3acbc0eb3ecae35121e,07cfa693ddd7580f04154688112454a99b08f44a3ada61637307ccb32f6cad04,2026-08-17T12:51:26+00:00,ok
10 신앙·성경/성경/개역개정 구약성경/40 대선지서/01 이사야/이사야 039장.md,http://www.holybible.or.kr/B_GAE/cgi/bibleftxt.php?VR=GAE&VL=23&CN=39&CV=99,8,744e7762d6ec3df776a0f258a6b53ed94117efd4cef899952214e2bca5e3f7cd,32e2dd071bb00c81c698a8ef95d1d95a99fdcdf17d912adf1769e9d846f1d048,2026-08-17T12:51:26+00:00,ok
10 신앙·성경/성경/개역개정 구약성경/40 대선지서/01 이사야/이사야 040장.md,http://www.holybible.or.kr/B_GAE/cgi/bibleftxt.php?VR=GAE&VL=23&CN=40&CV=99,31,e93abae475ebd40af4532f0953d533781538a7d91b42fd5d89275c7a1bd3784a,0391bf87f7859c11aa1b264d3887626926122eaac5ba66803cf4d2e53f5f56e8,2026-08-17T12:51:26+00:00,ok
10 신앙·성경/성경/개역개정 구약성경/40 대선지서/01 이사야/이사야 041장.md,http://www.holybible.or.kr/B_GAE/cgi/bibleftxt.php?VR=GAE&VL=23&CN=41&CV=99,29,ecd06e2dee1b66172f4cdfa9cd26f3cc76c1b83abadb466098855246bcf8d773,fced9402783523793ecd2f0504778ba129803ae9d8de3b2699a35cdab7c6151a,2026-08-17T12:51:26+00:00,ok
10 신앙·성경/성경/개역개정 구약성경/40 대선지서/01 이사야/이사야 042장.md,http://www.holybible.or.kr/B_GAE/cgi/bibleftxt.php?VR=GAE&VL=23&CN=42&CV=99,25,fba3fe8b3b688fb45023b75e0dac627d2ace7709e95fa78c0e46a3797177dbe6,47c6c29c4e7ff5e885bc36d9424a6d3149e93c96cb5e7831d1982f0edf5b05e9,2026-08-17T12:51:26+00:00,ok
10 신앙·성경/성경/개역개정 구약성경/40 대선지서/01 이사야/이사야 043장.md,http://www.holybible.or.kr/B_GAE/cgi/bibleftxt.php?VR=GAE&VL=23&CN=43&CV=99,28,15f88161f38318beb0e082b4ce13792e7f7fc96b976174eaaac1bddd512f58c8,a8dde7c5475685f558c2c98fd2cfe7d1199f40be85b3f7204cdd0ead77dac9eb,2026-08-17T12:51:26+00:00,ok
10 신앙·성경/성경/개역개정 구약성경/40 대선지서/01 이사야/이사야 044장.md,http://www.holybible.or.kr/B_GAE/cgi/bibleftxt.php?VR=GAE&VL=23&CN=44&CV=99,28,db763d7a6c96a653043d1fcc87eef72718d6387e43fe5fc81dd68342001eace7,e1848036a50e9555e57a9cf0f80c03520985ce7b95a78e7e44f8682b3ec74f66,2026-08-17T12:51:26+00:00,ok
10 신앙·성경/성경/개역개정 구약성경/40 대선지서/01 이사야/이사야 045장.md,http://www.holybible.or.kr/B_GAE/cgi/bibleftxt.php?VR=GAE&VL=23&CN=45&CV=99,25,5fccedb5c77f399515107c6a8a24a118c29bb4ea2785cb726e1672c2f9437e3a,bea5ee0423e286eef6c7cc867b57215c64ecc8ca2a9a4d83df8f9814c0c86532,2026-08-17T12:51:26+00:00,ok
10 신앙·성경/성경/개역개정 구약성경/40 대선지서/01 이사야/이사야 046장.md,http://www.holybible.or.kr/B_GAE/cgi/bibleftxt.php?VR=GAE&VL=23&CN=46&CV=99,13,c164cee57983db0f1bdcbe380cb8925185ebe56cf3b5c555fd7062f17e009116,39a9853273d358eded670e3aaed40f0f4595153b773774812499087c115fe604,2026-08-17T12:51:26+00:00,ok
10 신앙·성경/성경/개역개정 구약성경/40 대선지서/01 이사야/이사야 047장.md,http://www.holybible.or.kr/B_GAE/cgi/bibleftxt.php?VR=GAE&VL=23&CN=47&CV=99,15,3d628e3a934069d4759c49e336aec962ab0068f70ef9f9788156cc21d02f7cb3,106bb9f318792bc0e7f122470c23f454165741e94f5c35f433aaf5cedcd28f31,2026-08-17T12:51:26+00:00,ok
10 신앙·성경/성경/개역개정 구약성경/40 대선지서/01 이사야/이사야 048장.md,http://www.holybible.or.kr/B_GAE/cgi/bibleftxt.php?VR=GAE&VL=23&CN=48&CV=99,22,d7d71723caa1816a5e4ead2ecdf22dbec8481dbd1af05e2ce2e7fadeb624bcb6,39be81df0c6d9505cd75580394d5bd08cbc48824746ec18f2711df058d98fa3b,2026-08-17T12:51:26+00:00,ok
10 신앙·성경/성경/개역개정 구약성경/40 대선지서/01 이사야/이사야 049장.md,http://www.holybible.or.kr/B_GAE/cgi/bibleftxt.php?VR=GAE&VL=23&CN=49&CV=99,26,dfd645208eaa014f1eba8a3b6043787695535a593bfb17f554cff2b53f8c9b9f,98ce0ad6e6b26122aafc64447444121ff9d6c2337b12f5033660633b55ee9c86,2026-08-17T12:51:26+00:00,ok
10 신앙·성경/성경/개역개정 구약성경/40 대선지서/01 이사야/이사야 050장.md,http://www.holybible.or.kr/B_GAE/cgi/bibleftxt.php?VR=GAE&VL=23&CN=50&CV=99,11,d587a59dde096b6067b5fd9a1c94360ba54f54e1eb958dcc351f3b4a716dbc14,2644e547f23a7fe8896b4dbd2e42dd6d39e561130bd8c1d75901722a6f15bf4d,2026-08-17T12:51:26+00:00,ok
10 신앙·성경/성경/개역개정 구약성경/40 대선지서/01 이사야/이사야 051장.md,http://www.holybible.or.kr/B_GAE/cgi/bibleftxt.php?VR=GAE&VL=23&CN=51&CV=99,23,f30f13f7c2f93546570ad4fa66e3692887c1e3630ba2be4f8b8c05a845e40d89,69124370d44198f1bfa16e768c1e4b053670b09a99931798ede6cd9ce58bba95,2026-08-17T12:51:26+00:00,ok
10 신앙·성경/성경/개역개정 구약성경/40 대선지서/01 이사야/이사야 052장.md,http://www.holybible.or.kr/B_GAE/cgi/bibleftxt.php?VR=GAE&VL=23&CN=52&CV=99,15,08bf16e1d31b9f0558724856e2fdfef51459b99352e94b90bdda965684810837,4732cd4a6f97b54c4e8b80c86571a3cf3fcafbe93d54924ef3d8eb07e0f4a6c1,2026-08-17T12:51:26+00:00,ok
10 신앙·성경/성경/개역개정 구약성경/40 대선지서/01 이사야/이사야 053장.md,http://www.holybible.or.kr/B_GAE/cgi/bibleftxt.php?VR=GAE&VL=23&CN=53&CV=99,12,6d412efc04fd97a58ecd7b09218edecca2f4fbb41008a284d461b439c518b939,19db4177e2399f59593791ed967001e0b44c2844cfc4ff676051f8ac74062ca9,2026-08-17T12:51:26+00:00,ok
10 신앙·성경/성경/개역개정 구약성경/40 대선지서/01 이사야/이사야 054장.md,http://www.holybible.or.kr/B_GAE/cgi/bibleftxt.php?VR=GAE&VL=23&CN=54&CV=99,17,796d02d41f34860beecc2091681cc089e86e6e0cd1741cd14973b398e752877c,851103d358d32a012347665652c35d5591b864749da72cfe2c93015d717ef00a,2026-08-17T12:51:26+00:00,ok
10 신앙·성경/성경/개역개정 구약성경/40 대선지서/01 이사야/이사야 055장.md,http://www.holybible.or.kr/B_GAE/cgi/bibleftxt.php?VR=GAE&VL=23&CN=55&CV=99,13,2024a33c510a619d56c38cc02dba4c50437f18d69c4e125b5e33970e5012f6b0,16be8f8f7d22f6e09d5b153c87c073fca7e8bb3212d7f649e5a8dadc231bb748,2026-08-17T12:51:26+00:00,ok
10 신앙·성경/성경/개역개정 구약성경/40 대선지서/01 이사야/이사야 056장.md,http://www.holybible.or.kr/B_GAE/cgi/bibleftxt.php?VR=GAE&VL=23&CN=56&CV=99,12,7cafa7bd942f32acb3293349366b81d1dbac142c5b23d7a96bf5aa7f51356159,bf2afe22247b3d4e13d4ba866bc78ce923b0cb983d6a9f43cfda75c6331ad0ef,2026-08-17T12:51:26+00:00,ok
10 신앙·성경/성경/개역개정 구약성경/40 대선지서/01 이사야/이사야 057장.md,http://www.holybible.or.kr/B_GAE/cgi/bibleftxt.php?VR=GAE&VL=23&CN=57&CV=99,21,abb44168230d409b30b4bced906329a4dd39b4db953021f5ec662435a0aa39c2,ab85c2b9ea77bd400448b22fc459734dae4a4c558c25b06557808b1b099536cd,2026-08-17T12:51:26+00:00,ok
10 신앙·성경/성경/개역개정 구약성경/40 대선지서/01 이사야/이사야 058장.md,http://www.holybible.or.kr/B_GAE/cgi/bibleftxt.php?VR=GAE&VL=23&CN=58&CV=99,14,ad4b105d584a0f767030db55730a43b925f245efe590acc1e9d528f47d63eeeb,bd2fdf94cfcc373501c938f6cd617a450412bf6aa0d7b57ef5ebe239faeb0b5d,2026-08-17T12:51:26+00:00,ok
10 신앙·성경/성경/개역개정 구약성경/40 대선지서/01 이사야/이사야 059장.md,http://www.holybible.or.kr/B_GAE/cgi/bibleftxt.php?VR=GAE&VL=23&CN=59&CV=99,21,0385434fe9c54ba80de308176793705c2812fbe8185a04500e995fbc195c149c,0ac79e325d7f0a13f7520c1a4f4e37403f42778b3196f54ee2c8a007e913034d,2026-08-17T12:51:26+00:00,ok
10 신앙·성경/성경/개역개정 구약성경/40 대선지서/01 이사야/이사야 060장.md,http://www.holybible.or.kr/B_GAE/cgi/bibleftxt.php?VR=GAE&VL=23&CN=60&CV=99,22,821746c372c81471a7e2695b2f9de6573d7a3635cddeabc1d75c8dd012bb41a9,2da127e74f9e65e08ac28d99cf6d06f8fc6fe53a4a914fa39ee254d80a15b406,2026-08-17T12:51:26+00:00,ok
10 신앙·성경/성경/개역개정 구약성경/40 대선지서/01 이사야/이사야 061장.md,http://www.holybible.or.kr/B_GAE/cgi/bibleftxt.php?VR=GAE&VL=23&CN=61&CV=99,11,f3a5b268db8e2a0a6e9e0ff83d4457078ffea40a6ae42e259e7e58c4c01fb2f8,6de11b80f7c33aef641c320f15a3a364f10461dad99177e40f26387b98991491,2026-08-17T12:51:26+00:00,ok
10 신앙·성경/성경/개역개정 구약성경/40 대선지서/01 이사야/이사야 062장.md,http://www.holybible.or.kr/B_GAE/cgi/bibleftxt.php?VR=GAE&VL=23&CN=62&CV=99,12,b70ac39da4510c4dbf7a6a67241c7ef987532182444ba7f240e03151378b48cc,883ca60d4139b7cde743620be3d6fc6df1e37e1c494003b250f95176087d41d3,2026-08-17T12:51:26+00:00,ok
10 신앙·성경/성경/개역개정 구약성경/40 대선지서/01 이사야/이사야 063장.md,http://www.holybible.or.kr/B_GAE/cgi/bibleftxt.php?VR=GAE&VL=23&CN=63&CV=99,19,046c7b648cf356bfcdc49b6d28e3b3cc191344d98fc119ab064650273646628e,7dd208844a0f04d0f9053d3a3a5ea4314061806460d6e383c23b1db0668b904d,2026-08-17T12:51:26+00:00,ok
10 신앙·성경/성경/개역개정 구약성경/40 대선지서/01 이사야/이사야 064장.md,http://www.holybible.or.kr/B_GAE/cgi/bibleftxt.php?VR=GAE&VL=23&CN=64&CV=99,12,9a1fe797aa651fa200a4405357b1b08d66748054132a0e425ee5088b2486138b,aeab021f8738e36f8aaf19e9e9a8b355a7d735e26fa0a7c80187ca4835d97cb6,2026-08-17T12:51:26+00:00,ok
10 신앙·성경/성경/개역개정 구약성경/40 대선지서/01 이사야/이사야 065장.md,http://www.holybible.or.kr/B_GAE/cgi/bibleftxt.php?VR=GAE&VL=23&CN=65&CV=99,25,65e10144b66a3511b1ee523042b7739b7f861616ad22b0002043407f46028793,76f3d54dca3d6883edf930e8eebf1b53499ed93fb3e3ffbda92799356a1e505b,2026-08-17T12:51:26+00:00,ok
10 신앙·성경/성경/개역개정 구약성경/40 대선지서/01 이사야/이사야 066장.md,http://www.holybible.or.kr/B_GAE/cgi/bibleftxt.php?VR=GAE&VL=23&CN=66&CV=99,24,e0ee500eafeb25561b4e13a1c9737b5c71e66934de027366e7e377cdfb0da567,b842fbdaa73e72a3c4cd6ce9258d9f8a3832b450cc5d2a8f5790888cae64f871,2026-08-17T12:51:26+00:00,ok
10 신앙·성경/성경/개역개정 구약성경/40 대선지서/02 예레미야/예레미야 001장.md,http://www.holybible.or.kr/B_GAE/cgi/bibleftxt.php?VR=GAE&VL=24&CN=1&CV=99,19,f7eab28a321713731758670024c667b3cc5577c46a2591bb59326a4547d6d0f7,b9e77abfb10e62fe61c1590293347b830332466d9ab19965bc9473ff3741ff02,2026-08-17T12:51:26+00:00,ok
10 신앙·성경/성경/개역개정 구약성경/40 대선지서/02 예레미야/예레미야 002장.md,http://www.holybible.or.kr/B_GAE/cgi/bibleftxt.php?VR=GAE&VL=24&CN=2&CV=99,37,08fdfd9133557c8af0b551074c58d9f36df81546a575f70dd7baf1f10fd3e63f,b6f9ce873937716dad3a23da8ba209b699d9d5fbac07b3fa112bc15c765f5258,2026-08-17T12:51:26+00:00,ok
10 신앙·성경/성경/개역개정 구약성경/40 대선지서/02 예레미야/예레미야 003장.md,http://www.holybible.or.kr/B_GAE/cgi/bibleftxt.php?VR=GAE&VL=24&CN=3&CV=99,25,238604e80a06f8422501aa01848d9cbf0e70cf275cb339d868c06b2ac66544ea,f68aa7a5d79b8520929ccce3068878932715044875ef89a2d4cc88fd2f5839b2,2026-08-17T12:51:26+00:00,ok
10 신앙·성경/성경/개역개정 구약성경/40 대선지서/02 예레미야/예레미야 004장.md,http://www.holybible.or.kr/B_GAE/cgi/bibleftxt.php?VR=GAE&VL=24&CN=4&CV=99,31,8df243604eb19f5bd0d136ab31512b223544090ce79b869e64e33a3d1c03a292,9d737ad1563b1d1a8fb08634a94eae1cb21393fcdaf22ea7e503a5200c9cb66d,2026-08-17T12:51:26+00:00,ok
10 신앙·성경/성경/개역개정 구약성경/40 대선지서/02 예레미야/예레미야 005장.md,http://www.holybible.or.kr/B_GAE/cgi/bibleftxt.php?VR=GAE&VL=24&CN=5&CV=99,31,ada8b0cbb79911b1f89087705380e712d2cd925702d15e584bc0e9a8c74fa635,d72b35adb4024f04aa09e430b7775fd98022360ae8ce2fc166e2f3c625863b5f,2026-08-17T12:51:26+00:00,ok
10 신앙·성경/성경/개역개정 구약성경/40 대선지서/02 예레미야/예레미야 006장.md,http://www.holybible.or.kr/B_GAE/cgi/bibleftxt.php?VR=GAE&VL=24&CN=6&CV=99,30,c34c3a84afffc285a43520c30eaceb1d458bce687e33627b663b0fef785fa6be,b13b67e3e90621000d25320cf6611180539d13ffc2320badc3b40f44276a8518,2026-08-17T12:51:26+00:00,ok
10 신앙·성경/성경/개역개정 구약성경/40 대선지서/02 예레미야/예레미야 007장.md,http://www.holybible.or.kr/B_GAE/cgi/bibleftxt.php?VR=GAE&VL=24&CN=7&CV=99,34,d7929e8c886296c901561c6bdbd63224e0844f31f2653d733dbfacc8f678cdc3,9a5278a11a5d4f43edeb5a7bb2460d692f4080c97ba67de7c6e3047b09d3812b,2026-08-17T12:51:26+00:00,ok
10 신앙·성경/성경/개역개정 구약성경/40 대선지서/02 예레미야/예레미야 008장.md,http://www.holybible.or.kr/B_GAE/cgi/bibleftxt.php?VR=GAE&VL=24&CN=8&CV=99,22,95e1171fcde3d562bcae8ad6fe80aae18f7795603e0325ffcb137f98987323bd,29e5a18d60bccc3da95345aa794010f1c93695c998dc178503113bed07b0e8c0,2026-08-17T12:51:26+00:00,ok
10 신앙·성경/성경/개역개정 구약성경/40 대선지서/02 예레미야/예레미야 009장.md,http://www.holybible.or.kr/B_GAE/cgi/bibleftxt.php?VR=GAE&VL=24&CN=9&CV=99,26,b36e3d0f10b7dc1fb74c44b8605bfa2036332e930a0fa423fd9715f76112395a,79bd3e4475fb2d4f5e5b057f4d0e69ef6dc32b358c539b3578287e191766ddd2,2026-08-17T12:51:26+00:00,ok
10 신앙·성경/성경/개역개정 구약성경/40 대선지서/02 예레미야/예레미야 010장.md,http://www.holybible.or.kr/B_GAE/cgi/bibleftxt.php?VR=GAE&VL=24&CN=10&CV=99,25,e9b29aa1f68c6cb7006e83865e8dcf6815e305d26ad2bc584c38e29ebe4e508c,6669dc16bfe3ccba75b9fc7a9f55b32f4a3508fa88f267c2b76a7ac455e97ebd,2026-08-17T12:51:26+00:00,ok
10 신앙·성경/성경/개역개정 구약성경/40 대선지서/02 예레미야/예레미야 011장.md,http://www.holybible.or.kr/B_GAE/cgi/bibleftxt.php?VR=GAE&VL=24&CN=11&CV=99,23,f5a311ae29a08f6b66ed7e5571cc791bfb1df1d85bd223a0eecf6c08a078b2d5,1c8e5423d8254c8e0b33b42ce5847cefed7318a4d80efd056c5c98da80fac3a0,2026-08-17T12:51:26+00:00,ok
10 신앙·성경/성경/개역개정 구약성경/40 대선지서/02 예레미야/예레미야 012장.md,http://www.holybible.or.kr/B_GAE/cgi/bibleftxt.php?VR=GAE&VL=24&CN=12&CV=99,17,c6c7cfabca32abc175c00131443542ac3f74353be462af89a828ef2a36f76e55,994a407f733f0edbe67db97d58404495450b1e01f3ee49a75bd321fe78ae6cef,2026-08-17T12:51:26+00:00,ok
10 신앙·성경/성경/개역개정 구약성경/40 대선지서/02 예레미야/예레미야 013장.md,http://www.holybible.or.kr/B_GAE/cgi/bibleftxt.php?VR=GAE&VL=24&CN=13&CV=99,27,2b37b2df028fab1b356a2e39cde14d4e15e46261f9f6ea0d72e3dfa272b01e37,875157486b2a271818aaa5daee18746d3eca9d0470bf16d1e750c015368622da,2026-08-17T12:51:26+00:00,ok
10 신앙·성경/성경/개역개정 구약성경/40 대선지서/02 예레미야/예레미야 014장.md,http://www.holybible.or.kr/B_GAE/cgi/bibleftxt.php?VR=GAE&VL=24&CN=14&CV=99,22,552c886001e904094990312e10cfcb41953cdc610001cfc5583964df653f1450,d78b1b9f3cb6bc73e0fb86ae1cfbe1840a51eea89602a4d9b7a0bc6f16b36dd9,2026-08-17T12:51:26+00:00,ok
10 신앙·성경/성경/개역개정 구약성경/40 대선지서/02 예레미야/예레미야 015장.md,http://www.holybible.or.kr/B_GAE/cgi/bibleftxt.php?VR=GAE&VL=24&CN=15&CV=99,21,7516f978dc98ab20b1011a178ed989b7e6f3df2b22177b9b75617700f40e7fed,a7c02cc1e24dbe6db34f52bc496b9fa1857bf6b7e12c63c8a04ec68586f9e710,2026-08-17T12:51:26+00:00,ok
10 신앙·성경/성경/개역개정 구약성경/40 대선지서/02 예레미야/예레미야 016장.md,http://www.holybible.or.kr/B_GAE/cgi/bibleftxt.php?VR=GAE&VL=24&CN=16&CV=99,21,4e37cb27d79d80aff4bca1a5d1184e8c43019ffbd3036bf393e14e9b358be0d3,08f0b0ac03ac98e18f4e31c3daefb98c1f72bea01ab7d57bfe59c6709c2c3316,2026-08-17T12:51:26+00:00,ok
10 신앙·성경/성경/개역개정 구약성경/40 대선지서/02 예레미야/예레미야 017장.md,http://www.holybible.or.kr/B_GAE/cgi/bibleftxt.php?VR=GAE&VL=24&CN=17&CV=99,27,f41f7dd76ddb874598d25b3409c0aacdc4a578563ad4dcc3c3ea0d7be39fc19a,195c2e025a9eddc960523003991bfb6ce732b5c687cbff8813e551653b77635d,2026-08-17T12:51:26+00:00,ok
10 신앙·성경/성경/개역개정 구약성경/40 대선지서/02 예레미야/예레미야 018장.md,http://www.holybible.or.kr/B_GAE/cgi/bibleftxt.php?VR=GAE&VL=24&CN=18&CV=99,23,df19d21b2473b4d0b2c9a614bf5c8ec2711b7babf4720722eea008a58698af8d,62641769ea32903560041f00ef23e729b12473ce2327ee9870222464aad86e2a,2026-08-17T12:51:26+00:00,ok
10 신앙·성경/성경/개역개정 구약성경/40 대선지서/02 예레미야/예레미야 019장.md,http://www.holybible.or.kr/B_GAE/cgi/bibleftxt.php?VR=GAE&VL=24&CN=19&CV=99,15,caae014d3dac0f57fb1f7e0f13832099e064b7994cc54d84caf88a5aebafbd43,2216fc10b64262fac56aafdbb649afee41b16eddf2e56cf607639d840f066f9f,2026-08-17T12:51:26+00:00,ok
10 신앙·성경/성경/개역개정 구약성경/40 대선지서/02 예레미야/예레미야 020장.md,http://www.holybible.or.kr/B_GAE/cgi/bibleftxt.php?VR=GAE&VL=24&CN=20&CV=99,18,6cbc695cbacb386488e8645811ed5b15f4417a11ff22f96b272b703a67dfd7b1,44066bd73ad12121eb13812ecda05b86d121b59539b10a572ab3339f88c44f00,2026-08-17T12:51:26+00:00,ok
10 신앙·성경/성경/개역개정 구약성경/40 대선지서/02 예레미야/예레미야 021장.md,http://www.holybible.or.kr/B_GAE/cgi/bibleftxt.php?VR=GAE&VL=24&CN=21&CV=99,14,0940fcd341006aa65c5bf7a05ceda345e897fc215820145fda5b3ccb343819e1,cf197c8a6f4f9e2a2988d3f8409b96ca1be746dc812b5dd9c51fcec98d13d98e,2026-08-17T12:51:26+00:00,ok
10 신앙·성경/성경/개역개정 구약성경/40 대선지서/02 예레미야/예레미야 022장.md,http://www.holybible.or.kr/B_GAE/cgi/bibleftxt.php?VR=GAE&VL=24&CN=22&CV=99,30,f499eed3c30a6bb96c84d98e7e1249d5e6e890f4861393dbcafad8312a519632,42d0c1f37e21655e85c7e8902e6d1ff4ee7420383a31548ffd52d776e81c1902,2026-08-17T12:51:26+00:00,ok
10 신앙·성경/성경/개역개정 구약성경/40 대선지서/02 예레미야/예레미야 023장.md,http://www.holybible.or.kr/B_GAE/cgi/bibleftxt.php?VR=GAE&VL=24&CN=23&CV=99,40,f11232279094e9ea39f05aa249eff5d9da37c51ceec5ea7783c607fa0429e199,8c6fb90c7f0e95b20046016101d8cab8af9e3972d9410bf3c19b1a79ba502442,2026-08-17T12:51:26+00:00,ok
10 신앙·성경/성경/개역개정 구약성경/40 대선지서/02 예레미야/예레미야 024장.md,http://www.holybible.or.kr/B_GAE/cgi/bibleftxt.php?VR=GAE&VL=24&CN=24&CV=99,10,877c00317a73efa40265ac2ea87bbd6d2c9ba867361e05839bd3f613d748d79a,341210186846240439b19bdc500d750c82a3992165deaa3e2c18b631333188d6,2026-08-17T12:51:26+00:00,ok
10 신앙·성경/성경/개역개정 구약성경/40 대선지서/02 예레미야/예레미야 025장.md,http://www.holybible.or.kr/B_GAE/cgi/bibleftxt.php?VR=GAE&VL=24&CN=25&CV=99,38,747a6048395af7bf9c3b028fab5bc88d4881e6cb57250b95f121a9fe2adb8438,0bbb387c81be9630b94ee6b5a04e5d90058ec49e54075ae89ff98a66d33873f1,2026-08-17T12:51:26+00:00,ok
10 신앙·성경/성경/개역개정 구약성경/40 대선지서/02 예레미야/예레미야 026장.md,http://www.holybible.or.kr/B_GAE/cgi/bibleftxt.php?VR=GAE&VL=24&CN=26&CV=99,24,ca0d6c3c8c205368472f011df2f9a9a74330b2b2628ad3df41549ebe5bd9dff6,88f6a912c61d2619b1dac9e33c7e79d4be9ed20101fa443045c0f28fd511d1eb,2026-08-17T12:51:26+00:00,ok
10 신앙·성경/성경/개역개정 구약성경/40 대선지서/02 예레미야/예레미야 027장.md,http://www.holybible.or.kr/B_GAE/cgi/bibleftxt.php?VR=GAE&VL=24&CN=27&CV=99,22,6112c838db6946d32a0b59b55b5a1a35a09a00b9b70eac3e60b2ecd55024fd66,19c99fb862cd0e836dda2ecae0d47007f107ce78b63616ed210748ccaf6dca4e,2026-08-17T12:51:26+00:00,ok
10 신앙·성경/성경/개역개정 구약성경/40 대선지서/02 예레미야/예레미야 028장.md,http://www.holybible.or.kr/B_GAE/cgi/bibleftxt.php?VR=GAE&VL=24&CN=28&CV=99,17,e7907be616badef7572e796c0028421f7b9359c3fdaca924806315abe6c461c3,e65b75fe32e556607b2d54f20b252d983f8834e8bde5e9e46b9e8644eb57300e,2026-08-17T12:51:26+00:00,ok
10 신앙·성경/성경/개역개정 구약성경/40 대선지서/02 예레미야/예레미야 029장.md,http://www.holybible.or.kr/B_GAE/cgi/bibleftxt.php?VR=GAE&VL=24&CN=29&CV=99,32,51c4086e145c832a5cd9ad788af27d8f27d4b86d7f2c15009ea970fcbfc52d5c,02acd1ab427c192c1d6e79278833946477896c59296c854fc3e1aeca31a2efb6,2026-08-17T12:51:26+00:00,ok
10 신앙·성경/성경/개역개정 구약성경/40 대선지서/02 예레미야/예레미야 030장.md,http://www.holybible.or.kr/B_GAE/cgi/bibleftxt.php?VR=GAE&VL=24&CN=30&CV=99,24,788958ef28f0b058778c6f26a71871bf55a3365af3927912d858814334b92083,74982b061a4a98986cc8d519edf8c1a7884e40e66a69c52a4f493cf389c62c48,2026-08-17T12:51:26+00:00,ok
10 신앙·성경/성경/개역개정 구약성경/40 대선지서/02 예레미야/예레미야 031장.md,http://www.holybible.or.kr/B_GAE/cgi/bibleftxt.php?VR=GAE&VL=24&CN=31&CV=99,40,cc997f56506aff9640c4db8c7522acfeb716276f9c26df024f0cf3626643f288,123769ab90c0267f02f8987f87c8f8063784a5374ebdb06b5705f700555d9add,2026-08-17T12:51:26+00:00,ok
10 신앙·성경/성경/개역개정 구약성경/40 대선지서/02 예레미야/예레미야 032장.md,http://www.holybible.or.kr/B_GAE/cgi/bibleftxt.php?VR=GAE&VL=24&CN=32&CV=99,42,42383a1c4369934839a0520e8b6626ec95ee3a7175bd0ba88d6e75926aaa7411,cf766f552d0b3828fd51553b7ff468c2ebec2380bc38475b2a9a5221b4da82e1,2026-08-17T12:51:26+00:00,ok
10 신앙·성경/성경/개역개정 구약성경/40 대선지서/02 예레미야/예레미야 033장.md,http://www.holybible.or.kr/B_GAE/cgi/bibleftxt.php?VR=GAE&VL=24&CN=33&CV=99,25,199ff1bdcfb3b14dfca537f882c8166af8b9875d6507f6e131ec74fbd9846545,e1b23d7f7326ee9798626d61cf40018a308f143da1f5fcbd6a0b213baf4a0b43,2026-08-17T12:51:26+00:00,ok
10 신앙·성경/성경/개역개정 구약성경/40 대선지서/02 예레미야/예레미야 034장.md,http://www.holybible.or.kr/B_GAE/cgi/bibleftxt.php?VR=GAE&VL=24&CN=34&CV=99,22,143d09a7b26a9e474bc0aaf3a48e6d466658e55fe82302dadc9b06483cca1639,f9e632b2f404ce8f5dc3e1356b0fde60435872d1974d9bff72bcb2310996d614,2026-08-17T12:51:26+00:00,ok
10 신앙·성경/성경/개역개정 구약성경/40 대선지서/02 예레미야/예레미야 035장.md,http://www.holybible.or.kr/B_GAE/cgi/bibleftxt.php?VR=GAE&VL=24&CN=35&CV=99,19,458ceac5732edbcfc3c88fbd747dcc130380659fdded30b96c77d11e4095e63c,bddd66b77bb604709820f6547ab2959e34accc25268e0c5b8b0dfce526d13cf5,2026-08-17T12:51:26+00:00,ok
10 신앙·성경/성경/개역개정 구약성경/40 대선지서/02 예레미야/예레미야 036장.md,http://www.holybible.or.kr/B_GAE/cgi/bibleftxt.php?VR=GAE&VL=24&CN=36&CV=99,32,b85deadf3439e20a6e3c2aef4cd9b7f19f1901a05fd38a4fdd0211e5da6ca4c4,e0f70eefa685d1e89563c2c8354f5bd7b2d325a12152a2b92479f1f4bf941899,2026-08-17T12:51:26+00:00,ok
10 신앙·성경/성경/개역개정 구약성경/40 대선지서/02 예레미야/예레미야 037장.md,http://www.holybible.or.kr/B_GAE/cgi/bibleftxt.php?VR=GAE&VL=24&CN=37&CV=99,21,07b4a429ea95013ca1ae315c292a556a8c43b3e56f83e078e6141bfa208c391e,654f09efec8b5558789d4bf893707bf53bdc4a72720139eb84a759e7a23bfab9,2026-08-17T12:51:26+00:00,ok
10 신앙·성경/성경/개역개정 구약성경/40 대선지서/02 예레미야/예레미야 038장.md,http://www.holybible.or.kr/B_GAE/cgi/bibleftxt.php?VR=GAE&VL=24&CN=38&CV=99,28,7efc7c32ad6a85915dc761fa1dc8c685320c1197c95b26af1532c3f38a7d7741,b5c6743962853ad3288854f9758450d31a6b9ba605becf982e0d23dafdd28c61,2026-08-17T12:51:26+00:00,ok
10 신앙·성경/성경/개역개정 구약성경/40 대선지서/02 예레미야/예레미야 039장.md,http://www.holybible.or.kr/B_GAE/cgi/bibleftxt.php?VR=GAE&VL=24&CN=39&CV=99,18,dd9c66f8fd1399dd08708d00cd26a4242c944526a2e6f07be7891692822f796c,9980bb2ab625483b7485fafca618d6b0af5c585791e3a6a60ce001ffc80444de,2026-08-17T12:51:26+00:00,ok
10 신앙·성경/성경/개역개정 구약성경/40 대선지서/02 예레미야/예레미야 040장.md,http://www.holybible.or.kr/B_GAE/cgi/bibleftxt.php?VR=GAE&VL=24&CN=40&CV=99,16,e6201c965a0f2097dde0074a9594d1c84852daa3dcac9b413b324504deed6e6b,403e45b0d1cd62a4f688cdf5ef8ce8253e4905be95679ac889dac5886bb15255,2026-08-17T12:51:26+00:00,ok
10 신앙·성경/성경/개역개정 구약성경/40 대선지서/02 예레미야/예레미야 041장.md,http://www.holybible.or.kr/B_GAE/cgi/bibleftxt.php?VR=GAE&VL=24&CN=41&CV=99,18,bbe75f246a740776d6dc5688326ca683d5f8964fcf75428d87bc9cb07d9f977c,054f98889d2a64569433e713c0d80049c373d1ff1b47bb9dfb6807c7c851beb5,2026-08-17T12:51:26+00:00,ok
10 신앙·성경/성경/개역개정 구약성경/40 대선지서/02 예레미야/예레미야 042장.md,http://www.holybible.or.kr/B_GAE/cgi/bibleftxt.php?VR=GAE&VL=24&CN=42&CV=99,22,bc995621c196073d6d67480c7060ed58ed6d30255512e7107a02ad03ec0fb59c,b6827d3536cc32b683a092cc0e65a2f70b14ab52d3028ca492eb8e0b7abbcf8d,2026-08-17T12:51:26+00:00,ok
10 신앙·성경/성경/개역개정 구약성경/40 대선지서/02 예레미야/예레미야 043장.md,http://www.holybible.or.kr/B_GAE/cgi/bibleftxt.php?VR=GAE&VL=24&CN=43&CV=99,13,10e21eff036fb381af069b79f4824a38cec3b38aae5bfd4d3bb8d26190b307d3,3110637a46c88ed3986393872733869adf36b3c53d337475388f8dc634d4d6d4,2026-08-17T12:51:26+00:00,ok
10 신앙·성경/성경/개역개정 구약성경/40 대선지서/02 예레미야/예레미야 044장.md,http://www.holybible.or.kr/B_GAE/cgi/bibleftxt.php?VR=GAE&VL=24&CN=44&CV=99,30,8ebb1ea3a2cb094ef0d2cb212a6c42f3e58de366ee69a8c1dcd7dfa40542e09b,a07eadd0f94bc2baf4910ef0aded69aa883173fcf59846dace41e556399646cc,2026-08-17T12:51:26+00:00,ok
10 신앙·성경/성경/개역개정 구약성경/40 대선지서/02 예레미야/예레미야 045장.md,http://www.holybible.or.kr/B_GAE/cgi/bibleftxt.php?VR=GAE&VL=24&CN=45&CV=99,5,c9acd4ebf983a4d24b8d0071494a2bbfbee9e762d4c1ceeb40ecc7720a8f731e,0fefe5986fd63008ada9f910205ed8285156177ebcb2d783af5db6bd181fc6b3,2026-08-17T12:51:26+00:00,ok
10 신앙·성경/성경/개역개정 구약성경/40 대선지서/02 예레미야/예레미야 046장.md,http://www.holybible.or.kr/B_GAE/cgi/bibleftxt.php?VR=GAE&VL=24&CN=46&CV=99,28,13d2443b5bfccacfb16486d16d01c55a1e199a946daea4d5f2a3afe7efa29b17,0dfd3dc0274d7f61399d2e6e260e0d28ce1ca3eeca4b879b3d7a700164a272f0,2026-08-17T12:51:26+00:00,ok
10 신앙·성경/성경/개역개정 구약성경/40 대선지서/02 예레미야/예레미야 047장.md,http://www.holybible.or.kr/B_GAE/cgi/bibleftxt.php?VR=GAE&VL=24&CN=47&CV=99,7,780e03be9eba865b4ca720b39b34993ebbe9ac59cb82a601f559e03f5c12c867,c2744c97f37f6c3cb3be9fd813b0e29c71d09330db5bf862d3798abfdb17c9d6,2026-08-17T12:51:26+00:00,ok
10 신앙·성경/성경/개역개정 구약성경/40 대선지서/02 예레미야/예레미야 048장.md,http://www.holybible.or.kr/B_GAE/cgi/bibleftxt.php?VR=GAE&VL=24&CN=48&CV=99,47,b2c7a3db26e4b9a82274036f12aed54b45fa333997905698cfcf4bda67e94445,b6f6d2d0a393cfae8acc5bef3a99a52de2f4ae36e6af89f4a5dc57517a7f152a,2026-08-17T12:51:26+00:00,ok
10 신앙·성경/성경/개역개정 구약성경/40 대선지서/02 예레미야/예레미야 049장.md,http://www.holybible.or.kr/B_GAE/cgi/bibleftxt.php?VR=GAE&VL=24&CN=49&CV=99,39,1e3bdedfd626d674c972e7016b50bd592505f85b2b1f34bf00b17023d5e6c3f0,ab64aafb55f617a9b7bd8d8386f351d99627b8ebaca5aed0b45cf38e1d5ffd7b,2026-08-17T12:51:26+00:00,ok
10 신앙·성경/성경/개역개정 구약성경/40 대선지서/02 예레미야/예레미야 050장.md,http://www.holybible.or.kr/B_GAE/cgi/bibleftxt.php?VR=GAE&VL=24&CN=50&CV=99,46,24ec85a85118fd9fe2b0e42cf3c40008be5391848d28f155458f2d5a6d7ada41,1bf13e6eb034a29cbb02e43ad4757eca3173f1f747a37ca02e86f5568b1030a1,2026-08-17T12:51:26+00:00,ok
10 신앙·성경/성경/개역개정 구약성경/40 대선지서/02 예레미야/예레미야 051장.md,http://www.holybible.or.kr/B_GAE/cgi/bibleftxt.php?VR=GAE&VL=24&CN=51&CV=99,64,95a54875edc9e3aafbc1154f4c276ecd4bde5594291f48191fad7fc45aba6c18,19b1010698a07ec0e61a27819044e87f1fad505f394a0e3f388cc6c5d2799c30,2026-08-17T12:51:26+00:00,ok
10 신앙·성경/성경/개역개정 구약성경/40 대선지서/02 예레미야/예레미야 052장.md,http://www.holybible.or.kr/B_GAE/cgi/bibleftxt.php?VR=GAE&VL=24&CN=52&CV=99,34,13a579270b7e9b6012fefc2927af30bc67e5bf406fb5db8dc89290751cedb374,8a8d79ae2691e9c518a27c7aec0bb69d14d1857ec347226301c0ed7562244784,2026-08-17T12:51:26+00:00,ok
10 신앙·성경/성경/개역개정 구약성경/40 대선지서/03 예레미야애가/예레미야애가 001장.md,http://www.holybible.or.kr/B_GAE/cgi/bibleftxt.php?VR=GAE&VL=25&CN=1&CV=99,22,46585070aa0f8fd2cfcdebcfbc67d576084d64c1e0e48b5e11603b6ec6b6e433,860af5b7fc7c1e846945907de113848599c41368af93d3c0e12d04a25cc9ff24,2026-08-17T12:51:26+00:00,ok
10 신앙·성경/성경/개역개정 구약성경/40 대선지서/03 예레미야애가/예레미야애가 002장.md,http://www.holybible.or.kr/B_GAE/cgi/bibleftxt.php?VR=GAE&VL=25&CN=2&CV=99,22,4e96509bae4383bcab962922f9d1258a953eee5bbc6e56864ba64e7c77f8a3c1,d677247741f6bbfef330f61f864a0ccf83ecbb7cb93e8ff7e0e51f6a443dc572,2026-08-17T12:51:26+00:00,ok
10 신앙·성경/성경/개역개정 구약성경/40 대선지서/03 예레미야애가/예레미야애가 003장.md,http://www.holybible.or.kr/B_GAE/cgi/bibleftxt.php?VR=GAE&VL=25&CN=3&CV=99,66,14999d2e76f683a40967ed207166981ea6a51657d88e3b3a3857a652f0c33242,d50b8dd1897d039d5446d59b3f05fb65ce528371a6057030582d6e8754c4fa3a,2026-08-17T12:51:26+00:00,ok
10 신앙·성경/성경/개역개정 구약성경/40 대선지서/03 예레미야애가/예레미야애가 004장.md,http://www.holybible.or.kr/B_GAE/cgi/bibleftxt.php?VR=GAE&VL=25&CN=4&CV=99,22,fb1613e1b088a1d80b5313995cd60874c714505f3e849b919f51fe93de78da0e,63455e8ff1fa2b9d814cf192de9ca0862f0a13f322897211cb0a67210062368a,2026-08-17T12:51:26+00:00,ok
10 신앙·성경/성경/개역개정 구약성경/40 대선지서/03 예레미야애가/예레미야애가 005장.md,http://www.holybible.or.kr/B_GAE/cgi/bibleftxt.php?VR=GAE&VL=25&CN=5&CV=99,22,1561ab96b0cab83521056f5a336e610df96486e9590375473071d1a78c7799f1,374a5bc097497bf7874c0a73b63ba01e5887ee142517579236f6fbf403503de7,2026-08-17T12:51:26+00:00,ok
10 신앙·성경/성경/개역개정 구약성경/40 대선지서/04 에스겔/에스겔 001장.md,http://www.holybible.or.kr/B_GAE/cgi/bibleftxt.php?VR=GAE&VL=26&CN=1&CV=99,28,f2cd94f487096a30a885148b54a47d671e7ffb7a6d8cd68b4d28acf4c67e3705,90a2783e99cd5dd468865b7a827adea1fd9b594caf8b5caebc1acad70a89ae12,2026-08-17T12:51:26+00:00,ok
10 신앙·성경/성경/개역개정 구약성경/40 대선지서/04 에스겔/에스겔 002장.md,http://www.holybible.or.kr/B_GAE/cgi/bibleftxt.php?VR=GAE&VL=26&CN=2&CV=99,10,8efbe45c6739a694864669155068ab2959ec0d9928ed17caebdcd4b48b555714,c0ffb402113162b7c355cfd18bf9fa960e3e29728f3ab1974162101d8fdf7d9b,2026-08-17T12:51:26+00:00,ok
10 신앙·성경/성경/개역개정 구약성경/40 대선지서/04 에스겔/에스겔 003장.md,http://www.holybible.or.kr/B_GAE/cgi/bibleftxt.php?VR=GAE&VL=26&CN=3&CV=99,27,8cac271dd897bb1752239ae21764129f83976464ffaf90202854fb3288e41603,f97aa3fe1f397ce5929840e6c4904cd073587facf39d5a00d311010b7c35d6dc,2026-08-17T12:51:26+00:00,ok
10 신앙·성경/성경/개역개정 구약성경/40 대선지서/04 에스겔/에스겔 004장.md,http://www.holybible.or.kr/B_GAE/cgi/bibleftxt.php?VR=GAE&VL=26&CN=4&CV=99,17,e9f3357692df70b803128166d73ea5e32e761b7ab64e81c2544e9155dfeab032,c86ea6716831507310347c2e06fdc0749f23aba74963362d71a22ebf302dd4cf,2026-08-17T12:51:26+00:00,ok
10 신앙·성경/성경/개역개정 구약성경/40 대선지서/04 에스겔/에스겔 005장.md,http://www.holybible.or.kr/B_GAE/cgi/bibleftxt.php?VR=GAE&VL=26&CN=5&CV=99,17,14a9a337745ffa45e287f295428cebe95bee918b90213e442b20562f88da5688,878ec4bc962a9594bfb7535724ec1098080793dc8ce9114ba370e2b93d96aee4,2026-08-17T12:51:26+00:00,ok
10 신앙·성경/성경/개역개정 구약성경/40 대선지서/04 에스겔/에스겔 006장.md,http://www.holybible.or.kr/B_GAE/cgi/bibleftxt.php?VR=GAE&VL=26&CN=6&CV=99,14,c326909a9824db2161dfdc4488a4243a5002d34613466ba58e07ead43f5af5a4,5cefb42f45c3e55557cfe02d530d63f3f4f9911d10a2118e9328f4ffd8f8806c,2026-08-17T12:51:26+00:00,ok
10 신앙·성경/성경/개역개정 구약성경/40 대선지서/04 에스겔/에스겔 007장.md,http://www.holybible.or.kr/B_GAE/cgi/bibleftxt.php?VR=GAE&VL=26&CN=7&CV=99,27,ae0b85b50eee98f55bf3631fdc81951eac39cfa5182f7181a182798403a971ae,461a4f017102b3e9591deef9bda396a9e19eb241c9e1b256937f110efea9ddb7,2026-08-17T12:51:26+00:00,ok
10 신앙·성경/성경/개역개정 구약성경/40 대선지서/04 에스겔/에스겔 008장.md,http://www.holybible.or.kr/B_GAE/cgi/bibleftxt.php?VR=GAE&VL=26&CN=8&CV=99,18,19c43b7e377fe321c6317c06b16fa51717df51520890556d34d2d888d8e0766d,19020dddd6e2d4ec2e068408bf49dce242d311b56fe473b14b47623cb584d1fc,2026-08-17T12:51:26+00:00,ok
10 신앙·성경/성경/개역개정 구약성경/40 대선지서/04 에스겔/에스겔 009장.md,http://www.holybible.or.kr/B_GAE/cgi/bibleftxt.php?VR=GAE&VL=26&CN=9&CV=99,11,3cc836e23ba2ff1c76a1e9743c39383c21c87a03840eb8bd5eaa1d79bf0dd6d4,dfaeb57643a1bc005603406da46080893485ce449700380f368f3883805c31ea,2026-08-17T12:51:26+00:00,ok
10 신앙·성경/성경/개역개정 구약성경/40 대선지서/04 에스겔/에스겔 010장.md,http://www.holybible.or.kr/B_GAE/cgi/bibleftxt.php?VR=GAE&VL=26&CN=10&CV=99,22,ddaaf673f23c3e437694158a4fb7bff85d10de0a169cf1cae226a5d7d17b2dbd,fa12c996c09371d493d9000dc968942d3632be64db745e72b399a7eb75e57495,2026-08-17T12:51:26+00:00,ok
10 신앙·성경/성경/개역개정 구약성경/40 대선지서/04 에스겔/에스겔 011장.md,http://www.holybible.or.kr/B_GAE/cgi/bibleftxt.php?VR=GAE&VL=26&CN=11&CV=99,25,3e2fd31b2f853b02463936f862e2a1c772a070d59da1322e83264a29fee60a82,36f9463c5c1401cbb39dad1353ca223d4f7f672b9ce655e1454bc2d1f7aed786,2026-08-17T12:51:26+00:00,ok
10 신앙·성경/성경/개역개정 구약성경/40 대선지서/04 에스겔/에스겔 012장.md,http://www.holybible.or.kr/B_GAE/cgi/bibleftxt.php?VR=GAE&VL=26&CN=12&CV=99,28,4d2a0956ee7699fa1d8e4339555dff75fcdc178ed089c526b28beae8f3cfde72,bfdacd36162b6fbf6322a5f866b0d52031fd6814691b35a91629bca6ae7a4d1c,2026-08-17T12:51:26+00:00,ok
10 신앙·성경/성경/개역개정 구약성경/40 대선지서/04 에스겔/에스겔 013장.md,http://www.holybible.or.kr/B_GAE/cgi/bibleftxt.php?VR=GAE&VL=26&CN=13&CV=99,23,3e83bff14a61dd3e9f4048e3a25c9279d5e826aca1436b9b4e1770a044f1955d,331d01549424605ed7d28014357f10fdc1009d34b51b72aef0c0783a525c17e2,2026-08-17T12:51:26+00:00,ok
10 신앙·성경/성경/개역개정 구약성경/40 대선지서/04 에스겔/에스겔 014장.md,http://www.holybible.or.kr/B_GAE/cgi/bibleftxt.php?VR=GAE&VL=26&CN=14&CV=99,23,4f3a672a4d32b2945b2e0d47f69efd32612bf023ac1d8c6ba380658842ce557f,2d9d6b9027cbce19c57ab49a65a733de3b0a40e401cda23c187362a9787b051d,2026-08-17T12:51:26+00:00,ok
10 신앙·성경/성경/개역개정 구약성경/40 대선지서/04 에스겔/에스겔 015장.md,http://www.holybible.or.kr/B_GAE/cgi/bibleftxt.php?VR=GAE&VL=26&CN=15&CV=99,8,ce7e5de95ea909629510f890586c991d14bdcbf93399fcb1314ac636aa333f7d,43074b65196e827b092b8a8f82cd6ad139d560b1aa96a35a218942a4b678fadd,2026-08-17T12:51:26+00:00,ok
10 신앙·성경/성경/개역개정 구약성경/40 대선지서/04 에스겔/에스겔 016장.md,http://www.holybible.or.kr/B_GAE/cgi/bibleftxt.php?VR=GAE&VL=26&CN=16&CV=99,63,7f68a2ca0b4b3813b7b23b92f24e33fead543d1acc8d10d08e1407c8b1e0d47d,55a279443d5e0e3b3a088d3c5b335f4bd9a97b15cb525285582f8c2c8498b8da,2026-08-17T12:51:26+00:00,ok
10 신앙·성경/성경/개역개정 구약성경/40 대선지서/04 에스겔/에스겔 017장.md,http://www.holybible.or.kr/B_GAE/cgi/bibleftxt.php?VR=GAE&VL=26&CN=17&CV=99,24,7322851382c48754959ff51f72087bea6ecbc4e7e52b9f8a7a49df75fd1b85b7,28238f52b25ff7b12e03f9d2a811ab8925645e7e8caefdd59caf71a2b4becd03,2026-08-17T12:51:26+00:00,ok
10 신앙·성경/성경/개역개정 구약성경/40 대선지서/04 에스겔/에스겔 018장.md,http://www.holybible.or.kr/B_GAE/cgi/bibleftxt.php?VR=GAE&VL=26&CN=18&CV=99,32,acd05d936dc2c7d67c47792a9174e8df9526c74d17765c0b97c9a99884201361,44c87e071df157bfae6f42408a9f5ff1765e446889a44f608198dde64a38b8a5,2026-08-17T12:51:26+00:00,ok
10 신앙·성경/성경/개역개정 구약성경/40 대선지서/04 에스겔/에스겔 019장.md,http://www.holybible.or.kr/B_GAE/cgi/bibleftxt.php?VR=GAE&VL=26&CN=19&CV=99,14,40d1280ecc7a914727f5f1f5bf707bbd880bc3504f5ba520d272049e6f995154,a408376d20c1adf8206a0c2fefa1202c3f4e20a74e00af96013ce504acf7316c,2026-08-17T12:51:26+00:00,ok
10 신앙·성경/성경/개역개정 구약성경/40 대선지서/04 에스겔/에스겔 020장.md,http://www.holybible.or.kr/B_GAE/cgi/bibleftxt.php?VR=GAE&VL=26&CN=20&CV=99,49,275c1871155b26e947d1edcf534a9ff9f6d2b2e8c5a25158c7c4069f5180919f,3e5f02911f7a1398feb64aa6378755b5afc87c86c21e80c0352238dbb8653caa,2026-08-17T12:51:26+00:00,ok
10 신앙·성경/성경/개역개정 구약성경/40 대선지서/04 에스겔/에스겔 021장.md,http://www.holybible.or.kr/B_GAE/cgi/bibleftxt.php?VR=GAE&VL=26&CN=21&CV=99,32,e4485b149252d116d394fc39c4f9127b2c9ec92aaa082b9366b0af2ac54ecbf5,f9ec6072948fa7c83caa1e818cf16b096a4364b463538608ca51d5acdac8cca3,2026-08-17T12:51:26+00:00,ok
10 신앙·성경/성경/개역개정 구약성경/40 대선지서/04 에스겔/에스겔 022장.md,http://www.holybible.or.kr/B_GAE/cgi/bibleftxt.php?VR=GAE&VL=26&CN=22&CV=99,31,a2d96302bf28a269d79fb46c10c434d761856a7064f448176eed83aa5df9c389,170c7e4a8db3177435f137830b7f73430fd58af554721614b94d9d668bbb3402,2026-08-17T12:51:26+00:00,ok
10 신앙·성경/성경/개역개정 구약성경/40 대선지서/04 에스겔/에스겔 023장.md,http://www.holybible.or.kr/B_GAE/cgi/bibleftxt.php?VR=GAE&VL=26&CN=23&CV=99,49,3b794417146fbdc5ca457f5a2fa0f9bdf48fd3fde99d66a58ba17dac418de741,afb9e367e4c5a432f9c82755958a08373b520f7aced6cdc49886fec1c324f12b,2026-08-17T12:51:26+00:00,ok
10 신앙·성경/성경/개역개정 구약성경/40 대선지서/04 에스겔/에스겔 024장.md,http://www.holybible.or.kr/B_GAE/cgi/bibleftxt.php?VR=GAE&VL=26&CN=24&CV=99,26,4ede8a5cbaa7935cf88954c04838d788cd2277eb8e3cae3a1e816d5bd6c5750d,d6f6208492ae24bb80a6820a801dbccdf7ed9535a3bc7508468ff5356f530679,2026-08-17T12:51:26+00:00,ok
10 신앙·성경/성경/개역개정 구약성경/40 대선지서/04 에스겔/에스겔 025장.md,http://www.holybible.or.kr/B_GAE/cgi/bibleftxt.php?VR=GAE&VL=26&CN=25&CV=99,17,c00de17d23e6c6b35e7828bd5813c9d426ac5552382f5ac4cd0337ecb31a0bcd,c69054bd671dd14d7d28a8aa186c9775b250b5a0e1addfbcc3c23001b05f180c,2026-08-17T12:51:26+00:00,ok
10 신앙·성경/성경/개역개정 구약성경/40 대선지서/04 에스겔/에스겔 026장.md,http://www.holybible.or.kr/B_GAE/cgi/bibleftxt.php?VR=GAE&VL=26&CN=26&CV=99,21,8814e9ad091940043129437acc69790b7e4a8dd2cc5dfc504b2b334616afcee3,73892b82ef0ae6476b15b251c366fa3596087097886268ba31981efca44d44a9,2026-08-17T12:51:26+00:00,ok
10 신앙·성경/성경/개역개정 구약성경/40 대선지서/04 에스겔/에스겔 027장.md,http://www.holybible.or.kr/B_GAE/cgi/bibleftxt.php?VR=GAE&VL=26&CN=27&CV=99,36,c56ebce56d5a1ca392ac4c1dd6995054b107d5399ad98671bb3bab1532ca743a,d34307f9ae026720c52a0f65a827f579dfdff0b6369f0ed22a5e66e906f3df7b,2026-08-17T12:51:26+00:00,ok
10 신앙·성경/성경/개역개정 구약성경/40 대선지서/04 에스겔/에스겔 028장.md,http://www.holybible.or.kr/B_GAE/cgi/bibleftxt.php?VR=GAE&VL=26&CN=28&CV=99,26,f3c0e22372c0e6a6eab77330c5d5bb2761191850493797167698b0db70cd689e,a9850a5875b26f6f6e5820bd53b1306a593b462036065d10419af0fef1633ba5,2026-08-17T12:51:26+00:00,ok
10 신앙·성경/성경/개역개정 구약성경/40 대선지서/04 에스겔/에스겔 029장.md,http://www.holybible.or.kr/B_GAE/cgi/bibleftxt.php?VR=GAE&VL=26&CN=29&CV=99,21,5e186a4073f14f24895f5f31cf9d7a9c8ed6cb6e706c3e15f28930c29f962c1a,527bc49563faf76ad93a5cfa639de54fd189804235c80b567e286294bd681003,2026-08-17T12:51:26+00:00,ok
10 신앙·성경/성경/개역개정 구약성경/40 대선지서/04 에스겔/에스겔 030장.md,http://www.holybible.or.kr/B_GAE/cgi/bibleftxt.php?VR=GAE&VL=26&CN=30&CV=99,26,2a1628732a168780958d7f86431e998034c9c75446d1c8a7303e19ff7b6fa1c8,57d568ed7509c8953c948a8d5ea3d09baf84b6e9bef95b1b2331877a8d70c09b,2026-08-17T12:51:26+00:00,ok
10 신앙·성경/성경/개역개정 구약성경/40 대선지서/04 에스겔/에스겔 031장.md,http://www.holybible.or.kr/B_GAE/cgi/bibleftxt.php?VR=GAE&VL=26&CN=31&CV=99,18,f4d02457bf11afe527861b22a220c779c86e842a0d315840c15cfa0f90695adb,1e1332076643ec420036372e3eb29e52a8aecbf2482c2e99149c9d09534497ce,2026-08-17T12:51:26+00:00,ok
10 신앙·성경/성경/개역개정 구약성경/40 대선지서/04 에스겔/에스겔 032장.md,http://www.holybible.or.kr/B_GAE/cgi/bibleftxt.php?VR=GAE&VL=26&CN=32&CV=99,32,f6743c5fcc2f86e237c3d2e61f15d04ce3562337fa1e0fe25d4a075ab8046e7e,3f90f91311bcc337130cbbc6d7205c1478ef5815f1ffdfb964ba59ba492be3ee,2026-08-17T12:51:26+00:00,ok
10 신앙·성경/성경/개역개정 구약성경/40 대선지서/04 에스겔/에스겔 033장.md,http://www.holybible.or.kr/B_GAE/cgi/bibleftxt.php?VR=GAE&VL=26&CN=33&CV=99,33,c6a151b30fc0c75e6e58f56ac3ea812e557e36fbc8604800bd1f49fbffe734dc,611dd3e59c9292375f6110a6dddc5780c294e88ef0b8a375dab0f7f841da802e,2026-08-17T12:51:26+00:00,ok
10 신앙·성경/성경/개역개정 구약성경/40 대선지서/04 에스겔/에스겔 034장.md,http://www.holybible.or.kr/B_GAE/cgi/bibleftxt.php?VR=GAE&VL=26&CN=34&CV=99,31,82ea2649c5fd0114a47bd11f1e795fd5a51de4771b0466001e467065671e58fd,83fddf54e3341c9819590ebe6e265815337ed8a43333d5fa86e18a20e341e4eb,2026-08-17T12:51:26+00:00,ok
10 신앙·성경/성경/개역개정 구약성경/40 대선지서/04 에스겔/에스겔 035장.md,http://www.holybible.or.kr/B_GAE/cgi/bibleftxt.php?VR=GAE&VL=26&CN=35&CV=99,15,bd6fe8cfe950b89a7dc3a08da4ca6c3cc8beff1884f887fc6b53d2a3996ac5e5,17b54b6651c17b8cee430a0bb39626cfe660f3ecb1ad31f8ff76675006e5f4a3,2026-08-17T12:51:26+00:00,ok
10 신앙·성경/성경/개역개정 구약성경/40 대선지서/04 에스겔/에스겔 036장.md,http://www.holybible.or.kr/B_GAE/cgi/bibleftxt.php?VR=GAE&VL=26&CN=36&CV=99,38,28b7e15b44e54a4bed0126b38ce4035c5fe937bf7046d5930c9682e641cb1711,dc679e128f3da62c84bea6ba46a345fb03c9cd1042b5fccd1a2f6577c2534647,2026-08-17T12:51:26+00:00,ok
10 신앙·성경/성경/개역개정 구약성경/40 대선지서/04 에스겔/에스겔 037장.md,http://www.holybible.or.kr/B_GAE/cgi/bibleftxt.php?VR=GAE&VL=26&CN=37&CV=99,28,e4943f61a5bccaba27da601a5f1a19fecc2d9ed0c5d4bc709c1ddae568411c0b,39405843f1037e1267990d97498123bb62c2855748c595869bb92c3957633094,2026-08-17T12:51:26+00:00,ok
10 신앙·성경/성경/개역개정 구약성경/40 대선지서/04 에스겔/에스겔 038장.md,http://www.holybible.or.kr/B_GAE/cgi/bibleftxt.php?VR=GAE&VL=26&CN=38&CV=99,23,35e7d4b747b8d2246b1d1482d93e375b86066e77677ec458073cda3d8f42ff43,86eef1d63ab90364809a6ad7075d0b0fbcefd743f4c3e1e5346ce098746ad4e8,2026-08-17T12:51:26+00:00,ok
10 신앙·성경/성경/개역개정 구약성경/40 대선지서/04 에스겔/에스겔 039장.md,http://www.holybible.or.kr/B_GAE/cgi/bibleftxt.php?VR=GAE&VL=26&CN=39&CV=99,29,3418046ef1111adb3c7f2ffb9291dd3e341473409d53060d7e2b741d509f08ba,c25ae28c5c8c22438ed368febb23ee97682d08f00e77893b7a97f65c13fbd89c,2026-08-17T12:51:26+00:00,ok
10 신앙·성경/성경/개역개정 구약성경/40 대선지서/04 에스겔/에스겔 040장.md,http://www.holybible.or.kr/B_GAE/cgi/bibleftxt.php?VR=GAE&VL=26&CN=40&CV=99,49,2a04e6fd9edb07d9469dd0d821747abaa54e14e0b5eb014e9b1af2ec10c74a6f,73daec81f8c36ac55635a8d5fc26caeff0783a87c2747f9ccbb18ed8aa4fa593,2026-08-17T12:51:26+00:00,ok
10 신앙·성경/성경/개역개정 구약성경/40 대선지서/04 에스겔/에스겔 041장.md,http://www.holybible.or.kr/B_GAE/cgi/bibleftxt.php?VR=GAE&VL=26&CN=41&CV=99,26,3fcb3b960e9719141b869e76f867c9896ba202e9097c628619cd0ada1381af3f,6db107a533537c741381cfe734d1f9f69b7574c5c0163cff93a79fc5cdb592e9,2026-08-17T12:51:26+00:00,ok
10 신앙·성경/성경/개역개정 구약성경/40 대선지서/04 에스겔/에스겔 042장.md,http://www.holybible.or.kr/B_GAE/cgi/bibleftxt.php?VR=GAE&VL=26&CN=42&CV=99,20,fe42cc1620f043960851bb76ff938e57aed47ed18e4ddb34bdc0e55e9420979d,0e10137316e93c4a993928fe00bd5fa66fba4ef4beaaf495b7f97fa6e0ef2316,2026-08-17T12:51:26+00:00,ok
10 신앙·성경/성경/개역개정 구약성경/40 대선지서/04 에스겔/에스겔 043장.md,http://www.holybible.or.kr/B_GAE/cgi/bibleftxt.php?VR=GAE&VL=26&CN=43&CV=99,27,f1593492faf5fb125f568bfae697793171d00ba825465feb82c7fc9d46ddab81,12cb9aeef02ebc116e57de3638991ec3e629f56026b7dd21370aef3ab22bf29e,2026-08-17T12:51:26+00:00,ok
10 신앙·성경/성경/개역개정 구약성경/40 대선지서/04 에스겔/에스겔 044장.md,http://www.holybible.or.kr/B_GAE/cgi/bibleftxt.php?VR=GAE&VL=26&CN=44&CV=99,31,953dd032308606fc69f538301e7383d1beca63428cc5585e0a4b9368460235e1,e52f99c78fbfa7a039c6232c2f9634baa2ca505832627beec90224312061c1d4,2026-08-17T12:51:26+00:00,ok
10 신앙·성경/성경/개역개정 구약성경/40 대선지서/04 에스겔/에스겔 045장.md,http://www.holybible.or.kr/B_GAE/cgi/bibleftxt.php?VR=GAE&VL=26&CN=45&CV=99,25,bebc1947f876a0cb4c13e2084e1a383f080d72f2cc6b3bbb7a22be1d254e0d45,9298cdd7d4e152e4cc59688fe5ed51345452fae91e097f7a54edcc46344c8945,2026-08-17T12:51:26+00:00,ok
10 신앙·성경/성경/개역개정 구약성경/40 대선지서/04 에스겔/에스겔 046장.md,http://www.holybible.or.kr/B_GAE/cgi/bibleftxt.php?VR=GAE&VL=26&CN=46&CV=99,24,fcb89861b283232d6b37938446f2d084912b4fd28e79afdea15a8c85b3e5c017,3d18582863c206fdf44f536f6dee32478505c7a96984e2fc3a91520ae400d55b,2026-08-17T12:51:26+00:00,ok
10 신앙·성경/성경/개역개정 구약성경/40 대선지서/04 에스겔/에스겔 047장.md,http://www.holybible.or.kr/B_GAE/cgi/bibleftxt.php?VR=GAE&VL=26&CN=47&CV=99,23,195d592346a37b73fe80323141d0866fd2a06fa6e2a647dedc88d84fb8344afb,a0d7c4423f70636277eddcf98ebfd51eb6280b65679b7c8aa6237dd0d375180d,2026-08-17T12:51:26+00:00,ok
10 신앙·성경/성경/개역개정 구약성경/40 대선지서/04 에스겔/에스겔 048장.md,http://www.holybible.or.kr/B_GAE/cgi/bibleftxt.php?VR=GAE&VL=26&CN=48&CV=99,35,ae90fd244b5e0710c8ca6f7a56158625cd7a93c1dd1e38e72805cb6950754ffd,32bce1c8b7dd4a2f365b9b73098130c9609857ef2d3f13b895f59aab532ea1f6,2026-08-17T12:51:26+00:00,ok
10 신앙·성경/성경/개역개정 구약성경/40 대선지서/05 다니엘/다니엘 001장.md,http://www.holybible.or.kr/B_GAE/cgi/bibleftxt.php?VR=GAE&VL=27&CN=1&CV=99,21,be1e1e390c9441dfdab30e085721e17816cfb5982637bbe861dba90e9fcbb77d,8b54833b1a224f43e4c080d814fa3a79aedc52304c6a1b1c2cf5cdfcdbcdfe35,2026-08-17T12:51:26+00:00,ok
10 신앙·성경/성경/개역개정 구약성경/40 대선지서/05 다니엘/다니엘 002장.md,http://www.holybible.or.kr/B_GAE/cgi/bibleftxt.php?VR=GAE&VL=27&CN=2&CV=99,49,eaa1fe2a8fbb60175278a990bb4d0a41b2599a74c6833d5fbb5598e441d06388,4acf2fa1aba2138e034fea3e9ec76a71a1d137950dbd2127aa931a6bf2a664cb,2026-08-17T12:51:26+00:00,ok
10 신앙·성경/성경/개역개정 구약성경/40 대선지서/05 다니엘/다니엘 003장.md,http://www.holybible.or.kr/B_GAE/cgi/bibleftxt.php?VR=GAE&VL=27&CN=3&CV=99,30,5ee3ca452cb960f85cca7de2f4463f0d9d7f15a807dc0257100d876179b773d6,50f8f289e4a902ad734f90816cc2261f80f61cf72d100e259b8a97baabc1db2f,2026-08-17T12:51:26+00:00,ok
10 신앙·성경/성경/개역개정 구약성경/40 대선지서/05 다니엘/다니엘 004장.md,http://www.holybible.or.kr/B_GAE/cgi/bibleftxt.php?VR=GAE&VL=27&CN=4&CV=99,37,8a09b24bed4d0b8354f5fcc6f2f4c745d8ae3b0b77498a5380ef60b8c21efbe8,03b37fd65a28029d9916c6453e2206a4eb8ccf69453cf4a6b32ce48d2b52cd8b,2026-08-17T12:51:26+00:00,ok
10 신앙·성경/성경/개역개정 구약성경/40 대선지서/05 다니엘/다니엘 005장.md,http://www.holybible.or.kr/B_GAE/cgi/bibleftxt.php?VR=GAE&VL=27&CN=5&CV=99,31,86486f882c42c89d7834b6f69b635da50b3b8fb2b8eb60603f75a27ef9aa8b22,5af319eaa28eeaff521c24c61368421d9e4b204a86d9eff1f92bf9104b0a7698,2026-08-17T12:51:26+00:00,ok
10 신앙·성경/성경/개역개정 구약성경/40 대선지서/05 다니엘/다니엘 006장.md,http://www.holybible.or.kr/B_GAE/cgi/bibleftxt.php?VR=GAE&VL=27&CN=6&CV=99,28,e9a811793375c044098f60cd664c416e2ce2ae9c1226d757b753293951a56b93,39e0f3ba7caaa713d54e8e958ba2552fffae09fa89cc6f18dd03402f560dd7f6,2026-08-17T12:51:26+00:00,ok
10 신앙·성경/성경/개역개정 구약성경/40 대선지서/05 다니엘/다니엘 007장.md,http://www.holybible.or.kr/B_GAE/cgi/bibleftxt.php?VR=GAE&VL=27&CN=7&CV=99,28,15c2a9e6bd93697b01ae0c7c39165f3131a0e5a63bd3fc93a1a4a481b11eb6d5,3e78979f9cf624a099092051011b03a349384b2301b6dfbfd5c771051af4f639,2026-08-17T12:51:26+00:00,ok
10 신앙·성경/성경/개역개정 구약성경/40 대선지서/05 다니엘/다니엘 008장.md,http://www.holybible.or.kr/B_GAE/cgi/bibleftxt.php?VR=GAE&VL=27&CN=8&CV=99,27,37e21066c41a6ffca06fd8e48648179d577e801daefc9c640580fd8e9810e1e7,fb0a32f739734594bdc7f032acc6ae1e02d79ecb404eca008b8185a1de5119a2,2026-08-17T12:51:26+00:00,ok
10 신앙·성경/성경/개역개정 구약성경/40 대선지서/05 다니엘/다니엘 009장.md,http://www.holybible.or.kr/B_GAE/cgi/bibleftxt.php?VR=GAE&VL=27&CN=9&CV=99,27,002170fbb53e93587ba5fe79b6ed57f311b83a560d83c64e22fc41395f6ead52,8f83a8d165d89251e079db2290bf67a9a0753091c34002340f2a1e14e0f440e9,2026-08-17T12:51:26+00:00,ok
10 신앙·성경/성경/개역개정 구약성경/40 대선지서/05 다니엘/다니엘 010장.md,http://www.holybible.or.kr/B_GAE/cgi/bibleftxt.php?VR=GAE&VL=27&CN=10&CV=99,21,39736add70785440a127e18b55692fabfaa2d8798919c4fcef86195848419cf7,13126d95e2d2ff6eaf1a385c8a77a496f9485c759b6cc23861a0a806f3ba38e0,2026-08-17T12:51:26+00:00,ok
10 신앙·성경/성경/개역개정 구약성경/40 대선지서/05 다니엘/다니엘 011장.md,http://www.holybible.or.kr/B_GAE/cgi/bibleftxt.php?VR=GAE&VL=27&CN=11&CV=99,45,5c8980be08353934212ec8dc43300fefc2cf911fe4133061d69d83ab7607d7dd,135a10d14c4df66b307b077be2713f1c98c7a83943054e05a9d2d8edfb7a5917,2026-08-17T12:51:26+00:00,ok
10 신앙·성경/성경/개역개정 구약성경/40 대선지서/05 다니엘/다니엘 012장.md,http://www.holybible.or.kr/B_GAE/cgi/bibleftxt.php?VR=GAE&VL=27&CN=12&CV=99,13,0387edfba5d335931ea054e0baa4a0d366475409d180c4594e8706d3ae00807c,a6d82494d4f59944c868775b11a36266501c5eb3dee0ea94ca8ed40126b68c8e,2026-08-17T12:51:26+00:00,ok
10 신앙·성경/성경/개역개정 구약성경/50 소선지서/01 호세아/호세아 001장.md,http://www.holybible.or.kr/B_GAE/cgi/bibleftxt.php?VR=GAE&VL=28&CN=1&CV=99,11,abc26028c754f47d7bb1b72df42f5bcec5c1b7eebcaee1db6c8b8eb1b29f6c74,6a5683a549b2447115097ec45b56f5646e49e7ec6ed4dcc21e26b6568f410b2d,2026-08-17T12:51:26+00:00,ok
10 신앙·성경/성경/개역개정 구약성경/50 소선지서/01 호세아/호세아 002장.md,http://www.holybible.or.kr/B_GAE/cgi/bibleftxt.php?VR=GAE&VL=28&CN=2&CV=99,23,f3eac4d690954ad044a6506a81ae1d81f674b8b5a83f57ac49571916fee0b092,86c8bd3883b7cbb06f505e47a66b9c2bb2a6603c621ae7ffb4d4139924e910f2,2026-08-17T12:51:26+00:00,ok
10 신앙·성경/성경/개역개정 구약성경/50 소선지서/01 호세아/호세아 003장.md,http://www.holybible.or.kr/B_GAE/cgi/bibleftxt.php?VR=GAE&VL=28&CN=3&CV=99,5,3645cb490c4de362ff2a486d5f6e4afa16bc1a602ddb1adbafefa9d5823c7976,16de2d14c185133600566c0c3da885aa0a14fb5affab90315570be410ac3d6a1,2026-08-17T12:51:26+00:00,ok
10 신앙·성경/성경/개역개정 구약성경/50 소선지서/01 호세아/호세아 004장.md,http://www.holybible.or.kr/B_GAE/cgi/bibleftxt.php?VR=GAE&VL=28&CN=4&CV=99,19,be0a59b4630779b0ac66046f67ec07c53bcc6c7048fdc6c706f5b16436f2fda0,2bb023dd2c37825edcc1ebc5f74b9e35c880f5a895ef546394b808b2b9c02ce2,2026-08-17T12:51:26+00:00,ok
10 신앙·성경/성경/개역개정 구약성경/50 소선지서/01 호세아/호세아 005장.md,http://www.holybible.or.kr/B_GAE/cgi/bibleftxt.php?VR=GAE&VL=28&CN=5&CV=99,15,2018de3ac5e47f5ca450c9c69ed0d69bf8adc687cd8e30e688f8eee0caf00010,05abb4789520340cd52fa24b84d0c5c3742b44aa068b213fc9ff81cff1f5a856,2026-08-17T12:51:26+00:00,ok
10 신앙·성경/성경/개역개정 구약성경/50 소선지서/01 호세아/호세아 006장.md,http://www.holybible.or.kr/B_GAE/cgi/bibleftxt.php?VR=GAE&VL=28&CN=6&CV=99,11,d64dafec6e34b0968de6b1909618f61a683d757ddfde6d320e60999a40375092,24ba01cdc83b35adce13cfe5dc0155aa5232ada84d6cc0e31b8ce674e3c30084,2026-08-17T12:51:26+00:00,ok
10 신앙·성경/성경/개역개정 구약성경/50 소선지서/01 호세아/호세아 007장.md,http://www.holybible.or.kr/B_GAE/cgi/bibleftxt.php?VR=GAE&VL=28&CN=7&CV=99,16,e8cfb5881328204ffd964fa2f735f053a5575ce1d34ffb95ef981b8cc14db312,f8582979e23f099bea04005369c338b01271cbb84be80854f157790b882aa7c1,2026-08-17T12:51:26+00:00,ok
10 신앙·성경/성경/개역개정 구약성경/50 소선지서/01 호세아/호세아 008장.md,http://www.holybible.or.kr/B_GAE/cgi/bibleftxt.php?VR=GAE&VL=28&CN=8&CV=99,14,4113edb573b60860d450f9a69c5127816a2997b837d116ce0cc918821ad3c497,21f5e61f3d1596242df7e6cf7297bf7c62b2e316a2a6bbfbc2f5dadb4b3cbddd,2026-08-17T12:51:26+00:00,ok
10 신앙·성경/성경/개역개정 구약성경/50 소선지서/01 호세아/호세아 009장.md,http://www.holybible.or.kr/B_GAE/cgi/bibleftxt.php?VR=GAE&VL=28&CN=9&CV=99,17,a2512aaa005a0d1eda142c72e4afee8fa10a42f3c2cc0e291b9d12bd29723290,9d56a58f5ea09db2b53a917f72a336cb7b0e9b094b2c471bb298247273e1f8bc,2026-08-17T12:51:26+00:00,ok
10 신앙·성경/성경/개역개정 구약성경/50 소선지서/01 호세아/호세아 010장.md,http://www.holybible.or.kr/B_GAE/cgi/bibleftxt.php?VR=GAE&VL=28&CN=10&CV=99,15,2526868b37037ea1547df1d478c39107fc0ceddb71b50f13ca714981012c9dfd,ea21f37aab693baa5b664520e15586188b0478a55b35b77cbbec2a5e6e3c6ab1,2026-08-17T12:51:26+00:00,ok
10 신앙·성경/성경/개역개정 구약성경/50 소선지서/01 호세아/호세아 011장.md,http://www.holybible.or.kr/B_GAE/cgi/bibleftxt.php?VR=GAE&VL=28&CN=11&CV=99,12,5955702b940e15e31c1d1e8fe20c9612b1d1c038b34b6b34edac0d79ab2f7833,19c3753ebde9d851dcc32d81205a02b787dfcd294438eae08bded4936f0ba245,2026-08-17T12:51:26+00:00,ok
10 신앙·성경/성경/개역개정 구약성경/50 소선지서/01 호세아/호세아 012장.md,http://www.holybible.or.kr/B_GAE/cgi/bibleftxt.php?VR=GAE&VL=28&CN=12&CV=99,14,d0c216fa5730c458c56d5b1de0f0e3b6557044f307bbc37b72248085c31ac609,37213b5a1e5aee59b64a0c41bd07341fa2ad1237a38bf28167785498e8326b0f,2026-08-17T12:51:26+00:00,ok
10 신앙·성경/성경/개역개정 구약성경/50 소선지서/01 호세아/호세아 013장.md,http://www.holybible.or.kr/B_GAE/cgi/bibleftxt.php?VR=GAE&VL=28&CN=13&CV=99,16,7d7e799dd3fdce7139e972004da0a332b0f9b990e4305c9f93410810457bc79c,43a354b7fee5f421d8b5032c3ffa396491eecdb2dc4248a25fb748a224457b33,2026-08-17T12:51:26+00:00,ok
10 신앙·성경/성경/개역개정 구약성경/50 소선지서/01 호세아/호세아 014장.md,http://www.holybible.or.kr/B_GAE/cgi/bibleftxt.php?VR=GAE&VL=28&CN=14&CV=99,9,5eac728d1aa59da0d252d437f06c9877ae184ca5605c4a76868aca71834f3e1b,28575ac11b9035da63352dbb3f87369897d0055148e813ea4d3a6399682ca6fa,2026-08-17T12:51:26+00:00,ok
10 신앙·성경/성경/개역개정 구약성경/50 소선지서/02 요엘/요엘 001장.md,http://www.holybible.or.kr/B_GAE/cgi/bibleftxt.php?VR=GAE&VL=29&CN=1&CV=99,20,a7978ecf359df1af7ee6d57058d9d043b8310808155ed1ff16a93c1af9b087a9,a0283afea91ca3d99fe3387ba31ad9a8db1daf5971be3cfc171652378397ecd5,2026-08-17T12:51:26+00:00,ok
10 신앙·성경/성경/개역개정 구약성경/50 소선지서/02 요엘/요엘 002장.md,http://www.holybible.or.kr/B_GAE/cgi/bibleftxt.php?VR=GAE&VL=29&CN=2&CV=99,32,651b9ee70f8895bcda69a88a3599f7fec6e7cc845c6673074ddc4ade9f0909f2,c52e368979a885e9949aec6073e65f292bb811ac461a6c7214a20db0d563b583,2026-08-17T12:51:26+00:00,ok
10 신앙·성경/성경/개역개정 구약성경/50 소선지서/02 요엘/요엘 003장.md,http://www.holybible.or.kr/B_GAE/cgi/bibleftxt.php?VR=GAE&VL=29&CN=3&CV=99,21,3b87770de9353c044dd7556acb96e9ff04fb9e23c9a84877b2a407b9bf769596,d54925e354b42e5763aeb7c496242426726e4ff0da162634ae069faab4c61d18,2026-08-17T12:51:26+00:00,ok
10 신앙·성경/성경/개역개정 구약성경/50 소선지서/03 아모스/아모스 001장.md,http://www.holybible.or.kr/B_GAE/cgi/bibleftxt.php?VR=GAE&VL=30&CN=1&CV=99,15,eb83fbabccf1d0f1de8e84ab632537ee810a7fa9d15364bb00ee8b042511e466,7af49b628b408ca322b15c0c35b35f7154abe76471b7932d4b0a569f0e181edf,2026-08-17T12:51:26+00:00,ok
10 신앙·성경/성경/개역개정 구약성경/50 소선지서/03 아모스/아모스 002장.md,http://www.holybible.or.kr/B_GAE/cgi/bibleftxt.php?VR=GAE&VL=30&CN=2&CV=99,16,df84e2ddf9684ab434c74d615bd732ff1db3bd90daf65bc601305450cba77b5a,a55fe50f5b491d718d7d8375835cdab49ef0f60c0535bebfaa57e5898cc3cd79,2026-08-17T12:51:26+00:00,ok
10 신앙·성경/성경/개역개정 구약성경/50 소선지서/03 아모스/아모스 003장.md,http://www.holybible.or.kr/B_GAE/cgi/bibleftxt.php?VR=GAE&VL=30&CN=3&CV=99,15,39819c71ecf88afe9d0bd7a41b0826e7b90f6f127863371d738a6554a7c86562,4cd7a5c8d08bf0267a28aa42e63092c463a9e6198189cbab8cc65929012f271a,2026-08-17T12:51:26+00:00,ok
10 신앙·성경/성경/개역개정 구약성경/50 소선지서/03 아모스/아모스 004장.md,http://www.holybible.or.kr/B_GAE/cgi/bibleftxt.php?VR=GAE&VL=30&CN=4&CV=99,13,dd089de8a447818cf7e1676a6bd9527175bea9373d68e427465bcb0c2e532712,38ffd3019de5b71efc4add05ea1552525a48248d73abd13b7ef3cb45c80bc974,2026-08-17T12:51:26+00:00,ok
10 신앙·성경/성경/개역개정 구약성경/50 소선지서/03 아모스/아모스 005장.md,http://www.holybible.or.kr/B_GAE/cgi/bibleftxt.php?VR=GAE&VL=30&CN=5&CV=99,27,08da7b5bc4c23de9176ce5fcb251470b44c48fe8215c54b908bdbbb6fbfd4387,8dd085cfea0da5f3383a595bb069c7d8fc5628ff919f2ec102b76a4e14083087,2026-08-17T12:51:26+00:00,ok
10 신앙·성경/성경/개역개정 구약성경/50 소선지서/03 아모스/아모스 006장.md,http://www.holybible.or.kr/B_GAE/cgi/bibleftxt.php?VR=GAE&VL=30&CN=6&CV=99,14,684cbbcd44bf49e22999509c17fcc87b609e530f207138150e90d1f9241b471b,e9e91bcae92a0cc902f11787609a326ba03065aaa3db32541c414915e3e38bd3,2026-08-17T12:51:26+00:00,ok
10 신앙·성경/성경/개역개정 구약성경/50 소선지서/03 아모스/아모스 007장.md,http://www.holybible.or.kr/B_GAE/cgi/bibleftxt.php?VR=GAE&VL=30&CN=7&CV=99,17,44af010a465eb8e1213c6e3eb0434cbe5edc9d0419693ae7734e9b3d30fa7920,ec355a88c305efd35c29a7f943d2122dee6880be086db9ca8e666f6a7a834f50,2026-08-17T12:51:26+00:00,ok
10 신앙·성경/성경/개역개정 구약성경/50 소선지서/03 아모스/아모스 008장.md,http://www.holybible.or.kr/B_GAE/cgi/bibleftxt.php?VR=GAE&VL=30&CN=8&CV=99,14,44b67d773c3b2e41f97a1a60f98831c30ee377d7b6b108d911f901ed8b7406a3,cc6096107f2bf9ba1ac7cc75d5423b3ee0fc229f1c6c72f29e12dd8cd3239a03,2026-08-17T12:51:26+00:00,ok
10 신앙·성경/성경/개역개정 구약성경/50 소선지서/03 아모스/아모스 009장.md,http://www.holybible.or.kr/B_GAE/cgi/bibleftxt.php?VR=GAE&VL=30&CN=9&CV=99,15,e78811c2fb5623bbda8b83c14bf15d5da2970bc67fc2a94a0a77c17d354e943b,06443165de1ed3e3e1d6d0d7434a6dd99cd94eb3797deb80700286bf8cc78e19,2026-08-17T12:51:26+00:00,ok
10 신앙·성경/성경/개역개정 구약성경/50 소선지서/04 오바댜/오바댜 001장.md,http://www.holybible.or.kr/B_GAE/cgi/bibleftxt.php?VR=GAE&VL=31&CN=1&CV=99,21,d432257cf4d6d3382c9190d41075a5e69335956e3a4cac266db5a84b9c56014d,36a01aa82e54c996cc35ad81b63b94caa8024dddbc5a5cc5fbc45c7b49d18d6d,2026-08-17T12:51:26+00:00,ok
10 신앙·성경/성경/개역개정 구약성경/50 소선지서/05 요나/요나 001장.md,http://www.holybible.or.kr/B_GAE/cgi/bibleftxt.php?VR=GAE&VL=32&CN=1&CV=99,17,571d68456b9a72927d5dc59da7c5fb3f579f2199a836302d56326bb8911a1fce,b590e9821ce3e6722f782ca636d4864a7eaa42eb3615c5a35db6c36310fe66f4,2026-08-17T12:51:26+00:00,ok
10 신앙·성경/성경/개역개정 구약성경/50 소선지서/05 요나/요나 002장.md,http://www.holybible.or.kr/B_GAE/cgi/bibleftxt.php?VR=GAE&VL=32&CN=2&CV=99,10,c8837a51c6a62194bf26400becd1f55ab888360c44634177d4a58fe747aaf797,c04b8f1ddf374a80937114ad91656fce0da72f315fb860bb772e9c168193bf3b,2026-08-17T12:51:26+00:00,ok
10 신앙·성경/성경/개역개정 구약성경/50 소선지서/05 요나/요나 003장.md,http://www.holybible.or.kr/B_GAE/cgi/bibleftxt.php?VR=GAE&VL=32&CN=3&CV=99,10,eb8b51fc332a7450a86b52861b3bf47bc0be3a25fd50624c86f5aa2536e8278d,1cbc9a318b17d41256e4f4225d066c9a543368298c08ec20773133ac240f73eb,2026-08-17T12:51:26+00:00,ok
10 신앙·성경/성경/개역개정 구약성경/50 소선지서/05 요나/요나 004장.md,http://www.holybible.or.kr/B_GAE/cgi/bibleftxt.php?VR=GAE&VL=32&CN=4&CV=99,11,eeaff622ec3932f4c91896d56af9b2ee85e4a85913496e08a43d8ac4d7dbeb36,5b1c7bfcb864efc56e9f9ac6d2309e8983697e30c2048b3178404249dd0d3008,2026-08-17T12:51:26+00:00,ok
10 신앙·성경/성경/개역개정 구약성경/50 소선지서/06 미가/미가 001장.md,http://www.holybible.or.kr/B_GAE/cgi/bibleftxt.php?VR=GAE&VL=33&CN=1&CV=99,16,40a78d1eefba1eb536a4843745d904bc3c1a3d1d523fe892680e9c9aabc9edff,fa10af652accb350095b8ea622daa75e4cb1f468e3d01e693c164f72be1a181c,2026-08-17T12:51:26+00:00,ok
10 신앙·성경/성경/개역개정 구약성경/50 소선지서/06 미가/미가 002장.md,http://www.holybible.or.kr/B_GAE/cgi/bibleftxt.php?VR=GAE&VL=33&CN=2&CV=99,13,70af1a25b02389488e6693b6e34fe332a018a7900753016da68518ab55e7f04d,4ee2ad12fc41914e27f1ddb1067019c078caad18c2aabf4b8d998a95bb32d35a,2026-08-17T12:51:26+00:00,ok
10 신앙·성경/성경/개역개정 구약성경/50 소선지서/06 미가/미가 003장.md,http://www.holybible.or.kr/B_GAE/cgi/bibleftxt.php?VR=GAE&VL=33&CN=3&CV=99,12,7d92586bba6556673d402f5d55bff8219d478ac5ecefe35291838e217a77f17b,5cbd9f6605fc4e9a5d6980382654f9d21470e173547f1babc66a6d338ef40504,2026-08-17T12:51:26+00:00,ok
10 신앙·성경/성경/개역개정 구약성경/50 소선지서/06 미가/미가 004장.md,http://www.holybible.or.kr/B_GAE/cgi/bibleftxt.php?VR=GAE&VL=33&CN=4&CV=99,13,71665ca9adb29d19edeaf34c8fa30304e500baf196a7517ff69f1647978ec58c,39d5287b75b59636dcd59d06d4826973c6833aa51d8c928f9da318a006b28de8,2026-08-17T12:51:26+00:00,ok
10 신앙·성경/성경/개역개정 구약성경/50 소선지서/06 미가/미가 005장.md,http://www.holybible.or.kr/B_GAE/cgi/bibleftxt.php?VR=GAE&VL=33&CN=5&CV=99,15,ed2a7aa73a5c2747dfb95d4040d058c9bb5f060871f7144c9d9b42027ffbbaf1,7c8bf1f4cb3e83ac306d6bc63c75ba876a1f2f2315341f0df62ec134172ab225,2026-08-17T12:51:26+00:00,ok
10 신앙·성경/성경/개역개정 구약성경/50 소선지서/06 미가/미가 006장.md,http://www.holybible.or.kr/B_GAE/cgi/bibleftxt.php?VR=GAE&VL=33&CN=6&CV=99,16,32db44d4949ae026877f0d8680f72a5c229b52093d685f2097298a107598f545,7d5fa6b2281ae683bd67dd1e992ddedb4bbb89e36ed724dbcf33f4ec3035994e,2026-08-17T12:51:26+00:00,ok
10 신앙·성경/성경/개역개정 구약성경/50 소선지서/06 미가/미가 007장.md,http://www.holybible.or.kr/B_GAE/cgi/bibleftxt.php?VR=GAE&VL=33&CN=7&CV=99,20,dd1d0420558d5ebd5d479564d7c3df8fa109fc654ccf4e507eac22fb4144792e,152bb25cc560916fbf44e43a868b36fcd0dda771dfb78892eabfcb418f339091,2026-08-17T12:51:26+00:00,ok
10 신앙·성경/성경/개역개정 구약성경/50 소선지서/07 나훔/나훔 001장.md,http://www.holybible.or.kr/B_GAE/cgi/bibleftxt.php?VR=GAE&VL=34&CN=1&CV=99,15,40a13a2230edc0443641d2f9b4a8f66eda5d400353aef511c0d46a18f5b1382f,9cd9e783ba33da23fd3448c2d2b46f1e67b157e6d3d4bf262e45d6439980e74b,2026-08-17T12:51:26+00:00,ok
10 신앙·성경/성경/개역개정 구약성경/50 소선지서/07 나훔/나훔 002장.md,http://www.holybible.or.kr/B_GAE/cgi/bibleftxt.php?VR=GAE&VL=34&CN=2&CV=99,13,bd434db51ee1d5f3f522b49b59e26f0671c0382a1968e9d5051d673e8377a20c,bd0130bc077a985b4e085ff05c28eda4a048b8b673a4f3b544a0f44ba7e7b352,2026-08-17T12:51:26+00:00,ok
10 신앙·성경/성경/개역개정 구약성경/50 소선지서/07 나훔/나훔 003장.md,http://www.holybible.or.kr/B_GAE/cgi/bibleftxt.php?VR=GAE&VL=34&CN=3&CV=99,19,2d19b121f05debee50e2bc0307de8452e7364b80a88fcf2273aa954dbbdde72f,8806275204cf7326ef2e2cd4c101bc1c4d1bec55a706d456c73a0ce617c4fe85,2026-08-17T12:51:26+00:00,ok
10 신앙·성경/성경/개역개정 구약성경/50 소선지서/08 하박국/하박국 001장.md,http://www.holybible.or.kr/B_GAE/cgi/bibleftxt.php?VR=GAE&VL=35&CN=1&CV=99,17,d1bcb0adc6190d99cb50209ac885d713a223f5b7ecbd95522ece2a2c05f323fd,f011663ab3b5d50801cf562bbd2ebb36a149f57681a968b3660356c61f69809c,2026-08-17T12:51:26+00:00,ok
10 신앙·성경/성경/개역개정 구약성경/50 소선지서/08 하박국/하박국 002장.md,http://www.holybible.or.kr/B_GAE/cgi/bibleftxt.php?VR=GAE&VL=35&CN=2&CV=99,20,7b548c47f638943d0ec3a979bd75584231397e40015c4ec261b5d00372711c29,0ff8ad0dedf92bd6c7ff412b413d56e710a6e2c1d2afb35bdb6599467610e7aa,2026-08-17T12:51:26+00:00,ok
10 신앙·성경/성경/개역개정 구약성경/50 소선지서/08 하박국/하박국 003장.md,http://www.holybible.or.kr/B_GAE/cgi/bibleftxt.php?VR=GAE&VL=35&CN=3&CV=99,19,6c8609bd852633f95de2cb2c723b2b955e35e670567f0d67087ebc576bb6dafd,4945466bcdb1804448cf9d281ce1eae34d7bad9c2a0583c74686bbe978ba9fce,2026-08-17T12:51:26+00:00,ok
10 신앙·성경/성경/개역개정 구약성경/50 소선지서/09 스바냐/스바냐 001장.md,http://www.holybible.or.kr/B_GAE/cgi/bibleftxt.php?VR=GAE&VL=36&CN=1&CV=99,18,2c63def56da024f59c4cd623f4e38a981622929ac32fd4595a471ccdfceed87a,a0eeb59fe347c2b27238a3abd19b902f48d01bfaeeacf56aa1ee6b49dd693aaf,2026-08-17T12:51:26+00:00,ok
10 신앙·성경/성경/개역개정 구약성경/50 소선지서/09 스바냐/스바냐 002장.md,http://www.holybible.or.kr/B_GAE/cgi/bibleftxt.php?VR=GAE&VL=36&CN=2&CV=99,15,60f08cb98d80b41fa538a73efb929d443eec73150b7a7e433d08daf611cf74ef,1ad62f58376c8091852d804116fae295d09ebd9125ec0c1f40f2233573ffd763,2026-08-17T12:51:26+00:00,ok
10 신앙·성경/성경/개역개정 구약성경/50 소선지서/09 스바냐/스바냐 003장.md,http://www.holybible.or.kr/B_GAE/cgi/bibleftxt.php?VR=GAE&VL=36&CN=3&CV=99,20,f5af1ecbf468aedc579290d3a986fd4f3026cec1cc792ca196647272a4b58f9f,00e0545b056d803d511f3574cc4c28b5a5db9e1e536afa65bf05be268469886e,2026-08-17T12:51:26+00:00,ok
10 신앙·성경/성경/개역개정 구약성경/50 소선지서/10 학개/학개 001장.md,http://www.holybible.or.kr/B_GAE/cgi/bibleftxt.php?VR=GAE&VL=37&CN=1&CV=99,15,565f1fbb7f8b5b4b2da06ca67bb8452589af7d62201bdd5ba02122693aecfeb7,a2e3d88f575f311826fae406f4b76eb6b089db9cae05085dfe62963c7e7c5b9a,2026-08-17T12:51:26+00:00,ok
10 신앙·성경/성경/개역개정 구약성경/50 소선지서/10 학개/학개 002장.md,http://www.holybible.or.kr/B_GAE/cgi/bibleftxt.php?VR=GAE&VL=37&CN=2&CV=99,23,479e1ccdabded4bab493993214a02dea17efb2899b929bbb175660a398435fb4,2b9ef9980496f6a1717b2c3f448b367ae48c4d7284a5460f4e044ec145e360fe,2026-08-17T12:51:26+00:00,ok
10 신앙·성경/성경/개역개정 구약성경/50 소선지서/11 스가랴/스가랴 001장.md,http://www.holybible.or.kr/B_GAE/cgi/bibleftxt.php?VR=GAE&VL=38&CN=1&CV=99,21,633a3781486f27d7503412c9bcd4d0e93fa040efe96e4a83e48cd4c8ccb098a9,5b771542c4f44a910a7e429d4bc8ffbd89d0a34795d6db46457ebc30adfab18f,2026-08-17T12:51:26+00:00,ok
10 신앙·성경/성경/개역개정 구약성경/50 소선지서/11 스가랴/스가랴 002장.md,http://www.holybible.or.kr/B_GAE/cgi/bibleftxt.php?VR=GAE&VL=38&CN=2&CV=99,13,ed8098f2f23e1fe1c7a0d67dff977882b7dafa158fcc98be3c5d75f12adcad5e,eabc0a53511869baba25389ddd997ba62b963d4dc61fb3e8e5447b83b5b44670,2026-08-17T12:51:26+00:00,ok
10 신앙·성경/성경/개역개정 구약성경/50 소선지서/11 스가랴/스가랴 003장.md,http://www.holybible.or.kr/B_GAE/cgi/bibleftxt.php?VR=GAE&VL=38&CN=3&CV=99,10,bec53acc28fe681849d27fbf87360ffd4e076339eaf267e8b62d5d750671616a,acd3a88dc97e4cc76b0da36490d1f0ea10b42a4954a9e7d0dba353a10e636e93,2026-08-17T12:51:26+00:00,ok
10 신앙·성경/성경/개역개정 구약성경/50 소선지서/11 스가랴/스가랴 004장.md,http://www.holybible.or.kr/B_GAE/cgi/bibleftxt.php?VR=GAE&VL=38&CN=4&CV=99,14,47cfa303426d09c5ab649ad4adf1266cb870af291b7b2450cabca585fd98900f,87dcf0ca59e37ef13dd9713ee3da36c9613262ecd5679573ecf87d4e1f0102c4,2026-08-17T12:51:26+00:00,ok
10 신앙·성경/성경/개역개정 구약성경/50 소선지서/11 스가랴/스가랴 005장.md,http://www.holybible.or.kr/B_GAE/cgi/bibleftxt.php?VR=GAE&VL=38&CN=5&CV=99,11,40da08b408d4aea32930f3939a1bd4afe102a98c8429a5ceaa692aabc477270a,64158afe5dd37b7f1ed73baf32bd4686c6ae74af01b14278e7dc9377b351fd3d,2026-08-17T12:51:26+00:00,ok
10 신앙·성경/성경/개역개정 구약성경/50 소선지서/11 스가랴/스가랴 006장.md,http://www.holybible.or.kr/B_GAE/cgi/bibleftxt.php?VR=GAE&VL=38&CN=6&CV=99,15,fe63053323b54f16b25a4f8c8a542b1a9c82bb7f0b495b0ea926169df861e488,25680d4c9570feba706c1eaad621502b3d28698292ca6d0c92f5ea3fa904b707,2026-08-17T12:51:26+00:00,ok
10 신앙·성경/성경/개역개정 구약성경/50 소선지서/11 스가랴/스가랴 007장.md,http://www.holybible.or.kr/B_GAE/cgi/bibleftxt.php?VR=GAE&VL=38&CN=7&CV=99,14,a89be70ddbd9c91f60ea51b873e308b210fee41f27692cc86b4829aa6ba906d4,3896755727e7379bf01a370fe452364cc4db34d53ceb0686ab455d483e8b0d3c,2026-08-17T12:51:26+00:00,ok
10 신앙·성경/성경/개역개정 구약성경/50 소선지서/11 스가랴/스가랴 008장.md,http://www.holybible.or.kr/B_GAE/cgi/bibleftxt.php?VR=GAE&VL=38&CN=8&CV=99,23,fd3939d4340c4c2b3b42d60008c9bc4067a08ae3102a5440e06175427c980166,388fa4c9fef06a0ce5273b3615993b9f4b6c13ac6553a9200003e7105b97f14d,2026-08-17T12:51:26+00:00,ok
10 신앙·성경/성경/개역개정 구약성경/50 소선지서/11 스가랴/스가랴 009장.md,http://www.holybible.or.kr/B_GAE/cgi/bibleftxt.php?VR=GAE&VL=38&CN=9&CV=99,17,0aa077536269e28a24c31fce21c0c951a72935143b080978b1f1a47e58192dbb,e7c3a128485a13b9a91a62d0262eab7917152f24872ef1be2f53e83d986cc835,2026-08-17T12:51:26+00:00,ok
10 신앙·성경/성경/개역개정 구약성경/50 소선지서/11 스가랴/스가랴 010장.md,http://www.holybible.or.kr/B_GAE/cgi/bibleftxt.php?VR=GAE&VL=38&CN=10&CV=99,12,537fb88a441b50f6c821e3b30ffb9b5262f6974aecd0f1e6733a78d29ea22a2e,7d3d79bd19afd31e16998d8159b5051680cda34d8896c486c2969af596e55e06,2026-08-17T12:51:26+00:00,ok
10 신앙·성경/성경/개역개정 구약성경/50 소선지서/11 스가랴/스가랴 011장.md,http://www.holybible.or.kr/B_GAE/cgi/bibleftxt.php?VR=GAE&VL=38&CN=11&CV=99,17,312c5874a723bb0a7d26c3604e6869413efae6dc349ba2de5d9dc1f028a05891,86472deb6066382ecf7dcd75662fe3e1f5233b2d92b3a3fc9a821ecc54968183,2026-08-17T12:51:26+00:00,ok
10 신앙·성경/성경/개역개정 구약성경/50 소선지서/11 스가랴/스가랴 012장.md,http://www.holybible.or.kr/B_GAE/cgi/bibleftxt.php?VR=GAE&VL=38&CN=12&CV=99,14,290e588007a014b9e58bd8d9898679339b346a17288663eb2cf2271a487574c0,33f166d55112f93babe5590602064916de2a2d0b6c70b058195812ce6071dd6f,2026-08-17T12:51:26+00:00,ok
10 신앙·성경/성경/개역개정 구약성경/50 소선지서/11 스가랴/스가랴 013장.md,http://www.holybible.or.kr/B_GAE/cgi/bibleftxt.php?VR=GAE&VL=38&CN=13&CV=99,9,36e718af630a04848d630cda78c8a2cfa46fd6e3e48e7fe4dc083624c790c6ac,07c3eb446357c179d2adc90298d2691bfa4fc9ca2f02f03bfc974d6cc2b79402,2026-08-17T12:51:26+00:00,ok
10 신앙·성경/성경/개역개정 구약성경/50 소선지서/11 스가랴/스가랴 014장.md,http://www.holybible.or.kr/B_GAE/cgi/bibleftxt.php?VR=GAE&VL=38&CN=14&CV=99,21,2d5abbbcfc350c759361d1e1f1063b07e859361226828a06f576d2eddadc1168,e4dbaba1c48028a850bc2338d86315bbce0705bcf7999fc9d34723e6c42c7676,2026-08-17T12:51:26+00:00,ok
10 신앙·성경/성경/개역개정 구약성경/50 소선지서/12 말라기/말라기 001장.md,http://www.holybible.or.kr/B_GAE/cgi/bibleftxt.php?VR=GAE&VL=39&CN=1&CV=99,14,3849156dcb9de726f664ac4710a0abe585d6f6b374a2fdc895f22e0e7a805863,7a31b819c6a4595345fad81727d8741f84372bc4897a5f9a7dfa45dab3dff247,2026-08-17T12:51:26+00:00,ok
10 신앙·성경/성경/개역개정 구약성경/50 소선지서/12 말라기/말라기 002장.md,http://www.holybible.or.kr/B_GAE/cgi/bibleftxt.php?VR=GAE&VL=39&CN=2&CV=99,17,9d12e1ad849075dd92660d607ab350d4068f88c9a22c45484d4b0f3715715249,78442974f3136d9aee498ac9561a3047c0492adf18a6e1a89cf64d9a5624ae56,2026-08-17T12:51:26+00:00,ok
10 신앙·성경/성경/개역개정 구약성경/50 소선지서/12 말라기/말라기 003장.md,http://www.holybible.or.kr/B_GAE/cgi/bibleftxt.php?VR=GAE&VL=39&CN=3&CV=99,18,a57e236f7cf8ce34a60ae7c805cf6ae5d7f9ad08516c19b4f85a69c8ce67fd7e,f64d543a5cd7e5b641abb6e02f2aaa89d419c5b9c274bdc34e014a09322e1a7f,2026-08-17T12:51:26+00:00,ok
10 신앙·성경/성경/개역개정 구약성경/50 소선지서/12 말라기/말라기 004장.md,http://www.holybible.or.kr/B_GAE/cgi/bibleftxt.php?VR=GAE&VL=39&CN=4&CV=99,6,e0f1061ec331a5d4d02bce9a408ad152d1f845cb27676d2f27d3cef1d19300f5,aecbf92468ff4f192077ea3800b1065da95064bdb7aca6344e2000a6cf5e2313,2026-08-17T12:51:26+00:00,ok
10 신앙·성경/성경/개역개정 신약성경/10 역사서/01 사도행전/사도행전 01장.md,http://www.holybible.or.kr/B_GAE/cgi/bibleftxt.php?VR=GAE&VL=44&CN=1&CV=99,26,8102f3baede58bae2d387a88c0dcd7e66468a543e3e36d63f7d75b8f3e4ec5a1,26e344a9c0741698303e55f85d061d97101c71ec31c2ae0adb31eed4b814dc8e,2026-08-17T12:51:26+00:00,ok
10 신앙·성경/성경/개역개정 신약성경/10 역사서/01 사도행전/사도행전 02장.md,http://www.holybible.or.kr/B_GAE/cgi/bibleftxt.php?VR=GAE&VL=44&CN=2&CV=99,47,8964dd7522d6aaf8c20537ad70cd630f3994d76335038d1ff863426cee7b50cb,7d1bd18bdf44df5880fce78014e8e690368b57afc7cc4c36a41c86a8440aaa4c,2026-08-17T12:51:26+00:00,ok
10 신앙·성경/성경/개역개정 신약성경/10 역사서/01 사도행전/사도행전 03장.md,http://www.holybible.or.kr/B_GAE/cgi/bibleftxt.php?VR=GAE&VL=44&CN=3&CV=99,26,739aeddf0dcdf1483634d1e91f606f331aade829111c97bafa8aeaf7a0addd22,2f1f17416a604054f6df18b9e90fdf1fb11dd22a57c99cecdd5f19e28eeada7a,2026-08-17T12:51:26+00:00,ok
10 신앙·성경/성경/개역개정 신약성경/10 역사서/01 사도행전/사도행전 04장.md,http://www.holybible.or.kr/B_GAE/cgi/bibleftxt.php?VR=GAE&VL=44&CN=4&CV=99,37,9bc42d533cb881bb8e516289f0f7ccea48ec3bc44019205e27a0f03233d74d4c,0e7dbdc2d9f0b8a9ea63632943a5e549d751997ca5becfa8296a1b00bcfe4564,2026-08-17T12:51:26+00:00,ok
10 신앙·성경/성경/개역개정 신약성경/10 역사서/01 사도행전/사도행전 05장.md,http://www.holybible.or.kr/B_GAE/cgi/bibleftxt.php?VR=GAE&VL=44&CN=5&CV=99,42,f2514d0b162db2573ca69b55bb3ee255bdc3adbf0cb424f19528d10d4ce4b5e0,a71c341850faa1558a6f282451a46bff7838eb5c55110939852de3b5027089c7,2026-08-17T12:51:26+00:00,ok
10 신앙·성경/성경/개역개정 신약성경/10 역사서/01 사도행전/사도행전 06장.md,http://www.holybible.or.kr/B_GAE/cgi/bibleftxt.php?VR=GAE&VL=44&CN=6&CV=99,15,7900e84109b67a8c2c0ac34b8d0f0754078a46231276913cba5c0476f87ad848,52c013eb90711f21ffe2722565a5bacedc6a2c21d323af03519272ab5efafb60,2026-08-17T12:51:26+00:00,ok
10 신앙·성경/성경/개역개정 신약성경/10 역사서/01 사도행전/사도행전 07장.md,http://www.holybible.or.kr/B_GAE/cgi/bibleftxt.php?VR=GAE&VL=44&CN=7&CV=99,60,ffe1277ef7978f8d42681d6ebecdb3a048dc93826a3827bb0e2911700e44627f,5062b4f7913667de581bf5665a9afaae3000ca203ba8dcdb12897e8422512624,2026-08-17T12:51:26+00:00,ok
10 신앙·성경/성경/개역개정 신약성경/10 역사서/01 사도행전/사도행전 08장.md,http://www.holybible.or.kr/B_GAE/cgi/bibleftxt.php?VR=GAE&VL=44&CN=8&CV=99,40,8b244cad739a1e204c7000fd072646f4bbab7b161721a74f48292087dca30ef3,0bbb3638cc9e86bd73cba8682b8d7e4afd6d8de743cbb1520663c0e83e5859af,2026-08-17T12:51:26+00:00,ok
10 신앙·성경/성경/개역개정 신약성경/10 역사서/01 사도행전/사도행전 09장.md,http://www.holybible.or.kr/B_GAE/cgi/bibleftxt.php?VR=GAE&VL=44&CN=9&CV=99,43,a5013f0e44c88888c38628aa7609e7b617dc2ee419664a64737e916b47a7e829,109bf0df4930a18f58f1cb364d6950a93afc94b7e29aa7a17838c2b7d0f9eb1d,2026-08-17T12:51:26+00:00,ok
10 신앙·성경/성경/개역개정 신약성경/10 역사서/01 사도행전/사도행전 10장.md,http://www.holybible.or.kr/B_GAE/cgi/bibleftxt.php?VR=GAE&VL=44&CN=10&CV=99,48,b2fcacc848408b6a117b827a90fc5312bb8fb490d9b8aefcabc9cc9aefb5fc9f,50670224ed5232fc7d03cd8561f15eb405e6f32322c715e8891d5ef0a445f043,2026-08-17T12:51:26+00:00,ok
10 신앙·성경/성경/개역개정 신약성경/10 역사서/01 사도행전/사도행전 11장.md,http://www.holybible.or.kr/B_GAE/cgi/bibleftxt.php?VR=GAE&VL=44&CN=11&CV=99,30,54994eb035ec136b15ef6a6a66712a7911b07770a85dad7af08f71d2bf7b17d6,353355c8861992ec4151a760eedd3be26f4f63fb5c8b019dfa1abf4008ab8170,2026-08-17T12:51:26+00:00,ok
10 신앙·성경/성경/개역개정 신약성경/10 역사서/01 사도행전/사도행전 12장.md,http://www.holybible.or.kr/B_GAE/cgi/bibleftxt.php?VR=GAE&VL=44&CN=12&CV=99,25,64f6c6b7e3424da31982f64cc877c2b29f2596c0255ee5abf238fcca1da6aaa1,5afead3870d258add53b1a3e7f0bacd189767b2b97c3a4e3204ff1185d5aa0c7,2026-08-17T12:51:26+00:00,ok
10 신앙·성경/성경/개역개정 신약성경/10 역사서/01 사도행전/사도행전 13장.md,http://www.holybible.or.kr/B_GAE/cgi/bibleftxt.php?VR=GAE&VL=44&CN=13&CV=99,52,1101f2dfc671fe49db4d7859f5b03f6b93a6c7ef4e7a185c170a0c823173c8e9,f0fb98e6f4276970cecec9c8bd2280a01986d9d705c4f141c18ba3ef98780f0b,2026-08-17T12:51:26+00:00,ok
10 신앙·성경/성경/개역개정 신약성경/10 역사서/01 사도행전/사도행전 14장.md,http://www.holybible.or.kr/B_GAE/cgi/bibleftxt.php?VR=GAE&VL=44&CN=14&CV=99,28,15315bcfae85c8bc6a6605e337c2164a3578500baa6bc2e4eda4c15a33edf747,29ce8eab891d5a75aabff27215539ebebb275471c0b8de01e692253cf1b4ee78,2026-08-17T12:51:26+00:00,ok
10 신앙·성경/성경/개역개정 신약성경/10 역사서/01 사도행전/사도행전 15장.md,http://www.holybible.or.kr/B_GAE/cgi/bibleftxt.php?VR=GAE&VL=44&CN=15&CV=99,40,e2ff8f32fc87086e72c08d664c4e4594f6a0a935906f9e6a8817017a9a0ee93b,2de67865f758788fbb444f8a101e36b5d4e5e24a76582805ce5eb0df44130cb5,2026-08-17T12:51:26+00:00,ok
10 신앙·성경/성경/개역개정 신약성경/10 역사서/01 사도행전/사도행전 16장.md,http://www.holybible.or.kr/B_GAE/cgi/bibleftxt.php?VR=GAE&VL=44&CN=16&CV=99,40,04e4a91fd0de1a0a0c97035221758242343d888f50ecafe46802ae28cc264eee,0ccd902f5d21c15d4b1bb291ad5bfa41ddf4ee4fa4993130ac71464b8e7eaa24,2026-08-17T12:51:26+00:00,ok
10 신앙·성경/성경/개역개정 신약성경/10 역사서/01 사도행전/사도행전 17장.md,http://www.holybible.or.kr/B_GAE/cgi/bibleftxt.php?VR=GAE&VL=44&CN=17&CV=99,34,6038b15e6d99c20cc3bad2499afff77d34a766d968d12f49447c06ff28f250c8,0d530b6a5dd5c008486f799514c467fb740ea59e940a91779328f9dbcd9376f1,2026-08-17T12:51:26+00:00,ok
10 신앙·성경/성경/개역개정 신약성경/10 역사서/01 사도행전/사도행전 18장.md,http://www.holybible.or.kr/B_GAE/cgi/bibleftxt.php?VR=GAE&VL=44&CN=18&CV=99,28,ea423951708ff635c7b6d46f5c5c676913aa5bbe612197cd318bfcb48fca991a,ba1aa2a83767490d5625d0ba08c0f4ed7d11d66974c13ce7f56e43adef7e1c0b,2026-08-17T12:51:26+00:00,ok
10 신앙·성경/성경/개역개정 신약성경/10 역사서/01 사도행전/사도행전 19장.md,http://www.holybible.or.kr/B_GAE/cgi/bibleftxt.php?VR=GAE&VL=44&CN=19&CV=99,41,e2c38618ec8997835b415abb458a802f3d0ff9a2ad5b526bd65f413bc83747a7,ef7ec9a94cd3957e81dfa8073907798d2cf4883724b0fc36d14827315477ea27,2026-08-17T12:51:26+00:00,ok
10 신앙·성경/성경/개역개정 신약성경/10 역사서/01 사도행전/사도행전 20장.md,http://www.holybible.or.kr/B_GAE/cgi/bibleftxt.php?VR=GAE&VL=44&CN=20&CV=99,38,996c25420dcc9decec53a5479a4c293fcd7b24acb51ba246a321f5ff02cc5d9d,5f4fd721786c8bf6cbd35c3e55fa802afa762caf32b72cc707f71ecd955b15b8,2026-08-17T12:51:26+00:00,ok
10 신앙·성경/성경/개역개정 신약성경/10 역사서/01 사도행전/사도행전 21장.md,http://www.holybible.or.kr/B_GAE/cgi/bibleftxt.php?VR=GAE&VL=44&CN=21&CV=99,40,5a9e68074475472d7c5a2ba8f33eeb7d8ddb621c01428713a7e14df7c9ac7004,6eb7c14e406954a7207ccb3eb1d6ac03e4a739487b6c1961525223502c691f86,2026-08-17T12:51:26+00:00,ok
10 신앙·성경/성경/개역개정 신약성경/10 역사서/01 사도행전/사도행전 22장.md,http://www.holybible.or.kr/B_GAE/cgi/bibleftxt.php?VR=GAE&VL=44&CN=22&CV=99,30,294d26691f7b57ff302a90497ea81cdd538d170387f1c8ee0a10d3f521db2931,cf7fa0fb2dabf52c53fde604cf4732dd2905a8b85828efad62df57a4b5b36731,2026-08-17T12:51:26+00:00,ok
10 신앙·성경/성경/개역개정 신약성경/10 역사서/01 사도행전/사도행전 23장.md,http://www.holybible.or.kr/B_GAE/cgi/bibleftxt.php?VR=GAE&VL=44&CN=23&CV=99,35,354910d256bb30966583bd064db2a1652897527c6e9cc2c2245c352e6b37b90d,35940d8fc3c91762ac06b8490004b5debdc56947b4a53d97c78f9389641877d7,2026-08-17T12:51:26+00:00,ok
10 신앙·성경/성경/개역개정 신약성경/10 역사서/01 사도행전/사도행전 24장.md,http://www.holybible.or.kr/B_GAE/cgi/bibleftxt.php?VR=GAE&VL=44&CN=24&CV=99,26,416b068a18baf3e227a1abde6760bddac73fcb1a0a83057c829440bb640464d8,5b3442695624600af780fea838c988a7e2a1f5f375878e6c82b9499c19bdc1e1,2026-08-17T12:51:26+00:00,ok
10 신앙·성경/성경/개역개정 신약성경/10 역사서/01 사도행전/사도행전 25장.md,http://www.holybible.or.kr/B_GAE/cgi/bibleftxt.php?VR=GAE&VL=44&CN=25&CV=99,27,38215847fc83a7ecf06e8a313957bfcca948ded93c254a83c650df4f9ce402e6,ff07bda36213721db46e0270506d7fc26f90f74c86e657a2ea4df4825e743090,2026-08-17T12:51:26+00:00,ok
10 신앙·성경/성경/개역개정 신약성경/10 역사서/01 사도행전/사도행전 26장.md,http://www.holybible.or.kr/B_GAE/cgi/bibleftxt.php?VR=GAE&VL=44&CN=26&CV=99,32,13567b03d0c9b1ab62a098f07f27d7a428d71e1f5959ec6885c034daa1922918,7284549965a8ca7866189a96beed727dd1262c210f4137e6b611cda3dffb3e22,2026-08-17T12:51:26+00:00,ok
10 신앙·성경/성경/개역개정 신약성경/10 역사서/01 사도행전/사도행전 27장.md,http://www.holybible.or.kr/B_GAE/cgi/bibleftxt.php?VR=GAE&VL=44&CN=27&CV=99,44,c67e1d94193c18c7ed44bb71df11110bb94947452ad53c41f74212d941068b92,895ebb48dc5a0217f028704400117a47e8cc1e4ac94c2597a483d66809a6fa4a,2026-08-17T12:51:26+00:00,ok
10 신앙·성경/성경/개역개정 신약성경/10 역사서/01 사도행전/사도행전 28장.md,http://www.holybible.or.kr/B_GAE/cgi/bibleftxt.php?VR=GAE&VL=44&CN=28&CV=99,31,778dd978953abefd9984333988eea7901eac08b0e7393fd018e8d4af4f59069d,b0215353d4848a254ac162a579fd0baa0faecf42e69e9479af267883ee031d4e,2026-08-17T12:51:26+00:00,ok
10 신앙·성경/성경/개역개정 신약성경/20 바울서신/01 로마서/로마서 01장.md,http://www.holybible.or.kr/B_GAE/cgi/bibleftxt.php?VR=GAE&VL=45&CN=1&CV=99,32,958f1f3f28f17845e8b8efd4ba82b5a0892aed95ae5df3a102bfc369216d0cdf,76570b2be5d829657f697c01861c1f2767de70791e5c45e21fdf7dfb49f70d77,2026-08-17T12:51:26+00:00,ok
10 신앙·성경/성경/개역개정 신약성경/20 바울서신/01 로마서/로마서 02장.md,http://www.holybible.or.kr/B_GAE/cgi/bibleftxt.php?VR=GAE&VL=45&CN=2&CV=99,29,a1da9d184be5c056b1583fd2ee51ed7672f8d61d543ac9a8105007b41057c76f,bccae0f9373ac6f60a3994bb3af0b9333d0ae84737dd0b1ca383a500f1da6334,2026-08-17T12:51:26+00:00,ok
10 신앙·성경/성경/개역개정 신약성경/20 바울서신/01 로마서/로마서 03장.md,http://www.holybible.or.kr/B_GAE/cgi/bibleftxt.php?VR=GAE&VL=45&CN=3&CV=99,31,fb5af5baed342993f6406fb8956e39e55f77aa494548ab9bc01fa0e52a9fa7dc,05ff1f3cf19312e73cda18ea721e44138234a0b8a9a772bac6ffcaf7f937a240,2026-08-17T12:51:26+00:00,ok
10 신앙·성경/성경/개역개정 신약성경/20 바울서신/01 로마서/로마서 04장.md,http://www.holybible.or.kr/B_GAE/cgi/bibleftxt.php?VR=GAE&VL=45&CN=4&CV=99,25,5553943c10e37fb5d1d4e9099daa6d309f6a37f48fa73872750fea23230c61bd,d18c5cea6c8cc9c6d808b7adae0b869ee1d8a0d2fe1b2e6ef15867955c6e3475,2026-08-17T12:51:26+00:00,ok
10 신앙·성경/성경/개역개정 신약성경/20 바울서신/01 로마서/로마서 05장.md,http://www.holybible.or.kr/B_GAE/cgi/bibleftxt.php?VR=GAE&VL=45&CN=5&CV=99,21,60785db27bd009aa6362ba820cf7851d012d676ba38dac0850bdd003bc702b54,1dfa835bc9eac072138b4df90252618a74ee17b18278f1c1fc271aa28110a9e9,2026-08-17T12:51:26+00:00,ok
10 신앙·성경/성경/개역개정 신약성경/20 바울서신/01 로마서/로마서 06장.md,http://www.holybible.or.kr/B_GAE/cgi/bibleftxt.php?VR=GAE&VL=45&CN=6&CV=99,23,9b92b4ebaa9f9acc04893953fa9738a5bea559f7bf8279af8807e54d1ec8f303,710e0596493d5ec3acd7da42d045b9cfe5a96cfebc7b6eca7cfe5355ad08123f,2026-08-17T12:51:26+00:00,ok
10 신앙·성경/성경/개역개정 신약성경/20 바울서신/01 로마서/로마서 07장.md,http://www.holybible.or.kr/B_GAE/cgi/bibleftxt.php?VR=GAE&VL=45&CN=7&CV=99,25,9069685bc537c7ecdde1500a2737e9166897783fb30bffc2a015ccae15a01263,9d81e51028ecd13a72fdc23f4053d794743ae32824dcec1c6e7073abb3450bf4,2026-08-17T12:51:26+00:00,ok
10 신앙·성경/성경/개역개정 신약성경/20 바울서신/01 로마서/로마서 08장.md,http://www.holybible.or.kr/B_GAE/cgi/bibleftxt.php?VR=GAE&VL=45&CN=8&CV=99,39,49c8eac3f62ac3e03223607e9f92a15c1515d149df8c3c0a1aa6d15234927140,bbe48f139926bd24b13929100b99e8ec1a5c2b8a6c31526ac60fd541a19cafdc,2026-08-17T12:51:26+00:00,ok
10 신앙·성경/성경/개역개정 신약성경/20 바울서신/01 로마서/로마서 09장.md,http://www.holybible.or.kr/B_GAE/cgi/bibleftxt.php?VR=GAE&VL=45&CN=9&CV=99,32,02d7db2bbdd6a5d2c8e3b9fadd82da988aff0c2c050905ae6d64e2dd54799972,8132213a0fc2d95aef463d70736a13d6f30ae34b6cdf9d4d72048c1af4720b0d,2026-08-17T12:51:26+00:00,ok
10 신앙·성경/성경/개역개정 신약성경/20 바울서신/01 로마서/로마서 10장.md,http://www.holybible.or.kr/B_GAE/cgi/bibleftxt.php?VR=GAE&VL=45&CN=10&CV=99,21,74c57ea18902a36505d0f43a83652fe40dcb17d49cb995a43d49bd90b80d8cba,f3b901304f7e0a655e23383a94667917efc360c78b9c9f3a60e3987fbe88f621,2026-08-17T12:51:26+00:00,ok
10 신앙·성경/성경/개역개정 신약성경/20 바울서신/01 로마서/로마서 11장.md,http://www.holybible.or.kr/B_GAE/cgi/bibleftxt.php?VR=GAE&VL=45&CN=11&CV=99,36,034db627e10bf62443ac282c4a8fc4d2cf7f3817dfba13f0c3d1625d8d32ac24,0dfabdc668af471e9fb672b16b3ff6ec1e05a0161edc8338a5a4ecb00925dc8d,2026-08-17T12:51:26+00:00,ok
10 신앙·성경/성경/개역개정 신약성경/20 바울서신/01 로마서/로마서 12장.md,http://www.holybible.or.kr/B_GAE/cgi/bibleftxt.php?VR=GAE&VL=45&CN=12&CV=99,21,ea69f965bfa0bb1600f2bfcc0dd981fb9bb285dcf7c2dd63971eee3f9b27d1f6,b45373beee2b900829a32a72c7d2a32ec803c15ed236aad3cb07903533f80213,2026-08-17T12:51:26+00:00,ok
10 신앙·성경/성경/개역개정 신약성경/20 바울서신/01 로마서/로마서 13장.md,http://www.holybible.or.kr/B_GAE/cgi/bibleftxt.php?VR=GAE&VL=45&CN=13&CV=99,14,7c4e532b7aaf3e456fc9b63080caaa5f382df67caebe527fd75fcac298dce304,cd0e2bff7f5e089dff50e2c3cd107fe2512f36ac632fc5e05b535e0e8885dcd4,2026-08-17T12:51:26+00:00,ok
10 신앙·성경/성경/개역개정 신약성경/20 바울서신/01 로마서/로마서 14장.md,http://www.holybible.or.kr/B_GAE/cgi/bibleftxt.php?VR=GAE&VL=45&CN=14&CV=99,23,79b55fe874b8894bbe5c8e10c9d961ec95686ab0a227cd1385a7893178f05245,1e256a8566bcbe9ccbc4eab7bb049eb72ab8ba0926bb27d3e7a86b51357e3124,2026-08-17T12:51:26+00:00,ok
10 신앙·성경/성경/개역개정 신약성경/20 바울서신/01 로마서/로마서 15장.md,http://www.holybible.or.kr/B_GAE/cgi/bibleftxt.php?VR=GAE&VL=45&CN=15&CV=99,33,16f70d1854abe17b8b95e283c2ad91e52ab7ad3df9505b70f7095324cc4b3d34,96a9b018b5d90c087a09d9a1a8ce73b47d63fd2838b4564902db0ed386dd959e,2026-08-17T12:51:26+00:00,ok
10 신앙·성경/성경/개역개정 신약성경/20 바울서신/01 로마서/로마서 16장.md,http://www.holybible.or.kr/B_GAE/cgi/bibleftxt.php?VR=GAE&VL=45&CN=16&CV=99,27,c0642a27eddb16341191146f50ac6af6d8109d421d4fc5f33b3e662f968c0b15,ad300de0d65e896b86931bc12ab6e7149c023b249fc259cf6477680227daddac,2026-08-17T12:51:26+00:00,ok
10 신앙·성경/성경/개역개정 신약성경/20 바울서신/02 고린도전서/고린도전서 01장.md,http://www.holybible.or.kr/B_GAE/cgi/bibleftxt.php?VR=GAE&VL=46&CN=1&CV=99,31,58200f2ba96341011e45f8b63183ca09b3eb7729c3f2f38ed2747d8998f60e9a,efdb58875d846fd4d07b3f3380096d5d49610fa91cbc31ec955f47a55ea2d5b5,2026-08-17T12:51:26+00:00,ok
10 신앙·성경/성경/개역개정 신약성경/20 바울서신/02 고린도전서/고린도전서 02장.md,http://www.holybible.or.kr/B_GAE/cgi/bibleftxt.php?VR=GAE&VL=46&CN=2&CV=99,16,61dcb7e999c74955e9cf656b4694dd50b62e7a79a4260e71133cafcfc8a47290,0178880d135d99f6f61d2fa8539ea89c97b3f26fc8f9ff16acebb3408665e747,2026-08-17T12:51:26+00:00,ok
10 신앙·성경/성경/개역개정 신약성경/20 바울서신/02 고린도전서/고린도전서 03장.md,http://www.holybible.or.kr/B_GAE/cgi/bibleftxt.php?VR=GAE&VL=46&CN=3&CV=99,23,60b5b4f39ed346e71c77525868dbd7273cee58673da4dc328d256307ced0ba27,9e5b4c5f36088c3046d46525c527fb04204d08916702e1593b3cac1a1ae3c009,2026-08-17T12:51:26+00:00,ok
10 신앙·성경/성경/개역개정 신약성경/20 바울서신/02 고린도전서/고린도전서 04장.md,http://www.holybible.or.kr/B_GAE/cgi/bibleftxt.php?VR=GAE&VL=46&CN=4&CV=99,21,1619fdf7140f033f51d757711ac96f98da42ae20c2111a7d54d60b24e5b10414,f6e7af4db0d4a7b04113a29b6e1d2eac41ca48cd0b541641cc589e188434f662,2026-08-17T12:51:26+00:00,ok
10 신앙·성경/성경/개역개정 신약성경/20 바울서신/02 고린도전서/고린도전서 05장.md,http://www.holybible.or.kr/B_GAE/cgi/bibleftxt.php?VR=GAE&VL=46&CN=5&CV=99,13,25b929058d3ac398fa22da1b3c693738b3c8d2657b5b6169ca1fe517184bc093,41ea873d42f59c3c2ea4b70845cf694858ae2c619e0f5afd837c507d4533d1b1,2026-08-17T12:51:26+00:00,ok
10 신앙·성경/성경/개역개정 신약성경/20 바울서신/02 고린도전서/고린도전서 06장.md,http://www.holybible.or.kr/B_GAE/cgi/bibleftxt.php?VR=GAE&VL=46&CN=6&CV=99,20,9e45f5556f73cb2b339ed4d7105e1e1372d37ff4dc39d1da7284446663f50abb,93b972fd0ddd29e12d7454d8ba7bcaa20d805e8b0077fc69c501da051e1150f0,2026-08-17T12:51:26+00:00,ok
10 신앙·성경/성경/개역개정 신약성경/20 바울서신/02 고린도전서/고린도전서 07장.md,http://www.holybible.or.kr/B_GAE/cgi/bibleftxt.php?VR=GAE&VL=46&CN=7&CV=99,40,207789dcf64e1fd78888a9c730581b2b82dec914927a555130b011666d6e84c1,90120492b0f4581b1fb38bd55f6f579bed1d2a10a7e8944a881cc226b9033f56,2026-08-17T12:51:26+00:00,ok
10 신앙·성경/성경/개역개정 신약성경/20 바울서신/02 고린도전서/고린도전서 08장.md,http://www.holybible.or.kr/B_GAE/cgi/bibleftxt.php?VR=GAE&VL=46&CN=8&CV=99,13,f264c11cc05acefd5387dc52fceff8e1074efe9f5fc5ca178fb1a4512572032f,669ec3d0d95236a881d8142292bc436bfd5c10023b0c4875ce5595a2d79a2207,2026-08-17T12:51:26+00:00,ok
10 신앙·성경/성경/개역개정 신약성경/20 바울서신/02 고린도전서/고린도전서 09장.md,http://www.holybible.or.kr/B_GAE/cgi/bibleftxt.php?VR=GAE&VL=46&CN=9&CV=99,27,668e415246d7b15c0e1a13eb3bc0e49ba8ca41935e925e80e128308c31c84e97,372a84f03b29521b496ed113c27ba56a62ef49ecbd6bf590385e27721a7ead8c,2026-08-17T12:51:26+00:00,ok
10 신앙·성경/성경/개역개정 신약성경/20 바울서신/02 고린도전서/고린도전서 10장.md,http://www.holybible.or.kr/B_GAE/cgi/bibleftxt.php?VR=GAE&VL=46&CN=10&CV=99,33,20a018bd19fa6232bf61c353f7330c878c0bb496011694888057821a38fbcbee,a0baad9ae3bb9a49cc66a8ca8b26a8f8cf16b5af98a868c25fe2df4b4c5d5f4c,2026-08-17T12:51:26+00:00,ok
10 신앙·성경/성경/개역개정 신약성경/20 바울서신/02 고린도전서/고린도전서 11장.md,http://www.holybible.or.kr/B_GAE/cgi/bibleftxt.php?VR=GAE&VL=46&CN=11&CV=99,34,114e927681fdb589b7d42f76496fcc91e9002d9b4f53c8c802e87a068f515f43,d3f44fe6ac47b75b7529366d997298feee56b555591b6b7d55047c2d4bcf761f,2026-08-17T12:51:26+00:00,ok
10 신앙·성경/성경/개역개정 신약성경/20 바울서신/02 고린도전서/고린도전서 12장.md,http://www.holybible.or.kr/B_GAE/cgi/bibleftxt.php?VR=GAE&VL=46&CN=12&CV=99,31,10a59d0fb89a9b060d8d32597dc09757a43ff9a6d56e983481cd2924a45e9555,29e853efd6a96e85ad2ee2c2c8e315209841b6be9a6461d9fcdb88070f12903e,2026-08-17T12:51:26+00:00,ok
10 신앙·성경/성경/개역개정 신약성경/20 바울서신/02 고린도전서/고린도전서 13장.md,http://www.holybible.or.kr/B_GAE/cgi/bibleftxt.php?VR=GAE&VL=46&CN=13&CV=99,13,2fa6b1e7d0cb90cf46fae49e849a87651085e4a85fae22d494d90de539a422b4,1f7a83ea32b588424b043f65c70d348992e4c3be71129bab742b996567a5cf79,2026-08-17T12:51:26+00:00,ok
10 신앙·성경/성경/개역개정 신약성경/20 바울서신/02 고린도전서/고린도전서 14장.md,http://www.holybible.or.kr/B_GAE/cgi/bibleftxt.php?VR=GAE&VL=46&CN=14&CV=99,40,65ba9496467347dd244583ea28249414112bac51f9527f7a10edab9657f772c0,f5c13abfcd862b0ec3aec612075128d9492b6551bf7f758768f68aefaea37014,2026-08-17T12:51:26+00:00,ok
10 신앙·성경/성경/개역개정 신약성경/20 바울서신/02 고린도전서/고린도전서 15장.md,http://www.holybible.or.kr/B_GAE/cgi/bibleftxt.php?VR=GAE&VL=46&CN=15&CV=99,58,436d27225222f83f20a8fdf6dd3d2ba5f42623aabf19e4fe6783bc6f2639e798,14c99a6e4bbfa1d36f64946e3e9da249dfb3b36682d804fa830324b85e317b36,2026-08-17T12:51:26+00:00,ok
10 신앙·성경/성경/개역개정 신약성경/20 바울서신/02 고린도전서/고린도전서 16장.md,http://www.holybible.or.kr/B_GAE/cgi/bibleftxt.php?VR=GAE&VL=46&CN=16&CV=99,24,a29d1b78a7e3c003e5841551a2a4e57622b2a6363068d04ebff13c8c332f8900,89ab31b51ef965bc79c24611dccc244d08e6915033013d8f63c9f125950993e9,2026-08-17T12:51:26+00:00,ok
10 신앙·성경/성경/개역개정 신약성경/20 바울서신/03 고린도후서/고린도후서 01장.md,http://www.holybible.or.kr/B_GAE/cgi/bibleftxt.php?VR=GAE&VL=47&CN=1&CV=99,24,bb9ce80b0a3fc8368692046231fb9f2a11b6beac67d6d81a844a0cbc1995e4cd,26e1df97902bc1f0d9c43799628daf6f559c1019d0a919de27df2e163270b7e0,2026-08-17T12:51:26+00:00,ok
10 신앙·성경/성경/개역개정 신약성경/20 바울서신/03 고린도후서/고린도후서 02장.md,http://www.holybible.or.kr/B_GAE/cgi/bibleftxt.php?VR=GAE&VL=47&CN=2&CV=99,17,6941b4c408fc1554c89ca71c2bee9270196752e11a044884b7da115fa8e38292,037b8d7cde703197d3e9b12c8f4e50fb1ee0e7859b19c0ceb6b7021e3f537d19,2026-08-17T12:51:26+00:00,ok
10 신앙·성경/성경/개역개정 신약성경/20 바울서신/03 고린도후서/고린도후서 03장.md,http://www.holybible.or.kr/B_GAE/cgi/bibleftxt.php?VR=GAE&VL=47&CN=3&CV=99,18,2e5995130834cea1b81a28b383ec52f2ef1337b77ae9e1058f977c15626ea9b3,ab8caab69476a38651e5a71973bdbedb48c0f88d20dac038af690968f9bdbba3,2026-08-17T12:51:26+00:00,ok
10 신앙·성경/성경/개역개정 신약성경/20 바울서신/03 고린도후서/고린도후서 04장.md,http://www.holybible.or.kr/B_GAE/cgi/bibleftxt.php?VR=GAE&VL=47&CN=4&CV=99,18,55631faa5e3f954392dbe04f6cfd9059119507d2985680d90d697e5317cf3d47,01bc5bfcb4187fd7dcef7ee88b0b4b7278598c1c8eb211222d3762a64d62bed9,2026-08-17T12:51:26+00:00,ok
10 신앙·성경/성경/개역개정 신약성경/20 바울서신/03 고린도후서/고린도후서 05장.md,http://www.holybible.or.kr/B_GAE/cgi/bibleftxt.php?VR=GAE&VL=47&CN=5&CV=99,21,ca234b88c948c33b8c2dda5a77d7edd5a83d32c2543156a1b4e22756369444a0,df9fadee4485be38824f41c9efd496ac158577a5d60429831f6caf892dbb9797,2026-08-17T12:51:26+00:00,ok
10 신앙·성경/성경/개역개정 신약성경/20 바울서신/03 고린도후서/고린도후서 06장.md,http://www.holybible.or.kr/B_GAE/cgi/bibleftxt.php?VR=GAE&VL=47&CN=6&CV=99,18,6a35cdf0671ad84b1265d1a686b71da6e2565ae1c2df39004e0a5c0cf8bd3344,5bc7f69f766f2df51e1219761d0b2196835e9b6ecd9d9fa1a1b996db32d614ae,2026-08-17T12:51:26+00:00,ok
10 신앙·성경/성경/개역개정 신약성경/20 바울서신/03 고린도후서/고린도후서 07장.md,http://www.holybible.or.kr/B_GAE/cgi/bibleftxt.php?VR=GAE&VL=47&CN=7&CV=99,16,225ef335e488c22c5f93aaa0a2658d6b829838d8e56db699fd3bb4580585f9de,71cea9dd36003391e210e84337a658187788f0b52a2928d34076e1fea4e77b8d,2026-08-17T12:51:26+00:00,ok
10 신앙·성경/성경/개역개정 신약성경/20 바울서신/03 고린도후서/고린도후서 08장.md,http://www.holybible.or.kr/B_GAE/cgi/bibleftxt.php?VR=GAE&VL=47&CN=8&CV=99,24,d0ff39c3f877e7692133884de2ff7a2e8fa2e43ad6914ac00eca6cd3960db0a5,0b6b30363bde09959c88f3e4eda8b16609ec5777a87f84fc2a37d0cddf6431f3,2026-08-17T12:51:26+00:00,ok
10 신앙·성경/성경/개역개정 신약성경/20 바울서신/03 고린도후서/고린도후서 09장.md,http://www.holybible.or.kr/B_GAE/cgi/bibleftxt.php?VR=GAE&VL=47&CN=9&CV=99,15,2b5a343f81858aec6dd396d6a6bf348a4c50eb677f6b04379cf4c40b8c6a2bf9,a6912940b85905713906ab4fe293db43fa929f5af3db42a1406fbbb081c95bb5,2026-08-17T12:51:26+00:00,ok
10 신앙·성경/성경/개역개정 신약성경/20 바울서신/03 고린도후서/고린도후서 10장.md,http://www.holybible.or.kr/B_GAE/cgi/bibleftxt.php?VR=GAE&VL=47&CN=10&CV=99,18,0d559296429e2a549a78d10dc7baabdae1af0213a45d00f79249903a8863c9fa,795d66c691fa293e09ecd1c9faad81ce82c095dc2fe1fc83fe2ac92e8d6b863d,2026-08-17T12:51:26+00:00,ok
10 신앙·성경/성경/개역개정 신약성경/20 바울서신/03 고린도후서/고린도후서 11장.md,http://www.holybible.or.kr/B_GAE/cgi/bibleftxt.php?VR=GAE&VL=47&CN=11&CV=99,33,6a2e7fe925d106b9f22378242d2d72a31c905225019517365c4664ffab5bbd32,6cbe264ae25eb01bee94c063cfc39420207ba4295b70e941890098a4d5909d78,2026-08-17T12:51:26+00:00,ok
10 신앙·성경/성경/개역개정 신약성경/20 바울서신/03 고린도후서/고린도후서 12장.md,http://www.holybible.or.kr/B_GAE/cgi/bibleftxt.php?VR=GAE&VL=47&CN=12&CV=99,21,2071eed52f5c7b0b1b059c723c389552ba45a9aaf007c23b177bbb60abca5408,5ce5c08a5cc6f0d2f5accd2a1df0b47391dd386468cfc70eb9e736d87c00a838,2026-08-17T12:51:26+00:00,ok
10 신앙·성경/성경/개역개정 신약성경/20 바울서신/03 고린도후서/고린도후서 13장.md,http://www.holybible.or.kr/B_GAE/cgi/bibleftxt.php?VR=GAE&VL=47&CN=13&CV=99,13,c20bcf85e23402db45169d07431b928a99e9ef4d79899812c40355d4b8653e0f,ebd6b476dd930fb9eb079280f81b2841f5dc3d6e21d9cd1bd16ec3868fc0dc87,2026-08-17T12:51:26+00:00,ok
10 신앙·성경/성경/개역개정 신약성경/20 바울서신/04 갈라디아서/갈라디아서 01장.md,http://www.holybible.or.kr/B_GAE/cgi/bibleftxt.php?VR=GAE&VL=48&CN=1&CV=99,24,82521939e81074a77c27fe763aa5eeb2dfc03871fa633b98fbac59dbeeca05ec,5604b4a0f622e132bee6de9245bbc47e47cb13f81c024f4762f7dd673e047905,2026-08-17T12:51:26+00:00,ok
10 신앙·성경/성경/개역개정 신약성경/20 바울서신/04 갈라디아서/갈라디아서 02장.md,http://www.holybible.or.kr/B_GAE/cgi/bibleftxt.php?VR=GAE&VL=48&CN=2&CV=99,21,c7df63401468503fd5ea2985eefc8f6c5e882c81fc9f01d9ccc2860dd19acd62,95d1f096bcd076fa2cfa4fbd816f64a3c8ffebeeec6b780650e1fb887f57bea8,2026-08-17T12:51:26+00:00,ok
10 신앙·성경/성경/개역개정 신약성경/20 바울서신/04 갈라디아서/갈라디아서 03장.md,http://www.holybible.or.kr/B_GAE/cgi/bibleftxt.php?VR=GAE&VL=48&CN=3&CV=99,29,24d665485b300d17a8c3d7377fcfee8442064492b37180a89ab133a23c828b6e,32fe8e3331cf83b0b72beab0cd3c3e537675b357bdf6a67d8ce80775bdc20553,2026-08-17T12:51:26+00:00,ok
10 신앙·성경/성경/개역개정 신약성경/20 바울서신/04 갈라디아서/갈라디아서 04장.md,http://www.holybible.or.kr/B_GAE/cgi/bibleftxt.php?VR=GAE&VL=48&CN=4&CV=99,31,f474c2d6700bb550b12fd9e871e259a00a85d6dca2ddc1753b28efab14230d7b,94c234a5ce1160127c90cde4664a25823dbd08c5fd463e7bba4185b2e6100970,2026-08-17T12:51:26+00:00,ok
10 신앙·성경/성경/개역개정 신약성경/20 바울서신/04 갈라디아서/갈라디아서 05장.md,http://www.holybible.or.kr/B_GAE/cgi/bibleftxt.php?VR=GAE&VL=48&CN=5&CV=99,26,e6b95a3498c28875301de3ccfe35ebecebcd20749a190624cf3ff5668f9a9cd3,e33fe5dad92add19fa4ea94b2bcfa99a507467ae217bad947011c633e1ffca4e,2026-08-17T12:51:26+00:00,ok
10 신앙·성경/성경/개역개정 신약성경/20 바울서신/04 갈라디아서/갈라디아서 06장.md,http://www.holybible.or.kr/B_GAE/cgi/bibleftxt.php?VR=GAE&VL=48&CN=6&CV=99,18,20a0c6cdc7638ac8b18dc3c569e9fc4e58b4e00aaea195ae2174edd7ac2ea440,3f43fddcad624e9ed8d281f578883742c88cfa7b43b5d8b01c0848854fbc0a6e,2026-08-17T12:51:26+00:00,ok
10 신앙·성경/성경/개역개정 신약성경/20 바울서신/05 에베소서/에베소서 01장.md,http://www.holybible.or.kr/B_GAE/cgi/bibleftxt.php?VR=GAE&VL=49&CN=1&CV=99,23,b751c928a8dbee5cd8906b38dc3eb52ce54435d173c9ad28233f36805211dae8,47e26239598b08bd18052b0dbed02cb0ed7431587c4b6724f190e10efb3f0f45,2026-08-17T12:51:26+00:00,ok
10 신앙·성경/성경/개역개정 신약성경/20 바울서신/05 에베소서/에베소서 02장.md,http://www.holybible.or.kr/B_GAE/cgi/bibleftxt.php?VR=GAE&VL=49&CN=2&CV=99,22,107298d9759b3017a4de228a1792f51e475da03a3590adf8ff58af4722f35dbb,07b1791d6dbe31110b62154dd5089061d86af528390ac4cd2a7cac1a117191fd,2026-08-17T12:51:26+00:00,ok
10 신앙·성경/성경/개역개정 신약성경/20 바울서신/05 에베소서/에베소서 03장.md,http://www.holybible.or.kr/B_GAE/cgi/bibleftxt.php?VR=GAE&VL=49&CN=3&CV=99,21,007e1ce273e6649ac9585990f4c25ae5fe3c2105996f855e7bbb19b47937226a,99502165c0db4dcf2d588b98dda03fef25ffb1dd997f785970d3a9496c12dfaf,2026-08-17T12:51:26+00:00,ok
10 신앙·성경/성경/개역개정 신약성경/20 바울서신/05 에베소서/에베소서 04장.md,http://www.holybible.or.kr/B_GAE/cgi/bibleftxt.php?VR=GAE&VL=49&CN=4&CV=99,32,3892cf0e08563a8f451ce35b22a07172b775e0657f77d6917356a1acf3e5ab23,46172bbb90d5db057e1c7554ee4b90607006b13c727988b8e4222cede318c506,2026-08-17T12:51:26+00:00,ok
10 신앙·성경/성경/개역개정 신약성경/20 바울서신/05 에베소서/에베소서 05장.md,http://www.holybible.or.kr/B_GAE/cgi/bibleftxt.php?VR=GAE&VL=49&CN=5&CV=99,33,6ca91fce078259da83a1748a11415a7d7826cb98f745bff3547a377a5690e62d,54bb4867859fce91ae70b56eb368ff4dc34344fd81a716f021ba31b1ae9fff42,2026-08-17T12:51:26+00:00,ok
10 신앙·성경/성경/개역개정 신약성경/20 바울서신/05 에베소서/에베소서 06장.md,http://www.holybible.or.kr/B_GAE/cgi/bibleftxt.php?VR=GAE&VL=49&CN=6&CV=99,24,4d7c7ad1a2a4c3664faec8d1494de5042edbd29c9399fbd7f8a76154f36c8ea3,07815454086b527324b41f62f2b2585785a335b5f0526295aa01e47d82ebeeed,2026-08-17T12:51:26+00:00,ok
10 신앙·성경/성경/개역개정 신약성경/20 바울서신/06 빌립보서/빌립보서 01장.md,http://www.holybible.or.kr/B_GAE/cgi/bibleftxt.php?VR=GAE&VL=50&CN=1&CV=99,30,4ff21f97eb44c9f9751f50e89fbdc379074822b04a003541edf5f77774a0eb5b,6763d19aefa21fa622d56bec46643b74164b8b845c8c230f5aa39fa511529b7f,2026-08-17T12:51:26+00:00,ok
10 신앙·성경/성경/개역개정 신약성경/20 바울서신/06 빌립보서/빌립보서 02장.md,http://www.holybible.or.kr/B_GAE/cgi/bibleftxt.php?VR=GAE&VL=50&CN=2&CV=99,30,6e89f7ab825806b5a59f17659974c4d5176edd8fcd9d1a9b8fa631d36bcc1128,028a87733833395b3f6b278a1c152d12f106781adc08c7aac23d3da8b0ff5ed7,2026-08-17T12:51:26+00:00,ok
10 신앙·성경/성경/개역개정 신약성경/20 바울서신/06 빌립보서/빌립보서 03장.md,http://www.holybible.or.kr/B_GAE/cgi/bibleftxt.php?VR=GAE&VL=50&CN=3&CV=99,21,47f4fb2e58ab0a8931d532ac0dcb01b8e2e052b6355337500b6753db6e5dfa9f,94fd9cc0e3bcc3057d47b1fb0b9151fefb4de31a3cd577d19aa690dcbc859fd5,2026-08-17T12:51:26+00:00,ok
10 신앙·성경/성경/개역개정 신약성경/20 바울서신/06 빌립보서/빌립보서 04장.md,http://www.holybible.or.kr/B_GAE/cgi/bibleftxt.php?VR=GAE&VL=50&CN=4&CV=99,23,d1b1cf5ccf3e1f82c014abc136de0cd0e63acabfec1c898095e8fa9ab2eb7d93,cd9e1e3ea237e2e3b67d4dc280f33bf3ac88ef83b0170a1b1b21a3123a7a61d7,2026-08-17T12:51:26+00:00,ok
10 신앙·성경/성경/개역개정 신약성경/20 바울서신/07 골로새서/골로새서 01장.md,http://www.holybible.or.kr/B_GAE/cgi/bibleftxt.php?VR=GAE&VL=51&CN=1&CV=99,29,e5ab7714bcca5f1750d6304126e62a2e977d7e09adb43355a392941b200494da,634e3a131b9cf310d7b33297e35539f484acc40b56562f15af3d296c28345419,2026-08-17T12:51:26+00:00,ok
10 신앙·성경/성경/개역개정 신약성경/20 바울서신/07 골로새서/골로새서 02장.md,http://www.holybible.or.kr/B_GAE/cgi/bibleftxt.php?VR=GAE&VL=51&CN=2&CV=99,23,6561aeb1839b6da31b2d45887cee55b6917e0418e3c0dec1e7dcda4974cc83e4,df6765fdfefd47891578502d2cc06a3ed0030bc25ee8d5a8857b8ccab3ca040f,2026-08-17T12:51:26+00:00,ok
10 신앙·성경/성경/개역개정 신약성경/20 바울서신/07 골로새서/골로새서 03장.md,http://www.holybible.or.kr/B_GAE/cgi/bibleftxt.php?VR=GAE&VL=51&CN=3&CV=99,25,caaaab7c6b5d3e88727ea7340bfd521f6e9b68e6f03e83939879e61c3d410da9,9862482d7cde6b6e119a75196aeb9335e85e4cfe25d933e90d04ba6d150019b5,2026-08-17T12:51:26+00:00,ok
10 신앙·성경/성경/개역개정 신약성경/20 바울서신/07 골로새서/골로새서 04장.md,http://www.holybible.or.kr/B_GAE/cgi/bibleftxt.php?VR=GAE&VL=51&CN=4&CV=99,18,8ac6f4afb7984d3f7f0a1425d4254cc0e0c737771547c8c9b7ad55906577c865,743b86d4be5c75f41837f6c0db3164f74de852f48c9e27b81d2beb0c8d76d0c8,2026-08-17T12:51:26+00:00,ok
10 신앙·성경/성경/개역개정 신약성경/20 바울서신/08 데살로니가전서/데살로니가전서 01장.md,http://www.holybible.or.kr/B_GAE/cgi/bibleftxt.php?VR=GAE&VL=52&CN=1&CV=99,10,72015852a1441534f7026d845591f55e6470576354d7638d5d92351c759e2d05,f47b3515a46dd9975217b9ded632fe63da9dfd5d7342b03d8430a1b1697409e7,2026-08-17T12:51:26+00:00,ok
10 신앙·성경/성경/개역개정 신약성경/20 바울서신/08 데살로니가전서/데살로니가전서 02장.md,http://www.holybible.or.kr/B_GAE/cgi/bibleftxt.php?VR=GAE&VL=52&CN=2&CV=99,20,9808cb4c5b4e29fb31a63e2401cdbb0aa45f213b649c02fb84ea77294a0ac01e,ec8262a9f2143bdbfc74e756bb1bc42cb0dcdb22a90adba0042f98c0fdbe8ead,2026-08-17T12:51:26+00:00,ok
10 신앙·성경/성경/개역개정 신약성경/20 바울서신/08 데살로니가전서/데살로니가전서 03장.md,http://www.holybible.or.kr/B_GAE/cgi/bibleftxt.php?VR=GAE&VL=52&CN=3&CV=99,13,377dda611758d3e19864e31643128451aba49ad49f20f078862415a63b858563,2b854225f5b69fa34464bcd6f2f51761d5386ff7fa10e244bd1cb39060dbcaab,2026-08-17T12:51:26+00:00,ok
10 신앙·성경/성경/개역개정 신약성경/20 바울서신/08 데살로니가전서/데살로니가전서 04장.md,http://www.holybible.or.kr/B_GAE/cgi/bibleftxt.php?VR=GAE&VL=52&CN=4&CV=99,18,68051ac84cd18210d68a89677da410603581ef9219c7384c8c1276c8196b20e4,de3436688cde6707eb4f00dbb89809e8717ccfa971587f1fe3086559a7d05a4f,2026-08-17T12:51:26+00:00,ok
10 신앙·성경/성경/개역개정 신약성경/20 바울서신/08 데살로니가전서/데살로니가전서 05장.md,http://www.holybible.or.kr/B_GAE/cgi/bibleftxt.php?VR=GAE&VL=52&CN=5&CV=99,28,3543d396be256649506e68f92ad7700be5b872a412dc56ac239576bfe991a04e,1fd74553bf80998182551f009ad565da0d7d828cb156095d5d80156a95108131,2026-08-17T12:51:26+00:00,ok
10 신앙·성경/성경/개역개정 신약성경/20 바울서신/09 데살로니가후서/데살로니가후서 01장.md,http://www.holybible.or.kr/B_GAE/cgi/bibleftxt.php?VR=GAE&VL=53&CN=1&CV=99,12,ece4da7ca9e8a83699876ce6f95fbcd687349e388f1036b2f855b32b4e750564,e4334a8ec455c405ceb5ea76720506f895bf59fa13e664d0664cd7bdd0b0cab9,2026-08-17T12:51:26+00:00,ok
10 신앙·성경/성경/개역개정 신약성경/20 바울서신/09 데살로니가후서/데살로니가후서 02장.md,http://www.holybible.or.kr/B_GAE/cgi/bibleftxt.php?VR=GAE&VL=53&CN=2&CV=99,17,8753f61cbea9a30ba021033b071003e4f9c1290ea02a872da75681aab8578dc5,6ae1dd4567765b0a1e97769610b66d81542edd4b1eb466c81d8acde12aff6175,2026-08-17T12:51:26+00:00,ok
10 신앙·성경/성경/개역개정 신약성경/20 바울서신/09 데살로니가후서/데살로니가후서 03장.md,http://www.holybible.or.kr/B_GAE/cgi/bibleftxt.php?VR=GAE&VL=53&CN=3&CV=99,18,8df486014dbc0a0feac0466f14e63c3763dd719e4f9092317f111be625960a52,892fe64ae73b1473b8023d171569d158392abe3ed497d8eb15cb6b685d7b97ba,2026-08-17T12:51:26+00:00,ok
10 신앙·성경/성경/개역개정 신약성경/20 바울서신/10 디모데전서/디모데전서 01장.md,http://www.holybible.or.kr/B_GAE/cgi/bibleftxt.php?VR=GAE&VL=54&CN=1&CV=99,20,9711c93c962959bc1769839079cbd517bf37850ffd9c828fdc34edc7a97da8cc,d7afc6d9e0180ca0bc9f230cfc56a40cdeab2dc66c1918a762156ae7ba84a3ba,2026-08-17T12:51:26+00:00,ok
10 신앙·성경/성경/개역개정 신약성경/20 바울서신/10 디모데전서/디모데전서 02장.md,http://www.holybible.or.kr/B_GAE/cgi/bibleftxt.php?VR=GAE&VL=54&CN=2&CV=99,15,d8f06dba2410ecf6dd2392ca496e6734bd4bba17c11dcda990cab8207d8f8527,5e7b72f4c264f54dc64cd34d4f912ce0448f5223a243af01e4149f683c4524a8,2026-08-17T12:51:26+00:00,ok
10 신앙·성경/성경/개역개정 신약성경/20 바울서신/10 디모데전서/디모데전서 03장.md,http://www.holybible.or.kr/B_GAE/cgi/bibleftxt.php?VR=GAE&VL=54&CN=3&CV=99,16,1b0ff856eac44197cba6dccd6ee29b7da2636a28a72ab3a9a8f889f93b4eb002,b4d78434b5166d7641cb3afc118b5b2eba690afbfa95711f8d8d94e0597dd9de,2026-08-17T12:51:26+00:00,ok
10 신앙·성경/성경/개역개정 신약성경/20 바울서신/10 디모데전서/디모데전서 04장.md,http://www.holybible.or.kr/B_GAE/cgi/bibleftxt.php?VR=GAE&VL=54&CN=4&CV=99,16,d9d7ba8b90e7786e26a578f26e9eb4bf190d1376bc6ebbd7c4d2aa825715f308,41881d6a4737c2a6fe12ceec0a15bfb09581d5987c85f12b8a87959791fa31bb,2026-08-17T12:51:26+00:00,ok
10 신앙·성경/성경/개역개정 신약성경/20 바울서신/10 디모데전서/디모데전서 05장.md,http://www.holybible.or.kr/B_GAE/cgi/bibleftxt.php?VR=GAE&VL=54&CN=5&CV=99,25,c76a3c8763527fc335340d2545852018c3ea53aed8a5120338ce1e29d0bc8f3b,8c562a851b560c6b3bb6588f84c031ab2a81216ff5dff178d9a17a6b17d1302d,2026-08-17T12:51:26+00:00,ok
10 신앙·성경/성경/개역개정 신약성경/20 바울서신/10 디모데전서/디모데전서 06장.md,http://www.holybible.or.kr/B_GAE/cgi/bibleftxt.php?VR=GAE&VL=54&CN=6&CV=99,21,2fe2a07c7f876505f4c0730ce200d395435a5c9eddb4d400aa736b232a06bf1d,61c5c24fa0144b1104f27813b765602b7097be6587c091bfc2d77c37f5b86716,2026-08-17T12:51:26+00:00,ok
10 신앙·성경/성경/개역개정 신약성경/20 바울서신/11 디모데후서/디모데후서 01장.md,http://www.holybible.or.kr/B_GAE/cgi/bibleftxt.php?VR=GAE&VL=55&CN=1&CV=99,18,82f72c23c0935fd09d18ff7ebb7c6717a28057d826934967f5b9c9a241bbb800,6cd0bead5a158f77e1c0d61248cdec9a5fc392ca64c8ccd2e04273eafdfef82b,2026-08-17T12:51:26+00:00,ok
10 신앙·성경/성경/개역개정 신약성경/20 바울서신/11 디모데후서/디모데후서 02장.md,http://www.holybible.or.kr/B_GAE/cgi/bibleftxt.php?VR=GAE&VL=55&CN=2&CV=99,26,e2722aa6c8d33ae460dfbb146d002481f33718d86826cf607e2b2c6f69ee8031,7a57b93765633ebf50732f388e2a5b7696f63001143c70ff34d86bf2f91dd297,2026-08-17T12:51:26+00:00,ok
10 신앙·성경/성경/개역개정 신약성경/20 바울서신/11 디모데후서/디모데후서 03장.md,http://www.holybible.or.kr/B_GAE/cgi/bibleftxt.php?VR=GAE&VL=55&CN=3&CV=99,17,4865e5272e55b744091344fa80d80d3e1754a180eafad11713a675f59bc615dd,b93de2a7368194788a0dc6791e7ec14b237945299c8acac33d615c2577d21238,2026-08-17T12:51:26+00:00,ok
10 신앙·성경/성경/개역개정 신약성경/20 바울서신/11 디모데후서/디모데후서 04장.md,http://www.holybible.or.kr/B_GAE/cgi/bibleftxt.php?VR=GAE&VL=55&CN=4&CV=99,22,0281972f7a843f14cc5c9ed9529cbada401d00a1733bb5796608b3c6164f369c,1d637bea6fe9ddd3a5916a6060b29b861948b3ec382c2e10ac000e312b3f8ff2,2026-08-17T12:51:26+00:00,ok
10 신앙·성경/성경/개역개정 신약성경/20 바울서신/12 디도서/디도서 01장.md,http://www.holybible.or.kr/B_GAE/cgi/bibleftxt.php?VR=GAE&VL=56&CN=1&CV=99,16,638b7f295cc89e12dc45471d8d11cf3d801470baab71caf97cfb21aaf1fad54f,33d6242a463899524c71b8cae4a0113028f112fcec07638967e9e102da22f360,2026-08-17T12:51:26+00:00,ok
10 신앙·성경/성경/개역개정 신약성경/20 바울서신/12 디도서/디도서 02장.md,http://www.holybible.or.kr/B_GAE/cgi/bibleftxt.php?VR=GAE&VL=56&CN=2&CV=99,15,2752347f18b593dc0c62a1be377a3d93e30d041e2ea9e04e799a4c8d68c94505,ce4c7bd837b407f820c521ab42df26e06a68f8971942b22ec2a41b11c74bf9fd,2026-08-17T12:51:26+00:00,ok
10 신앙·성경/성경/개역개정 신약성경/20 바울서신/12 디도서/디도서 03장.md,http://www.holybible.or.kr/B_GAE/cgi/bibleftxt.php?VR=GAE&VL=56&CN=3&CV=99,15,cd5f37cb27c2b501df023e52be599874c8ef40446d394d047029c19a625b7bcd,e6c7e62e1b10e1e0e48f58a0e2c6539c9bd7f0b92d3d2e02035ab0c626abe9c7,2026-08-17T12:51:26+00:00,ok
10 신앙·성경/성경/개역개정 신약성경/20 바울서신/13 빌레몬서/빌레몬서 01장.md,http://www.holybible.or.kr/B_GAE/cgi/bibleftxt.php?VR=GAE&VL=57&CN=1&CV=99,25,64f87d274ae96a3a49bfc244735aad5309a660e28c8d5707b25c45ac27d51897,8810c561729466b4cbed899c8e6ae8fe4ada6d5e42fc80bb6c07330f110e9988,2026-08-17T12:51:26+00:00,ok
10 신앙·성경/성경/개역개정 신약성경/30 공동서신/01 히브리서/히브리서 01장.md,http://www.holybible.or.kr/B_GAE/cgi/bibleftxt.php?VR=GAE&VL=58&CN=1&CV=99,14,50318ae5487d738a412448663fa9c4642f6c8ab06e5743d30499e5abc011b491,197a325ebed5f5bc6f6420e3b998ceae10a16570fb80c59833c325117d5b9908,2026-08-17T12:51:26+00:00,ok
10 신앙·성경/성경/개역개정 신약성경/30 공동서신/01 히브리서/히브리서 02장.md,http://www.holybible.or.kr/B_GAE/cgi/bibleftxt.php?VR=GAE&VL=58&CN=2&CV=99,18,833ae874690f81401d094c6665bdb87894e0c77a3d2b3fd5ceab59ea26d35f3d,43b2263f79dfe87acbcb8ba91b30c949216f1ba91e5c880c374683fdf8221be8,2026-08-17T12:51:26+00:00,ok
10 신앙·성경/성경/개역개정 신약성경/30 공동서신/01 히브리서/히브리서 03장.md,http://www.holybible.or.kr/B_GAE/cgi/bibleftxt.php?VR=GAE&VL=58&CN=3&CV=99,19,423cde9c83ec89e1e80460717513149946a6814013ef1b429751172040a3a799,35ba0e4b136f29f2544dc40f31d0f4b7c46376b8e391ace05f21c5b88924ae43,2026-08-17T12:51:26+00:00,ok
10 신앙·성경/성경/개역개정 신약성경/30 공동서신/01 히브리서/히브리서 04장.md,http://www.holybible.or.kr/B_GAE/cgi/bibleftxt.php?VR=GAE&VL=58&CN=4&CV=99,16,45850ac74190d7a7b16843eb90ae068b80ff27388f64bf91f2509425285125fe,8ef9835d808c74cbaf393f186291770c26a01d7594c49c07d9502c8644ab8e66,2026-08-17T12:51:26+00:00,ok
10 신앙·성경/성경/개역개정 신약성경/30 공동서신/01 히브리서/히브리서 05장.md,http://www.holybible.or.kr/B_GAE/cgi/bibleftxt.php?VR=GAE&VL=58&CN=5&CV=99,14,2b02d72e00d90e70f574fceb5cdb9e40f9818d41013a9664d40809dd3410c0b8,dfed0c68d05f8f47b9205af026579c1063832a2c70efd45fee3954d0800887b1,2026-08-17T12:51:26+00:00,ok
10 신앙·성경/성경/개역개정 신약성경/30 공동서신/01 히브리서/히브리서 06장.md,http://www.holybible.or.kr/B_GAE/cgi/bibleftxt.php?VR=GAE&VL=58&CN=6&CV=99,20,ffd558884a2429b5e874cabe67720f19fa8c17f80ac71bd5b4eaa39367177349,57beb0cbc1504d6de0db3c47e0d6b095060cace976fff3aee7714dff63c12ab3,2026-08-17T12:51:26+00:00,ok
10 신앙·성경/성경/개역개정 신약성경/30 공동서신/01 히브리서/히브리서 07장.md,http://www.holybible.or.kr/B_GAE/cgi/bibleftxt.php?VR=GAE&VL=58&CN=7&CV=99,28,b657318fecba1755102ac3243459513cba3c54ae02d5863d71b427c646bce234,14e6549caee186432a0ae8e20555f9d1170d1d091c0306c240572df7a28678f9,2026-08-17T12:51:26+00:00,ok
10 신앙·성경/성경/개역개정 신약성경/30 공동서신/01 히브리서/히브리서 08장.md,http://www.holybible.or.kr/B_GAE/cgi/bibleftxt.php?VR=GAE&VL=58&CN=8&CV=99,13,8acbf0bae228a839e29e9183ef9383ca29f8376d46d5ce01bc0f5e3571aeb9d2,5e5e9ea53ee10dec01addd1b6b58f508c44c0656953e76458b817076094b630c,2026-08-17T12:51:26+00:00,ok
10 신앙·성경/성경/개역개정 신약성경/30 공동서신/01 히브리서/히브리서 09장.md,http://www.holybible.or.kr/B_GAE/cgi/bibleftxt.php?VR=GAE&VL=58&CN=9&CV=99,28,b7dea8423aba0eee9c7a244ee4d8746a1576906f81a50d61ae9ed99d04dac3f0,3691d7a408c6c6d8116d25e243ef7e952e1f3398c2603199c610df5cd744e168,2026-08-17T12:51:26+00:00,ok
10 신앙·성경/성경/개역개정 신약성경/30 공동서신/01 히브리서/히브리서 10장.md,http://www.holybible.or.kr/B_GAE/cgi/bibleftxt.php?VR=GAE&VL=58&CN=10&CV=99,39,d60c67958be507ac1527789195a97a8fef71a9e1b4d3d0df689b6654b369f705,414fd4e28d37e178558b89eb3f6d1e49f87e3dc9e7b8ad37766f05b618feaed7,2026-08-17T12:51:26+00:00,ok
10 신앙·성경/성경/개역개정 신약성경/30 공동서신/01 히브리서/히브리서 11장.md,http://www.holybible.or.kr/B_GAE/cgi/bibleftxt.php?VR=GAE&VL=58&CN=11&CV=99,40,8b4cb83c897da445aad9a24f2c08ef174d13aa940608f1a9c0598db4c2651a42,6031622e36d7a2c5c7c3703579572f83569f76edc2f987f07bb4ca3a7172a2e5,2026-08-17T12:51:26+00:00,ok
10 신앙·성경/성경/개역개정 신약성경/30 공동서신/01 히브리서/히브리서 12장.md,http://www.holybible.or.kr/B_GAE/cgi/bibleftxt.php?VR=GAE&VL=58&CN=12&CV=99,29,c019852ba12cf3c2346a96855541eeaa962abc0665f9c232f7b0a910bc27b44a,4ae239241b53d14946546df7f1f82f4d2621215452667b9b4721a33e52a327f8,2026-08-17T12:51:26+00:00,ok
10 신앙·성경/성경/개역개정 신약성경/30 공동서신/01 히브리서/히브리서 13장.md,http://www.holybible.or.kr/B_GAE/cgi/bibleftxt.php?VR=GAE&VL=58&CN=13&CV=99,25,b92167ce4f426c688b7d31748a1a7ce4dbe02e30829b718e4513d93a40ebe142,8629046cccb72aade612bbd6f458b374e284352705d4ea64b0ee5946375207d3,2026-08-17T12:51:26+00:00,ok
10 신앙·성경/성경/개역개정 신약성경/30 공동서신/02 야고보서/야고보서 01장.md,http://www.holybible.or.kr/B_GAE/cgi/bibleftxt.php?VR=GAE&VL=59&CN=1&CV=99,27,bcbe51e83443f0041d8ba9aa1cc6b2f4aa69d673d31c2bab3fb98e98f670b369,5664ebda1b559f9659532841b5afd861396520b2dc1b405d7754251c232dc6b9,2026-08-17T12:51:26+00:00,ok
10 신앙·성경/성경/개역개정 신약성경/30 공동서신/02 야고보서/야고보서 02장.md,http://www.holybible.or.kr/B_GAE/cgi/bibleftxt.php?VR=GAE&VL=59&CN=2&CV=99,26,b156673c212704bb5f1d1d71016c5c2beb351da19463291167777441cf420ae0,303e1dec44f4059729b5ad8fdb52b47e8252a7c3aacc09ae160e85b029fea7cf,2026-08-17T12:51:26+00:00,ok
10 신앙·성경/성경/개역개정 신약성경/30 공동서신/02 야고보서/야고보서 03장.md,http://www.holybible.or.kr/B_GAE/cgi/bibleftxt.php?VR=GAE&VL=59&CN=3&CV=99,18,da8e871ad417b157ee4c53dbe1409101d50133c841f028fe60cde3b9b8031f30,12679b44fe5dd7a93fdb6ecfcf19b8aae1761db6f2ac5703b56bfff7ac61e29c,2026-08-17T12:51:26+00:00,ok
10 신앙·성경/성경/개역개정 신약성경/30 공동서신/02 야고보서/야고보서 04장.md,http://www.holybible.or.kr/B_GAE/cgi/bibleftxt.php?VR=GAE&VL=59&CN=4&CV=99,17,243ab6051859b76a95e6058654edb2932648980c649fe5c48068d49c5be96256,859955bfca35b312562f795248b88bdf3ba4fed272172492347506c9bbdb4373,2026-08-17T12:51:26+00:00,ok
10 신앙·성경/성경/개역개정 신약성경/30 공동서신/02 야고보서/야고보서 05장.md,http://www.holybible.or.kr/B_GAE/cgi/bibleftxt.php?VR=GAE&VL=59&CN=5&CV=99,20,31fc83557bb64826ce8d162e72bb2ea390df1e344401ead9dd63e8ccf3a9bac6,aadb357351fd60120941dd3d4965463d680d48c967a7c9a7509569af2679154b,2026-08-17T12:51:26+00:00,ok
10 신앙·성경/성경/개역개정 신약성경/30 공동서신/03 베드로전서/베드로전서 01장.md,http://www.holybible.or.kr/B_GAE/cgi/bibleftxt.php?VR=GAE&VL=60&CN=1&CV=99,25,e994da58c88a267aa644a968da554633fdb6b249e9aa55c4147bdb9f48b89ef1,2a4c5b9f6b403b11acfed6ee2dbcdf8103cec0b37ee68187af654bf435ae13e5,2026-08-17T12:51:26+00:00,ok
10 신앙·성경/성경/개역개정 신약성경/30 공동서신/03 베드로전서/베드로전서 02장.md,http://www.holybible.or.kr/B_GAE/cgi/bibleftxt.php?VR=GAE&VL=60&CN=2&CV=99,25,0beea3d71eb289be8612094d793428361a4ef6e5727a01bedde94f8ffef01be0,8ace59272ea6491a224274572cad5ebe06399f5ffb08c754e13d57ca81e4c661,2026-08-17T12:51:26+00:00,ok
10 신앙·성경/성경/개역개정 신약성경/30 공동서신/03 베드로전서/베드로전서 03장.md,http://www.holybible.or.kr/B_GAE/cgi/bibleftxt.php?VR=GAE&VL=60&CN=3&CV=99,22,a5f3783857a3eab31c7143bca228ab377b677d4771c4d23b8ca70c57c013803d,6b197b64f3ea0fdfda55db3aac78b4db225e8d5b8dd29f71a3fa3688f271cc81,2026-08-17T12:51:26+00:00,ok
10 신앙·성경/성경/개역개정 신약성경/30 공동서신/03 베드로전서/베드로전서 04장.md,http://www.holybible.or.kr/B_GAE/cgi/bibleftxt.php?VR=GAE&VL=60&CN=4&CV=99,19,137cf3d2fb90b49ee0ce79bec60116be25ff18bdc1600f7c5ecd49b23d4c19b3,a8d8f8aa07f727e477cfc9e3444c421ec998c96a9e16a4af82d72b41630a03b7,2026-08-17T12:51:26+00:00,ok
10 신앙·성경/성경/개역개정 신약성경/30 공동서신/03 베드로전서/베드로전서 05장.md,http://www.holybible.or.kr/B_GAE/cgi/bibleftxt.php?VR=GAE&VL=60&CN=5&CV=99,14,acfd2c2f331a8df3cb897435ec23f595f8bc3ee457e9536692254446c11ece65,d68c6a59f90421a7187306af8735e8b549f4ed1702cb08639dfb2465bea3092e,2026-08-17T12:51:26+00:00,ok
10 신앙·성경/성경/개역개정 신약성경/30 공동서신/04 베드로후서/베드로후서 01장.md,http://www.holybible.or.kr/B_GAE/cgi/bibleftxt.php?VR=GAE&VL=61&CN=1&CV=99,21,f9b39d046a45ffa1f98eab4bbd83b948b0c35748219ea0d525920a51c6f2eed8,914f4bcc818d85abbe1b70cee34a4c2fa6ba9a6c6c009d546e060818d7a35659,2026-08-17T12:51:26+00:00,ok
10 신앙·성경/성경/개역개정 신약성경/30 공동서신/04 베드로후서/베드로후서 02장.md,http://www.holybible.or.kr/B_GAE/cgi/bibleftxt.php?VR=GAE&VL=61&CN=2&CV=99,22,3ff0e775fe085e3ee83ecac7cce357ca86dd88b9e8be4f48fbf1234a08ea9143,d6a047999f811d73e6ea9aae0b8f25579fd7067eb0c856c4b3babe67aa7e7d34,2026-08-17T12:51:26+00:00,ok
10 신앙·성경/성경/개역개정 신약성경/30 공동서신/04 베드로후서/베드로후서 03장.md,http://www.holybible.or.kr/B_GAE/cgi/bibleftxt.php?VR=GAE&VL=61&CN=3&CV=99,18,3e0a45dd8bdc909acde61c4ba114fcb792899c8eb9d823c36ce618fce7315aa0,fa77b078654a27302f5e52efa0c638732d703385cbf4573b73cb142a80d64288,2026-08-17T12:51:26+00:00,ok
10 신앙·성경/성경/개역개정 신약성경/30 공동서신/05 요한일서/요한일서 01장.md,http://www.holybible.or.kr/B_GAE/cgi/bibleftxt.php?VR=GAE&VL=62&CN=1&CV=99,10,354e775d35545e6cfc702e8c856aaaeff30a34b79fd6830403568e4aeb4ddbc4,8aae310423ec050a199ba0e50bbd0267ac02eaa96f7c61812a765773736f636b,2026-08-17T12:51:26+00:00,ok
10 신앙·성경/성경/개역개정 신약성경/30 공동서신/05 요한일서/요한일서 02장.md,http://www.holybible.or.kr/B_GAE/cgi/bibleftxt.php?VR=GAE&VL=62&CN=2&CV=99,29,08af1235064e11f05a5dc1716dcf71cbf7dc577287b35fe9d4b19e8a2b1d0f17,6a45e94d8a8f9333ce0ac4e1b5f25b4a31204ec456f5c684b82a0c6461579c48,2026-08-17T12:51:26+00:00,ok
10 신앙·성경/성경/개역개정 신약성경/30 공동서신/05 요한일서/요한일서 03장.md,http://www.holybible.or.kr/B_GAE/cgi/bibleftxt.php?VR=GAE&VL=62&CN=3&CV=99,24,a0eb708fbc66502b0ab42bc293170a562687b8e273151ddf4c5114b0975e2143,2a46088a85a8361a5742bfbb03b93d51504364e50cd7d505f10cd0a2d967c99b,2026-08-17T12:51:26+00:00,ok
10 신앙·성경/성경/개역개정 신약성경/30 공동서신/05 요한일서/요한일서 04장.md,http://www.holybible.or.kr/B_GAE/cgi/bibleftxt.php?VR=GAE&VL=62&CN=4&CV=99,21,836921d0ddfd038217546ca42d0274f9de5464fe7575ec0d7421b40fa4f24916,3e29d6dd068a22c24b1c90803340c3ece45b89689ab57fd8061890c021197c62,2026-08-17T12:51:26+00:00,ok
10 신앙·성경/성경/개역개정 신약성경/30 공동서신/05 요한일서/요한일서 05장.md,http://www.holybible.or.kr/B_GAE/cgi/bibleftxt.php?VR=GAE&VL=62&CN=5&CV=99,21,838f5bf416b5f24b94ff56753cd130e02a1dd7f89ce4174875f9e04c9ae7222b,6a3bb5ba8993caa9eb2f428cb4f99b4fa0d56fd53ec48874d8deb458ffdd9cfa,2026-08-17T12:51:26+00:00,ok
10 신앙·성경/성경/개역개정 신약성경/30 공동서신/06 요한이서/요한이서 01장.md,http://www.holybible.or.kr/B_GAE/cgi/bibleftxt.php?VR=GAE&VL=63&CN=1&CV=99,13,cb6ade4e3faf3cf0ae7e3dcd4f156435bbaef2b3427206a5da727445c27e856c,a1a4fe1e5bcdb037c9164de59e9f11dfdc75a20e6417cc4cd2966fd0439c4d17,2026-08-17T12:51:26+00:00,ok
10 신앙·성경/성경/개역개정 신약성경/30 공동서신/07 요한삼서/요한삼서 01장.md,http://www.holybible.or.kr/B_GAE/cgi/bibleftxt.php?VR=GAE&VL=64&CN=1&CV=99,15,f37f534c131b545aa9dd82427b8ad87b470f3821bd1350e854ab880a453d16da,f745275b666985a6774da901f55d69bfb9596ded9fd2cb4738e8a84638a453e3,2026-08-17T12:51:26+00:00,ok
10 신앙·성경/성경/개역개정 신약성경/30 공동서신/08 유다서/유다서 01장.md,http://www.holybible.or.kr/B_GAE/cgi/bibleftxt.php?VR=GAE&VL=65&CN=1&CV=99,25,1304561ae714b00ceb391924e4cf99a9c4b8b58de269de3d58a1962a87d3c6c8,4ca77cdb30769a71da245fe35a6405b4d863b1698f27f611441603048a3ea842,2026-08-17T12:51:26+00:00,ok
10 신앙·성경/성경/개역개정 신약성경/40 예언서/01 요한계시록/요한계시록 01장.md,http://www.holybible.or.kr/B_GAE/cgi/bibleftxt.php?VR=GAE&VL=66&CN=1&CV=99,20,a63aba6a135ea5aa1e3b373fe29f2f0082fb86794dd86cf604c40884a519fb56,b09e5dd763548c85ce0932f48d3292d0b8c8d2d3fefa327a0228afc8d44c2df0,2026-08-17T12:51:26+00:00,ok
10 신앙·성경/성경/개역개정 신약성경/40 예언서/01 요한계시록/요한계시록 02장.md,http://www.holybible.or.kr/B_GAE/cgi/bibleftxt.php?VR=GAE&VL=66&CN=2&CV=99,29,3a613af914eebdaaee95382b2385261301ba99bfd1c2de790839162ed7ad547b,e68f1b1598dfcbbac4f685532af7b4b88eac8c75d40defa9f0b55da993934ce6,2026-08-17T12:51:26+00:00,ok
10 신앙·성경/성경/개역개정 신약성경/40 예언서/01 요한계시록/요한계시록 03장.md,http://www.holybible.or.kr/B_GAE/cgi/bibleftxt.php?VR=GAE&VL=66&CN=3&CV=99,22,73c3069fa88b8d94a38e000dd27b956921f49de218ee5357adca16c1dfb35059,d40fbfcc1b562b5ca1b65ff71ab891385ec468c77cec6ca02821bec3ed6e1e6d,2026-08-17T12:51:26+00:00,ok
10 신앙·성경/성경/개역개정 신약성경/40 예언서/01 요한계시록/요한계시록 04장.md,http://www.holybible.or.kr/B_GAE/cgi/bibleftxt.php?VR=GAE&VL=66&CN=4&CV=99,11,9a239ad1195979ac110569954758a80ab06c66dd4eb9bd94ae261002fc162ad6,fe853b9d7e3a31c4cdffb1769edcda732cc2e3eb4f891ce24d9084844ed74f14,2026-08-17T12:51:26+00:00,ok
10 신앙·성경/성경/개역개정 신약성경/40 예언서/01 요한계시록/요한계시록 05장.md,http://www.holybible.or.kr/B_GAE/cgi/bibleftxt.php?VR=GAE&VL=66&CN=5&CV=99,14,b05a73240b342b222a1aaafc87e5458a92c67b7a802c565c73828384b36e0529,2a1eab95dbaa45192fe90b26ac944b8070dd4d3c95cc2f925f16bec2e86c79db,2026-08-17T12:51:26+00:00,ok
10 신앙·성경/성경/개역개정 신약성경/40 예언서/01 요한계시록/요한계시록 06장.md,http://www.holybible.or.kr/B_GAE/cgi/bibleftxt.php?VR=GAE&VL=66&CN=6&CV=99,17,30a953cb09ed9e4214970fe3403a8687364f33f57810fd511392ada616e95a0a,0af73d3ffaf0ebc3eb38ab9103d42fd699d733c9b9fe771984d634c81cb74764,2026-08-17T12:51:26+00:00,ok
10 신앙·성경/성경/개역개정 신약성경/40 예언서/01 요한계시록/요한계시록 07장.md,http://www.holybible.or.kr/B_GAE/cgi/bibleftxt.php?VR=GAE&VL=66&CN=7&CV=99,17,742aba90934d7d4434c755c7511d332b6799f284a1c10de6c42a14c5bf751e04,84108a1db63cc7f2f9907017397bc9f39726e3ee979f1bd751c84822cd1e2fa9,2026-08-17T12:51:26+00:00,ok
10 신앙·성경/성경/개역개정 신약성경/40 예언서/01 요한계시록/요한계시록 08장.md,http://www.holybible.or.kr/B_GAE/cgi/bibleftxt.php?VR=GAE&VL=66&CN=8&CV=99,13,fccc450a44eed637517e550f688b397d57209d250c4d9b6e6d60b472327d051c,2112e4e43efa4489d6d9b11783388fca4a12697e3ee2ae592a552dfa6a2a4c15,2026-08-17T12:51:26+00:00,ok
10 신앙·성경/성경/개역개정 신약성경/40 예언서/01 요한계시록/요한계시록 09장.md,http://www.holybible.or.kr/B_GAE/cgi/bibleftxt.php?VR=GAE&VL=66&CN=9&CV=99,21,b035fde50796e6cc8ce1c61ad0ea1c1e5d576758507379b6e53b914b16b7836d,21ea4b54ff41f4875f533fef8f2f9a250081ba31440edcb8d3ca323fba5d2137,2026-08-17T12:51:26+00:00,ok
10 신앙·성경/성경/개역개정 신약성경/40 예언서/01 요한계시록/요한계시록 10장.md,http://www.holybible.or.kr/B_GAE/cgi/bibleftxt.php?VR=GAE&VL=66&CN=10&CV=99,11,31be993350ec189e2903b68ca42fafc27399474f7d44d740ae89225fa02e76dc,4344c6b36e9b2b53ecbe502dca45741f3716d20f8249afc2c0dac4cddd0a7eac,2026-08-17T12:51:26+00:00,ok
10 신앙·성경/성경/개역개정 신약성경/40 예언서/01 요한계시록/요한계시록 11장.md,http://www.holybible.or.kr/B_GAE/cgi/bibleftxt.php?VR=GAE&VL=66&CN=11&CV=99,19,cdb3bf9f60fd1789f6173742fb593c869b23bbeb8f3922ed6475abf9a087d09f,c6e633a3c90cf100f33c40d635ea4136b671ead6b4293fc1317e8e09b08ffb27,2026-08-17T12:51:26+00:00,ok
10 신앙·성경/성경/개역개정 신약성경/40 예언서/01 요한계시록/요한계시록 12장.md,http://www.holybible.or.kr/B_GAE/cgi/bibleftxt.php?VR=GAE&VL=66&CN=12&CV=99,17,9f66705b94f56d97c4b3cc62349040f754a0666027a3e465cc7c9f68326f00cb,ec25e3b5a4792c5f7cf306d21023c0a8054d83896359b8745822602410943a62,2026-08-17T12:51:26+00:00,ok
10 신앙·성경/성경/개역개정 신약성경/40 예언서/01 요한계시록/요한계시록 13장.md,http://www.holybible.or.kr/B_GAE/cgi/bibleftxt.php?VR=GAE&VL=66&CN=13&CV=99,18,6e8252a1aaf627b3b9d99548ec54033ae5efaf75e26266d5b3cf1f1e0afc6b44,0475603062ed8c665388200f5301af7cf917f6d06874a9d460fc93602dde3f2b,2026-08-17T12:51:26+00:00,ok
10 신앙·성경/성경/개역개정 신약성경/40 예언서/01 요한계시록/요한계시록 14장.md,http://www.holybible.or.kr/B_GAE/cgi/bibleftxt.php?VR=GAE&VL=66&CN=14&CV=99,20,0d95a2ef0241070954ed2feacd08bd1faa416554c549be62cd0c41587383bc71,52af279dca3c613e0c8fc17631dbe2be1ecbcc5fc37fbf7bc7267215d99b3787,2026-08-17T12:51:26+00:00,ok
10 신앙·성경/성경/개역개정 신약성경/40 예언서/01 요한계시록/요한계시록 15장.md,http://www.holybible.or.kr/B_GAE/cgi/bibleftxt.php?VR=GAE&VL=66&CN=15&CV=99,8,899df0f5761bd44a6f60eb57b67dccad4bc9f523a509974b425ea544e6a01b48,8292dad2ee9550def2e3607fdf0fbc66ba146f0a30d16bcbb8498924aced3f9a,2026-08-17T12:51:26+00:00,ok
10 신앙·성경/성경/개역개정 신약성경/40 예언서/01 요한계시록/요한계시록 16장.md,http://www.holybible.or.kr/B_GAE/cgi/bibleftxt.php?VR=GAE&VL=66&CN=16&CV=99,21,d5c60bec66894568df417ce5144766195146077cc2a1c7d52299baa98d4b657a,55e7a2314e6e404233bde4a5c1d428dae28ce4d4c9c990ca1be21d32311950e3,2026-08-17T12:51:26+00:00,ok
10 신앙·성경/성경/개역개정 신약성경/40 예언서/01 요한계시록/요한계시록 17장.md,http://www.holybible.or.kr/B_GAE/cgi/bibleftxt.php?VR=GAE&VL=66&CN=17&CV=99,18,28acc61d42340115acc86c0c123abe6cf9052daf15370bb8980ae05fb3a96c99,cc9626cf7978bb72629bc87c9aace5a3c3e14c25f21c217292dccf9af70296c7,2026-08-17T12:51:26+00:00,ok
10 신앙·성경/성경/개역개정 신약성경/40 예언서/01 요한계시록/요한계시록 18장.md,http://www.holybible.or.kr/B_GAE/cgi/bibleftxt.php?VR=GAE&VL=66&CN=18&CV=99,24,ef52970f5ad663f09c27d51aa56d8bf7d89c2c7dfc271c22953913788c922f48,eba40eddf3e72ead0c12abb4678077034a8cff94e66385f036691b01375e733f,2026-08-17T12:51:26+00:00,ok
10 신앙·성경/성경/개역개정 신약성경/40 예언서/01 요한계시록/요한계시록 19장.md,http://www.holybible.or.kr/B_GAE/cgi/bibleftxt.php?VR=GAE&VL=66&CN=19&CV=99,21,797ff3d6b1ecd536f72e0c0368dc5d53ec4476706854d68c10344da06568aa31,1c600c5dba0aa524b51103f5bfd830f280092c5cba3cf6b8bc759ec68c76c220,2026-08-17T12:51:26+00:00,ok
10 신앙·성경/성경/개역개정 신약성경/40 예언서/01 요한계시록/요한계시록 20장.md,http://www.holybible.or.kr/B_GAE/cgi/bibleftxt.php?VR=GAE&VL=66&CN=20&CV=99,15,7eeca2819dda175acf5eb8638cba5a6b5c4a6d7d2f05de4a98d5e736d2c17230,c47e7484990edbea70eaee58c548bc0ca3e52ca98af216446e8864e4de2ed602,2026-08-17T12:51:26+00:00,ok
10 신앙·성경/성경/개역개정 신약성경/40 예언서/01 요한계시록/요한계시록 21장.md,http://www.holybible.or.kr/B_GAE/cgi/bibleftxt.php?VR=GAE&VL=66&CN=21&CV=99,27,0d206db0b9912e0b524cc36242b1758df54f83022ad8cdedd2f26921aff28986,f07099936d3f27eaaa6ded79976b83849dd2035ede311a5b01a21e927f348d6c,2026-08-17T12:51:26+00:00,ok
10 신앙·성경/성경/개역개정 신약성경/40 예언서/01 요한계시록/요한계시록 22장.md,http://www.holybible.or.kr/B_GAE/cgi/bibleftxt.php?VR=GAE&VL=66&CN=22&CV=99,21,fbd6b945028f907e042dc73208575a695f069d1151e9f9b2b01834c67a28c68d,ea0fa190e20c3d97126bf7556102965a36da325a76c3bdf74b5561bf70a6fcdc,2026-08-17T12:51:26+00:00,ok
