log_no,url,title,published,status,error,body_hash,notes
60104707551,https://blog.naver.com/PostView.naver?blogId=agapeuni&logNo=60104707551&categoryNo=982,"모바일 UI 만들기 - 안녕, 제이쿼리 모바일 (jQuery Mobile)",2010. 4. 1. 23:34,full-text,,73f454ec38fe9fbd2d8df8402003e935d74a157928c13556b2d7e5ee299550b8,1
60104708605,https://blog.naver.com/PostView.naver?blogId=agapeuni&logNo=60104708605&categoryNo=982,웹 페이지 전환 - 페이지를 추가하고 페이지를 이동해 보자,2010. 4. 1. 23:53,full-text,,198f5c53164414518b9879dec8124a9b33ac1c04f3342056f5c91cf9c87a15f0,1
60104708823,https://blog.naver.com/PostView.naver?blogId=agapeuni&logNo=60104708823&categoryNo=982,페이지 전환효과 - jQuery Mobile 페이지 전환 예제,2010. 4. 1. 23:58,full-text,,17aa5cecd37543b94a7a5f2ce071a55f25d3b58e24699cc41da18bc8256693f5,1
60104709735,https://blog.naver.com/PostView.naver?blogId=agapeuni&logNo=60104709735&categoryNo=982,다이얼로그 화면 - 간단하게 다이얼로그 화면 만드는 법,2010. 4. 2. 0:17,full-text,,6c50a17b2c391b3759bf24d9966635f6d9ec880b11e1c8413a429a895893b10f,1
60104710052,https://blog.naver.com/PostView.naver?blogId=agapeuni&logNo=60104710052&categoryNo=982,버튼 구현 - 버튼을 만드는 3가지 방법,2010. 4. 2. 0:25,full-text,,5cf3c0ff23519c7a3a23ce98a2c6a8587d4cfa54f89bbc13c5ef6309b66511e3,1
60104710160,https://blog.naver.com/PostView.naver?blogId=agapeuni&logNo=60104710160&categoryNo=982,버튼 그룹  - 버튼 그룹으로 일관된 UI 구현,2010. 4. 2. 0:27,full-text,,e521cfa69f186e5f69e069b232043a5c36a7b5bf85e6d2a1e72d2ca6fff96d5b,1
60104710386,https://blog.naver.com/PostView.naver?blogId=agapeuni&logNo=60104710386&categoryNo=982,네비게이션바  - 상단과 하단에 네비게이션을 배치,2010. 4. 2. 0:32,full-text,,2666a5915a226b66ebcf8b598c7c1ca46141b99bfe8287950a5307aa21d96b0b,1
60104812576,https://blog.naver.com/PostView.naver?blogId=agapeuni&logNo=60104812576&categoryNo=982,리스트뷰 - 리스트뷰로 정보를 깔끔하게 정리,2010. 4. 3. 21:59,full-text,,65ab795779f9a128567006b292e50aa38c0eb6ae9250fd5e69611375efc099c0,1
60104898965,https://blog.naver.com/PostView.naver?blogId=agapeuni&logNo=60104898965&categoryNo=982,리스트뷰 확장 - 리스트 항목을 직관적으로 보여주기,2010. 4. 5. 11:37,full-text,,fc3bb4466546d3c0e594824099d9b206a88e355d172aa694e27b415a721e2e5c,1
60104906837,https://blog.naver.com/PostView.naver?blogId=agapeuni&logNo=60104906837&categoryNo=982,검색 리스트뷰 - 리스트뷰에 검색 기능을 추가하는 방법,2010. 4. 5. 14:20,full-text,,d379c950ecab77ed17ae6c9b4465c085262aad72ed824ebd500fa638d0f2de19,1
60104913114,https://blog.naver.com/PostView.naver?blogId=agapeuni&logNo=60104913114&categoryNo=982,사용자입력  - 다양한 입력 UI를 한 번에 구성하는 방법,2010. 4. 5. 16:15,full-text,,16b7c5970599381ff251f407fa7e2798ce2bf688c16ca11ec819e14036ae9586,1
60104913472,https://blog.naver.com/PostView.naver?blogId=agapeuni&logNo=60104913472&categoryNo=982,아코디언 - 여러 콘텐츠를 효율적으로 관리하는 UI,2010. 4. 5. 16:20,full-text,,a4a6b33ba52fe3a9c85bd03cf983cd6c0a3d89fa740905856f9b320543a4eeb2,1
60104913601,https://blog.naver.com/PostView.naver?blogId=agapeuni&logNo=60104913601&categoryNo=982,입력폼 설계 - 다양한 모바일 UI 컴포넌트를 표현,2010. 4. 5. 16:22,full-text,,526b9960b1baba33404c283e9b54fae2e0ea2b126e9ec55d1f31391fd9d85ddb,1
60104913737,https://blog.naver.com/PostView.naver?blogId=agapeuni&logNo=60104913737&categoryNo=982,다양한 선택항목 - 라디오 버튼부터 체크박스까지,2010. 4. 5. 16:24,full-text,,58709f713487b20871579ae27d01f81ce39246999fcc9ec87afdbd448004c030,1
60104913876,https://blog.naver.com/PostView.naver?blogId=agapeuni&logNo=60104913876&categoryNo=982,버튼과 리스트 - 버튼부터 리스트까지 컴포넌트 정리,2010. 4. 5. 16:26,full-text,,97fb20643141e7052012b2e6592d0d7cc529f086e76c3b70525fafd6dd4c61b1,1
60104914123,https://blog.naver.com/PostView.naver?blogId=agapeuni&logNo=60104914123&categoryNo=982,접기 펼치기 - 아코디언 메뉴를 쉽게 구현하기,2010. 4. 5. 16:29,full-text,,f9d6cb935185ab12a90d6d29847c5d433bc2d32150370d90a9651aae2ec345f6,1
60105144489,https://blog.naver.com/PostView.naver?blogId=agapeuni&logNo=60105144489&categoryNo=982,테이블 컬럼 - 팝업과 테이블을 활용한 실전 UI 예제,2010. 4. 9. 13:53,full-text,,adab4a9c3b3f55e50470409ee9960b8949f9d96f687eb8b4a405aba0913f593b,1
60105155691,https://blog.naver.com/PostView.naver?blogId=agapeuni&logNo=60105155691&categoryNo=982,패널 UI와 JSON - JSON 데이터 목록 출력 예제,2010. 4. 9. 17:19,full-text,,e377fb4eb78a3af21001c9718a0b2f9b30f7250459d5c20c1e9f72debbe28466,1
60179016124,https://blog.naver.com/PostView.naver?blogId=agapeuni&logNo=60179016124&categoryNo=982,TIOBE Index - TIOBE 프로그래밍 언어별 순위 (2009 ~ 2012년),2012. 12. 28. 4:36,full-text,,58faf2df4d470204ead0de2ffa3f6fd7302427770b08ac2341d635cf8bea7d3e,1
220013902457,https://blog.naver.com/PostView.naver?blogId=agapeuni&logNo=220013902457&categoryNo=982,프로그래밍 언어 인기 - GitHub와 StackOverflow 지표는 무엇을 말할까,2014. 5. 29. 1:34,full-text,,9607e39a2814232c369338dc4e8f18d9c891641fe91647b8bee4bd4811da6fbc,1
220046141434,https://blog.naver.com/PostView.naver?blogId=agapeuni&logNo=220046141434&categoryNo=982,라즈베리 파이 - 손바닥 위 작은 컴퓨터 (Model B),2014. 6. 30. 22:08,full-text,,1158f420567c7b6f89f00e4f8a35c85d059bef3c91eed8a10f24ed06eb301045,1
220052986004,https://blog.naver.com/PostView.naver?blogId=agapeuni&logNo=220052986004&categoryNo=982,라즈베리 파이 - 다양한 색깔의 PIBOW 케이스,2014. 7. 7. 17:24,full-text,,d2a0574a270e217c95e0961ab03372788009a2f2e92502bb3b556a2b0ddbe813,1
220053709151,https://blog.naver.com/PostView.naver?blogId=agapeuni&logNo=220053709151&categoryNo=982,라즈베리 파이 - 속이 훤히 보이는 투명 케이스,2014. 7. 8. 11:15,full-text,,eb294436e6d3f409b0bd5e207722765bac3612d65204daf0066f331e8bdffb9d,1
220053919079,https://blog.naver.com/PostView.naver?blogId=agapeuni&logNo=220053919079&categoryNo=982,라즈베리 파이 - microSD Adapter H (수평 어댑터),2014. 7. 8. 14:46,full-text,,d5f91f4453be3056cff48ea10a35c3add03db2ca3d589997dca4ba97ae2f79c9,1
220056338878,https://blog.naver.com/PostView.naver?blogId=agapeuni&logNo=220056338878&categoryNo=982,라즈베리 파이 - LED On/Off 실험,2014. 7. 10. 18:13,full-text,,0f47d9cd131ee1c7a1fa0051b6958fec94cc4963b4d1313557a1ea8b480d9bfb,1
220057903425,https://blog.naver.com/PostView.naver?blogId=agapeuni&logNo=220057903425&categoryNo=982,라즈베리 파이 - 3Color LED 실험,2014. 7. 12. 10:13,full-text,,117f016dae9f27975e9589a87558a1f8524b1d9cfba0cbdc845f28450ecffe69,1
220059849005,https://blog.naver.com/PostView.naver?blogId=agapeuni&logNo=220059849005&categoryNo=982,라즈베리 파이 - GPIO 확장모듈 만들기,2014. 7. 14. 14:26,full-text,,ccac2f9e145a05b08bb2545f7672a9a4acef74f9207f35a8d231590b27630389,1
220061532261,https://blog.naver.com/PostView.naver?blogId=agapeuni&logNo=220061532261&categoryNo=982,라즈베리 파이 - 파이 Model B+ 출시,2014. 7. 15. 23:48,full-text,,ac52a6d8509249ce366386a37581d7e8962cb17c478fb249645f6adfde34bfb7,1
220063945453,https://blog.naver.com/PostView.naver?blogId=agapeuni&logNo=220063945453&categoryNo=982,TIOBE Index - TIOBE 프로그래밍 언어별 순위 (2014년 7월 기준),2014. 7. 18. 10:11,full-text,,d4f3ca9f5837d75827a95503145ef2edf8784e575b34750d47633cd45be6accf,1
220067224112,https://blog.naver.com/PostView.naver?blogId=agapeuni&logNo=220067224112&categoryNo=982,라즈베리 파이 - RPi Control Center (Raspcontrol),2014. 7. 21. 18:34,full-text,,f8283aa4a6269a45565ca127ac4494ff3cbd353118407940a62723112afe0a2f,1
220068579278,https://blog.naver.com/PostView.naver?blogId=agapeuni&logNo=220068579278&categoryNo=982,라즈베리 파이 - 삼바 연결 (Samba),2014. 7. 22. 22:20,full-text,,bb20e3f7e7dcb3b68cfd74afa3881e0631d1ce02c3c22767a7ae4bdbee474e36,1
220072299260,https://blog.naver.com/PostView.naver?blogId=agapeuni&logNo=220072299260&categoryNo=982,"아두이노 우노 - 구입, 도착, 개봉, IDE 설치, 실행",2014. 7. 26. 11:17,full-text,,a12acb9360ef72189aec8bbdaf0b6519be057e58909ce90d2a146bb893eb2f66,1
220072443204,https://blog.naver.com/PostView.naver?blogId=agapeuni&logNo=220072443204&categoryNo=982,아두이노 우노 - 브레드보드와 함께 나무판에 고정,2014. 7. 26. 14:34,full-text,,13ce5611bbeca8c9858b66f344a661ce6b510966159c1d01d6213771b274b914,1
220073743732,https://blog.naver.com/PostView.naver?blogId=agapeuni&logNo=220073743732&categoryNo=982,"라즈베리 파이 - XRDP 설치, 원격 데스크톱 연결",2014. 7. 28. 1:06,full-text,,5a5b36ece7497bb8dfbb219b5e536bc52da89584d3268b3dd2e7b052a4f8f638,1
220073797793,https://blog.naver.com/PostView.naver?blogId=agapeuni&logNo=220073797793&categoryNo=982,아두이노 우노 - 5개 LED 연속 Blink 구현하기,2014. 7. 28. 3:23,full-text,,eaa4845db471389e3da6ea8d42108d34e14cf7def226276b8bfb73c59ef0577b,1
220074765982,https://blog.naver.com/PostView.naver?blogId=agapeuni&logNo=220074765982&categoryNo=982,라즈베리 파이 - EyeToy 카메라 연결하여 움직임 감지,2014. 7. 28. 23:31,full-text,,bd9c01e97d8048a78a99a46201c0f89c81c8e22a111a5a3b982399ae9b0e26a3,1
220075883314,https://blog.naver.com/PostView.naver?blogId=agapeuni&logNo=220075883314&categoryNo=982,아두이노 우노 - 구성요소 및 블록 다이어그램,2014. 7. 29. 23:19,full-text,,806da1d864907bd327456d6cb2f19529657cfcb65de27673d7ab5b478b7001bc,1
220081941132,https://blog.naver.com/PostView.naver?blogId=agapeuni&logNo=220081941132&categoryNo=982,아두이노 우노 - 버튼으로 LED를 On/Off,2014. 8. 5. 7:41,full-text,,0a63f1d770a77ba9b42c09dfe25a2abd9b3980fef968702d9643eb9b4fb4b79f,1
220083099562,https://blog.naver.com/PostView.naver?blogId=agapeuni&logNo=220083099562&categoryNo=982,아두이노 우노 - 신호등 with Button,2014. 8. 6. 8:28,full-text,,3e71aa8e366ba8fc45e2b7326449dc170875118337a258043b80bb2ad78e9f42,1
220085296643,https://blog.naver.com/PostView.naver?blogId=agapeuni&logNo=220085296643&categoryNo=982,아두이노 우노 - 온도센서로 온도를 측정 (LM35DZ),2014. 8. 8. 4:28,full-text,,d3eb3ca0e43482732e4f0d08bc8de70a4a330455e08da0ea562bfb6fdf031dfd,1
220085334045,https://blog.naver.com/PostView.naver?blogId=agapeuni&logNo=220085334045&categoryNo=982,아두이노 우노 - 8 BIT LED (74HC595),2014. 8. 8. 7:59,full-text,,489b4021afd774f70a01f534743b0f28feebac69cd46e634999600858c98966b,1
220089791838,https://blog.naver.com/PostView.naver?blogId=agapeuni&logNo=220089791838&categoryNo=982,아두이노 우노 - 포텐셔미터로 변환되는 신호등,2014. 8. 12. 17:24,full-text,,3719d18dd4a698882bc2472faa929a06eaa2a0455421154646ada320085ee1b2,1
220100290498,https://blog.naver.com/PostView.naver?blogId=agapeuni&logNo=220100290498&categoryNo=982,라즈베리 파이 - 모델B 스팩을 마인트맵으로 정리,2014. 8. 22. 16:24,full-text,,b322eb8b080512715f0764d2f1e7384157f7672a96d1117e3b56cb0fe4105b32,1
220103530542,https://blog.naver.com/PostView.naver?blogId=agapeuni&logNo=220103530542&categoryNo=982,아두이노 우노 - 하나 더 추가 장만,2014. 8. 25. 23:26,full-text,,cfa534cc2ba921365604b318f31722b3afbf77e5c89190a892b0ac60757079fb,1
220107717390,https://blog.naver.com/PostView.naver?blogId=agapeuni&logNo=220107717390&categoryNo=982,아두이노 우노 - LED Wave & Random,2014. 8. 29. 23:14,full-text,,65681e7aab569ff19c371da8c2f37737226df9b2b59b42622d1d90be0ffede0e,1
220107850166,https://blog.naver.com/PostView.naver?blogId=agapeuni&logNo=220107850166&categoryNo=982,아두이노 우노 - 7 세그먼트 LED로 간단한 실험,2014. 8. 30. 2:26,full-text,,f7fa4152d051b788a29d245ff1ee09e3a203510e3d5903f9b602d479fd9ea3a1,1
220109595564,https://blog.naver.com/PostView.naver?blogId=agapeuni&logNo=220109595564&categoryNo=982,아두이노 우노 - LED Bar로 10개의 LED를 표현,2014. 9. 1. 4:46,full-text,,c9cf44ef0db26870831225c29f8b918f236cf92dd4f9f9f294a0d9840d10fc9b,1
220110222183,https://blog.naver.com/PostView.naver?blogId=agapeuni&logNo=220110222183&categoryNo=982,아두이노 우노 - 숫자 키패드로 멜로디 연주,2014. 9. 1. 18:55,full-text,,a7c43dc42c5c6618f5686b804939aaac01c1586e50975b9edca5dd543e9e2d25,1
220110316116,https://blog.naver.com/PostView.naver?blogId=agapeuni&logNo=220110316116&categoryNo=982,아두이노 우노 - 적외선 수신기와 TV 리모콘 연동,2014. 9. 1. 20:38,full-text,,b26e739838b4c661828816af4c0b2d93f19ed56055fa33654140230e31617958,1
220112366955,https://blog.naver.com/PostView.naver?blogId=agapeuni&logNo=220112366955&categoryNo=982,아두이노 우노 - LED로 주사위 모양 표시하기,2014. 9. 3. 19:10,full-text,,db0469d4f2cea61d31f1d5bf66ab2b276b1d5d52db3f4f7947025b5308a806f3,1
220112435279,https://blog.naver.com/PostView.naver?blogId=agapeuni&logNo=220112435279&categoryNo=982,아두이노 우노 - 3 x 3 x 3 LED Cude (27개),2014. 9. 3. 20:28,full-text,,61bef5af25a5471e7505526ae8f6abb2c77847fbed06de5b0837a89bc9300728,1
220119153025,https://blog.naver.com/PostView.naver?blogId=agapeuni&logNo=220119153025&categoryNo=982,아두이노 우노 - 7 세그먼트 LED with 74HC595,2014. 9. 11. 21:29,full-text,,14f5604e5c3772c6e9c6554c30e7b9ab2be4db647caf9a49b3ed779fe65bc54b,1
220119722496,https://blog.naver.com/PostView.naver?blogId=agapeuni&logNo=220119722496&categoryNo=982,아두이노 우노 - 환하게 빛나는 Luxeon LED #1,2014. 9. 12. 13:30,full-text,,5a68836af9c1884c2de166cf92ad9691ae8b7245d0691df1c57673d51d390d57,1
220119950036,https://blog.naver.com/PostView.naver?blogId=agapeuni&logNo=220119950036&categoryNo=982,아두이노 우노 - 환하게 빛나는 Luxeon LED #2,2014. 9. 12. 17:07,full-text,,64838c121380c3a4900e4d3026d2a3efb1a8b2e9c528bf45af3cb8b699835977,1
220123319276,https://blog.naver.com/PostView.naver?blogId=agapeuni&logNo=220123319276&categoryNo=982,아두이노 우노 - 16 x 2 라인 캐릭터 LCD #1,2014. 9. 16. 9:24,full-text,,bbcc470c7ffadc8a65c978c8164bf05b15d5de553d02ae2b9d5ebb78fc5ab584,1
220152582871,https://blog.naver.com/PostView.naver?blogId=agapeuni&logNo=220152582871&categoryNo=982,컴퓨터 언어 - 프로그래밍 언어를 무기로 표현하면?,2014. 10. 16. 16:22,full-text,,6c1fa6efa8f3a1bb00a64e20f7b56fbdff95900449f80599bac6095a50d5c483,1
220195844338,https://blog.naver.com/PostView.naver?blogId=agapeuni&logNo=220195844338&categoryNo=982,라즈베리 파이 - 명령어로 시스템정보 확인,2014. 11. 29. 23:22,full-text,,fa89d775e6903ae01ee171decb100924d72d82d8ecb167c3c979b8f7fe8c21ca,1
220196784222,https://blog.naver.com/PostView.naver?blogId=agapeuni&logNo=220196784222&categoryNo=982,"라즈베리 파이 - SSMTP와 mutt 설치, 메일전송",2014. 12. 1. 1:26,full-text,,5b418d4efd1d40f9fd52cded12d442980dbf36878f60232a88b558f059c3ef2d,1
220198811728,https://blog.naver.com/PostView.naver?blogId=agapeuni&logNo=220198811728&categoryNo=982,라즈베리 파이 - 아두이노 우노를 연동,2014. 12. 2. 23:47,full-text,,46622467612e11d43e6c196cedd612ed21c9e98bfa5b358de0b0e72eeb4b247d,1
220265848954,https://blog.naver.com/PostView.naver?blogId=agapeuni&logNo=220265848954&categoryNo=982,라즈베리 파이 - 서보모터 실험 (Servo Motor),2015. 2. 7. 16:42,full-text,,db22515f98757be9090fceb52e332450c968e6b960155a03d50b5a6bf34e9334,1
220266351477,https://blog.naver.com/PostView.naver?blogId=agapeuni&logNo=220266351477&categoryNo=982,"라즈베리 파이 - 파이 2 출시, 윈도우10 실행 (호환버전)",2015. 2. 8. 4:54,full-text,,8e396d3ff5ca8a92a17352c0b61735ec4c07098291ee4d570eff6348c09c9096,1
220267942374,https://blog.naver.com/PostView.naver?blogId=agapeuni&logNo=220267942374&categoryNo=982,라즈베리 파이 - PWM 실험 (Pulse Width Module),2015. 2. 9. 18:58,full-text,,049d9ffd6a9e5977afd7d8cb278eac547a04ac2c1e985cb67a11e383206f10ab,1
220274455578,https://blog.naver.com/PostView.naver?blogId=agapeuni&logNo=220274455578&categoryNo=982,라즈베리 파이 - PWM 실험 : LED 점멸과 부저로 배우는 제어,2015. 2. 16. 1:30,full-text,,62eb957dbd9f14b7ff6862041e6d2753274e1064e01a0fe3e71f104aef485b5b,1
220275640761,https://blog.naver.com/PostView.naver?blogId=agapeuni&logNo=220275640761&categoryNo=982,라즈베리 파이 - 적외선 감지센서 : 움직임 감지 실험,2015. 2. 17. 1:37,full-text,,50c2ae56426299435b0a01aaba64d1fd9d60fc5e48ff9290245d0f8c9b811540,1
220280304906,https://blog.naver.com/PostView.naver?blogId=agapeuni&logNo=220280304906&categoryNo=982,아두이노 우노 - 푸시 버튼으로 LED 토글,2015. 2. 23. 3:22,full-text,,b7e6b898689c86c22ea5ff17db11ff9495d4c215afdd53840a05ae9ecb12387c,1
220282599919,https://blog.naver.com/PostView.naver?blogId=agapeuni&logNo=220282599919&categoryNo=982,아두이노 우노 - 서보모터 실험 (Servo Motor),2015. 2. 25. 2:47,full-text,,c2cd0c8f5e17423eb9cf0e576b1fee493914b79885ccdb075b27be4736657186,1
220295334053,https://blog.naver.com/PostView.naver?blogId=agapeuni&logNo=220295334053&categoryNo=982,PROBO 로봇만들기 - ATMEL ATMEGA8,2015. 3. 10. 1:14,full-text,,530f711434d779f24df349f2be7236320dbf82c307a0426825ae9df325a14505,1
220376113638,https://blog.naver.com/PostView.naver?blogId=agapeuni&logNo=220376113638&categoryNo=982,라즈베리 파이 - SimpleCV 설치 및 간단한 실험,2015. 6. 1. 8:31,full-text,,8e1af6653427535194955477338c510657f4dbad3b0ded1da416fb89c3c870c5,1
220381971661,https://blog.naver.com/PostView.naver?blogId=agapeuni&logNo=220381971661&categoryNo=982,"라즈베리 파이 - ADC(MCP3208) 온도, 빛센서 실험",2015. 6. 6. 19:31,full-text,,6e9856198deb050dd18dbcffadc70a92c66005474afe5a27a5b40e88a775b47e,1
220382225578,https://blog.naver.com/PostView.naver?blogId=agapeuni&logNo=220382225578&categoryNo=982,아두이노 우노 - WINSTORM LED 보드,2015. 6. 7. 0:43,full-text,,cb8d2d86e312cda6f108882620df7b303e88cdb8582241cb5c014e55c2bf1176,1
220383093862,https://blog.naver.com/PostView.naver?blogId=agapeuni&logNo=220383093862&categoryNo=982,아두이노 우노 - 3 X 4 소프트 키패드,2015. 6. 8. 0:48,full-text,,f3a333742da681a64e9166641a8f61f18ce02d561e1d296a543bd7e77d81dbb6,1
220385382523,https://blog.naver.com/PostView.naver?blogId=agapeuni&logNo=220385382523&categoryNo=982,아두이노 우노 - 3Color LED with 가변저항,2015. 6. 10. 8:20,full-text,,d5e31781bac6a76457b232434b2c326a2fd91f5cd7ea6ee88bd0071323b3b56a,1
220427369961,https://blog.naver.com/PostView.naver?blogId=agapeuni&logNo=220427369961&categoryNo=982,라즈베리 파이 - 라즈비안 설치 방법 (RASBIAN),2015. 7. 22. 1:05,full-text,,a0f0b9936666067714cab1ce220fac00fb67386059e125b27d0a61a5a0c5c6aa,1
220438161575,https://blog.naver.com/PostView.naver?blogId=agapeuni&logNo=220438161575&categoryNo=982,"라즈베리 파이 - 통신 프로토콜 : SPI, I2C, UART",2015. 8. 1. 17:27,full-text,,9361bdc773532674b90eb6b13c81a262eff5f9dfef699a3f41f07df6bc52ddda,1
220450706746,https://blog.naver.com/PostView.naver?blogId=agapeuni&logNo=220450706746&categoryNo=982,아두이노 우노 - 10 LED Bar와 조도센서,2015. 8. 14. 13:53,full-text,,2fdc7dbed962979863469693d44b940d253e6a1d1ed20329448f7d5779989312,1
220450825713,https://blog.naver.com/PostView.naver?blogId=agapeuni&logNo=220450825713&categoryNo=982,아두이노 우노 - 고휘도 LED로 숨쉬기 효과,2015. 8. 14. 15:55,full-text,,1383d83d39f5fd1a9ac74f9d7af8413e72a81b91d45bfb85ba18c39660be06da,1
220453762277,https://blog.naver.com/PostView.naver?blogId=agapeuni&logNo=220453762277&categoryNo=982,아두이노 우노 - 한적한 시골길 LED 신호등,2015. 8. 17. 22:00,full-text,,4777993ad662ec66ea1358b50f0c1c951dabf4264ea0bcc42e78b5d26874d059,1
220453885570,https://blog.naver.com/PostView.naver?blogId=agapeuni&logNo=220453885570&categoryNo=982,아두이노 우노 - 랜덤 LED 주사위 with 트릭,2015. 8. 17. 23:57,full-text,,7585e082f53d1fc71298572796691bd0f7293406f55b19b5c00f1ba96c210780,1
220458365956,https://blog.naver.com/PostView.naver?blogId=agapeuni&logNo=220458365956&categoryNo=982,아두이노 우노 - 적외선(IR) 장애물 감지센서,2015. 8. 22. 5:59,full-text,,be7d80ba2aa650a31f2dcf9699f3f1865e1104af10df1231d66d0958df7579d1,1
220458372638,https://blog.naver.com/PostView.naver?blogId=agapeuni&logNo=220458372638&categoryNo=982,아두이노 우노 - 초음파 거리센서 (SRF05),2015. 8. 22. 6:45,full-text,,919265e9be6ab569efb684e66fc810a1815cf11324b4d2c32c4c5689b96cd89d,1
220461053364,https://blog.naver.com/PostView.naver?blogId=agapeuni&logNo=220461053364&categoryNo=982,아두이노 우노 - 7세그먼트 LED 카운트다운,2015. 8. 25. 3:40,full-text,,ec07d97ec3b7b8624b5c1f7a47f499f316d80574bf3e0c8a989d0a34724fd7a8,1
220464270241,https://blog.naver.com/PostView.naver?blogId=agapeuni&logNo=220464270241&categoryNo=982,아두이노 우노 - 16 x 2 라인 캐릭터 LCD #2,2015. 8. 28. 1:50,full-text,,67690841c8623c984f632304a4979b86d0df9fd6de23da5174156d41ba2a85da,1
220571633778,https://blog.naver.com/PostView.naver?blogId=agapeuni&logNo=220571633778&categoryNo=982,라즈베리 파이 - 파이 2 언박싱과 아크릴 케이스 조립기,2015. 12. 18. 1:21,full-text,,9ef825cb067944f97b94e7df618c3131da6cd315f2241bb86516a1af88716099,1
220578876248,https://blog.naver.com/PostView.naver?blogId=agapeuni&logNo=220578876248&categoryNo=982,라즈베리 파이 - 6가지 다양한 LED 예제,2015. 12. 26. 2:29,full-text,,4e401787ac84e94e1bc1dfbf9fa4c2bb1caea715fac55a2f8825e629781eea6c,1
220587618939,https://blog.naver.com/PostView.naver?blogId=agapeuni&logNo=220587618939&categoryNo=982,PROBO 로봇만들기 - 검투사로봇 글라디,2016. 1. 4. 22:05,full-text,,cd420ce9c2b06287f77b31abe27e954e7642e879e68fd6d70e2594cfe3177779,1
220654953101,https://blog.naver.com/PostView.naver?blogId=agapeuni&logNo=220654953101&categoryNo=982,라즈베리 파이 - 라즈비안 설치 및 FTP 서버 구축,2016. 3. 14. 22:00,full-text,,183cf3cbade3c65c15f5acdbfb3cf3f9327657e3632ff915aba45c2ae7d9e771,1
220698755897,https://blog.naver.com/PostView.naver?blogId=agapeuni&logNo=220698755897&categoryNo=982,아두이노 우노 - 7 세그먼트 4Digit,2016. 5. 2. 5:09,full-text,,bc133609c18a9b753f75bda6ee6bb1fcca3fa5863b456dad4037e71fa3a2e9d5,1
220702830224,https://blog.naver.com/PostView.naver?blogId=agapeuni&logNo=220702830224&categoryNo=982,PROBO 로봇만들기 - 자벌레 로봇,2016. 5. 6. 18:36,full-text,,b0eaa0c848ebc7f3a6c8834358772e2f70fb7c593e2f3c4c6c97dd934a3ae5e6,1
220703099023,https://blog.naver.com/PostView.naver?blogId=agapeuni&logNo=220703099023&categoryNo=982,아두이노 우노(Arduino UNO) 8 X 8 LED Matrix,2016. 5. 7. 0:53,full-text,,b0ba9b5eff561444a79383eb9ad1806629e0d20cada8f2a3b2da92aa65d97b29,1
220706472620,https://blog.naver.com/PostView.naver?blogId=agapeuni&logNo=220706472620&categoryNo=982,아두이노 우노 - 웹페이지를 통해 LED를 ON/OFF,2016. 5. 11. 3:10,full-text,,904460a0daec8996051f2c4a503f5cbf9715bd8328851a5928d091c54cced88b,1
220715044271,https://blog.naver.com/PostView.naver?blogId=agapeuni&logNo=220715044271&categoryNo=982,아두이노 우노 - 2대를 서로 연결하여 UART 통신,2016. 5. 20. 19:55,full-text,,85086f14ea20c0a80c6a8c016884b4b3f2fe55cc073f0784f11532019d244024,1
220715059577,https://blog.naver.com/PostView.naver?blogId=agapeuni&logNo=220715059577&categoryNo=982,아두이노 우노 - 조이스틱 컨트롤로 LED를 움직인다,2016. 5. 20. 20:20,full-text,,01cb94d2f7451829e59b1230809c67bf0e0a77c70b573f38ff2def15798cef49,1
220721837340,https://blog.naver.com/PostView.naver?blogId=agapeuni&logNo=220721837340&categoryNo=982,라즈베리 파이 - 리눅스 명령어로 기본기 다지기,2016. 5. 28. 23:42,full-text,,42be1330434334141a2f8bb401611fffdb4965325d38cc29f3c4ceb2f0961d55,1
220722494780,https://blog.naver.com/PostView.naver?blogId=agapeuni&logNo=220722494780&categoryNo=982,"Pi4J Project - Pi4J 개요, 홈페이지, 깃허브, 릴리스 노트",2016. 5. 29. 22:52,full-text,,b81b290f0a6b17bc109481658cafcff4cea3b0f7271584af3ed292a35417deea,1
220722522910,https://blog.naver.com/PostView.naver?blogId=agapeuni&logNo=220722522910&categoryNo=982,"Pi4J Project - Pi4J 특징, 종속성, WiringPi 개요",2016. 5. 29. 23:21,full-text,,00af412fe207c1609d927c3e2b0d8d1ba23d0f050cb2be616101cdf0ccb263d8,1
220892675245,https://blog.naver.com/PostView.naver?blogId=agapeuni&logNo=220892675245&categoryNo=982,[Pi4J Project] Pi4J 유틸리티 스크립트와 명령옵션,2016. 12. 22. 23:38,full-text,,bb8125c6375a9d6f5bb2f79fbebc8ad5ddfe11091c8e46060786c1fe45f95fd8,1
221069889742,https://blog.naver.com/PostView.naver?blogId=agapeuni&logNo=221069889742&categoryNo=982,라즈베리 파이 - 릴리스 버전 설치 (2017. 7. 5),2017. 8. 9. 1:42,full-text,,0fd951dfe2504ac3d0469582a1f886433e0e221e6ce22c48e1d839ffba04e59e,1
221076336161,https://blog.naver.com/PostView.naver?blogId=agapeuni&logNo=221076336161&categoryNo=982,LED 깜빡이기 - 라즈베리 파이vs 아두이노,2017. 8. 17. 22:56,full-text,,0584c4267bbd9d26d403f1669cc1115ea8584fdcb896ba17dad4657846db1b3f,1
221087543843,https://blog.naver.com/PostView.naver?blogId=agapeuni&logNo=221087543843&categoryNo=982,여러 LED 깜빡이기 - 라즈베리 파이 vs 아두이노,2017. 9. 2. 1:53,full-text,,851bcc3ad3891b2e997282246da632b2b3106e41e1c7cce22a6212df09b41e79,1
221089388192,https://blog.naver.com/PostView.naver?blogId=agapeuni&logNo=221089388192&categoryNo=982,여러개의 LED 깜빡이기 - 소스코드를 효율적으로 변경했다,2017. 9. 4. 22:31,full-text,,5a211e1cf5552b413f78e8714e8922c28d6330b9b82ae08b5a18454e916aabe2,1
221091000660,https://blog.naver.com/PostView.naver?blogId=agapeuni&logNo=221091000660&categoryNo=982,라즈베리 파이 - 블로그 정리 (~2017-09-06),2017. 9. 6. 21:39,full-text,,4f895441816825bddb4d92eb6bffb65795f376a6d9f0be37f0b312d796438a68,1
221174106399,https://blog.naver.com/PostView.naver?blogId=agapeuni&logNo=221174106399&categoryNo=982,아두이노 우노 - LED 효과 : Wave & Fade,2017. 12. 30. 2:58,full-text,,cf3bebd7f3bb2b814ffa9bf63d112581ac51e7fce3a6242df78cb75a10250548,1
221174504281,https://blog.naver.com/PostView.naver?blogId=agapeuni&logNo=221174504281&categoryNo=982,아두이노 우노 - 적외선 수신으로 TV 리모컨과 연동,2017. 12. 30. 20:39,full-text,,f0ecfad1e2c200f6038c9d22f3779f646b5b1e9032a7db67dfba6eccec8b987c,1
221174595346,https://blog.naver.com/PostView.naver?blogId=agapeuni&logNo=221174595346&categoryNo=982,아두이노 우노 - 적외선 센서로 마트 주차장 실험,2017. 12. 30. 23:39,full-text,,6962a70bb03bbe820ff2c1862caa6845dd731f8a51f30c8195a0ad54edbfb5b9,1
221185171596,https://blog.naver.com/PostView.naver?blogId=agapeuni&logNo=221185171596&categoryNo=982,아두이노 우노 - LED 제어 with 이더넷 실드,2018. 1. 15. 2:39,full-text,,884803aeed72ff23cab9a70f9c8371854b135b0fef5c3e2ed243207e52ba785d,1
221294653952,https://blog.naver.com/PostView.naver?blogId=agapeuni&logNo=221294653952&categoryNo=982,라즈베리 파이 - 라즈베리 파이 3B+ 언박싱과 첫인상 리뷰,2018. 6. 8. 19:14,full-text,,59aafbabfca66d09824c0c254c3e3e32bdd79b8bdc6954a2949813b406ef3ff3,1
221381679996,https://blog.naver.com/PostView.naver?blogId=agapeuni&logNo=221381679996&categoryNo=982,우분투 MATE - 우분투 메이트 설치 (16.04.2),2018. 10. 21. 0:02,full-text,,558eea07854dcd0621a9bd4a4e55ca07fd27488cf7f24f882666db9b63e4e233,1
221382248382,https://blog.naver.com/PostView.naver?blogId=agapeuni&logNo=221382248382&categoryNo=982,BCM2835 오류해결 - Unable to determine hardware version.,2018. 10. 22. 3:24,full-text,,1a4398d8c76a27fd91942af8e5cd6ebc6fe3be3165a255556eae552c7b250e32,1
221382974794,https://blog.naver.com/PostView.naver?blogId=agapeuni&logNo=221382974794&categoryNo=982,순방향과 역방향 - Pi4J와 Java로 구현한 LED Wave,2018. 10. 23. 2:11,full-text,,1b31cd8fbfc5c07a11fb4c96d8145c220eacee0f1f6c999df28985cd9758f0fe,1
221386805941,https://blog.naver.com/PostView.naver?blogId=agapeuni&logNo=221386805941&categoryNo=982,LED 주사위 - Pi4J와 Java로 구현한 임베디드 주사위,2018. 10. 28. 21:32,full-text,,6d6be0a5039be3f1d3bdc26442ba29db7d0e809abfd67455655371bd932ca685,1
221543949987,https://blog.naver.com/PostView.naver?blogId=agapeuni&logNo=221543949987&categoryNo=982,BlueJ - 파이 프로젝트에서 사용가능한 개바도구,2019. 5. 22. 16:51,full-text,,4dd6c3e0478c3fa5feaab66d9bd86e31346e90f6a53b884bbaa6cf4fefc7b73a,1
221545714251,https://blog.naver.com/PostView.naver?blogId=agapeuni&logNo=221545714251&categoryNo=982,우분투 MATE - OpenJDK 설치하기,2019. 5. 24. 17:28,full-text,,eb1fea64f7386c059324525359f210aabe96b46bbe16e061a50db92cbca5c412,1
221545793266,https://blog.naver.com/PostView.naver?blogId=agapeuni&logNo=221545793266&categoryNo=982,우분투 MATE - Tomcat 설치하기,2019. 5. 24. 19:15,full-text,,22f20e63a5679ff10ced6d36d3376c971fda1d2218dddd0169f2d98a0ad2bcb4,1
221546027796,https://blog.naver.com/PostView.naver?blogId=agapeuni&logNo=221546027796&categoryNo=982,우분투 MATE - MariaDB 설치하기,2019. 5. 25. 2:36,full-text,,d03f1a0f35e1cdde36b791bf4f9e14f4b12c912a9451463d311d310b3579037c,1
221640127919,https://blog.naver.com/PostView.naver?blogId=agapeuni&logNo=221640127919&categoryNo=982,"라즈베리 파이 - 파이 4 출시, 4K 디스플레이 2대를 지원",2019. 9. 5. 23:34,full-text,,c1b2354415c16b69118af1822aac5af5bb2b2351ea6ed99f187d598275d537cf,1
221641707363,https://blog.naver.com/PostView.naver?blogId=agapeuni&logNo=221641707363&categoryNo=982,라즈베리 파이 - 나무판에 고정시키고 고정 IP 설정,2019. 9. 7. 14:26,full-text,,e75b640a0c9bf6c7c155869071d057b2b1f3e1f2fb73f63182d8ba3d87af425d,1
221641881474,https://blog.naver.com/PostView.naver?blogId=agapeuni&logNo=221641881474&categoryNo=982,라즈베리 파이 - MariaDB 설치와 원격 접속 설정 방법,2019. 9. 7. 18:27,full-text,,b967e5c9753e1773e7a8d047188428b238a3fcd3687aabb41a411836fec4f959,1
221642293843,https://blog.naver.com/PostView.naver?blogId=agapeuni&logNo=221642293843&categoryNo=982,라즈베리 파이 - MongoDB 설치와 외부 접속 설정하기,2019. 9. 8. 5:45,full-text,,f781ee279472dff6146b8e1c38267f7dea75862f520c3ab8a7e73b920ab4eea5,1
221643008708,https://blog.naver.com/PostView.naver?blogId=agapeuni&logNo=221643008708&categoryNo=982,라즈베리 파이 - 웹서버용으로 Tomcat을 설치,2019. 9. 9. 0:54,full-text,,34827b553a80f92879dea9450d5b96c48276a125ed4894d7a12c7704ef4a819c,1
221643077180,https://blog.naver.com/PostView.naver?blogId=agapeuni&logNo=221643077180&categoryNo=982,라즈베리 파이 - NodeJS 최신 버전 설치와 실행 테스트,2019. 9. 9. 2:58,full-text,,8e851dc283881fd1c0268a7df038a79d7788a0610b0b31525dfce55db377ba95,1
221735614311,https://blog.naver.com/PostView.naver?blogId=agapeuni&logNo=221735614311&categoryNo=982,라즈베리 파이 - GPIO 핀 배열과 활용 방법 정리,2019. 12. 13. 2:07,full-text,,27388840446951905200e65f3b0e3b2e4896c141aeed51cd0d02f52c0ee640ca,1
221775697904,https://blog.naver.com/PostView.naver?blogId=agapeuni&logNo=221775697904&categoryNo=982,TIOBE Index - TIOBE 프로그래밍 언어별 순위 (2020년 1월 기준),2020. 1. 17. 19:50,full-text,,58913f3c7570665d04d94dc4a46300124d740c626fc03b980380fece8e2f3d41,1
221983754241,https://blog.naver.com/PostView.naver?blogId=agapeuni&logNo=221983754241&categoryNo=982,라즈베리 파이 - 2020년 5월 27일자 최신 버전 설치기,2020. 5. 30. 5:39,full-text,,2e61b268e5c761a806de1d244f150aa322ea6a165b2d835e55c7a78ce35d1ed4,1
221984642368,https://blog.naver.com/PostView.naver?blogId=agapeuni&logNo=221984642368&categoryNo=982,아두이노 우노 - main() 함수 위치와 유용한 예제들,2020. 5. 31. 0:55,full-text,,046f86b06f6773e6bae0e98b26cd5eef16f01bf62e7a73089ae26bcd4e93076a,1
221987891087,https://blog.naver.com/PostView.naver?blogId=agapeuni&logNo=221987891087&categoryNo=982,아두이노 우노 - 리모컨에 부여된 코드값 확인하기,2020. 6. 2. 21:44,full-text,,cc231dd7b74bcd922ba86e849c6ad01cdaf70204c7fd4d35c50da0670e3a1832,1
221992454546,https://blog.naver.com/PostView.naver?blogId=agapeuni&logNo=221992454546&categoryNo=982,아두이노 우노 - 두 대의 아두이노 UART 통신하기,2020. 6. 7. 0:24,full-text,,b6050967830008c3827d6b869027864ded7261f692eab1ed89f5966b881a3d2d,1
221992994106,https://blog.naver.com/PostView.naver?blogId=agapeuni&logNo=221992994106&categoryNo=982,아두이노 우노 - microSD카드에 파일 읽기와 쓰기,2020. 6. 7. 17:31,full-text,,57206276b3a96b4fa7cbffbde715d75731cdf1ff81932367485c7b397cd60090,1
221994365021,https://blog.naver.com/PostView.naver?blogId=agapeuni&logNo=221994365021&categoryNo=982,아두이노 우노 - EEPROM에 데이터 읽기와 쓰기,2020. 6. 8. 21:48,full-text,,aa7b31d90946f87d7483352f33969cf05ff898b9f942319dee77f0a4d3f4e56d,1
221998828663,https://blog.naver.com/PostView.naver?blogId=agapeuni&logNo=221998828663&categoryNo=982,아두이노 우노 - 온도 & 습도 센서 (DHT11),2020. 6. 12. 21:32,full-text,,e6d16ec27818459b0a4603a03ac4c498187b855ffeebddbe445af3405389c887,1
222007086715,https://blog.naver.com/PostView.naver?blogId=agapeuni&logNo=222007086715&categoryNo=982,라즈베리 파이 - 우분투 운영체제에 MySQL 설치,2020. 6. 20. 19:36,full-text,,c6e9649650866c2f4243e923af2909ffd87af666f3c1667cebb8139f5686a175,1
222007349226,https://blog.naver.com/PostView.naver?blogId=agapeuni&logNo=222007349226&categoryNo=982,라즈베리 파이 - 우분투에서 패키지 의존성 깨졌을 때,2020. 6. 21. 1:21,full-text,,855047a36575eeecd8fd863f8ddd965adc0ee25012ed16f438ef6d3e8be36301,1
222011268135,https://blog.naver.com/PostView.naver?blogId=agapeuni&logNo=222011268135&categoryNo=982,"라즈베리 파이 - 미사용 S/W를 삭제, 저장공간을 확보",2020. 6. 24. 22:29,full-text,,69360289e64c1144c146c455984ff8e31912f5f263c0a3a341e24534592b39ad,1
222030210282,https://blog.naver.com/PostView.naver?blogId=agapeuni&logNo=222030210282&categoryNo=982,"라즈베리 파이 - 한글 폰트, 한글 입력 설치",2020. 7. 14. 2:54,full-text,,5d5a08e79c3058226d78592ca2de52c6d863a4c6ab27280e832b8b246df2be74,1
222034311691,https://blog.naver.com/PostView.naver?blogId=agapeuni&logNo=222034311691&categoryNo=982,라즈베리 파이 - 아이토이 웹캠으로 모션캡쳐를 구현,2020. 7. 18. 10:46,full-text,,892c5911db4960980e5f43ed2b0bfa8b2d2e5a534e87a22da58fbe6366288109,1
222034906580,https://blog.naver.com/PostView.naver?blogId=agapeuni&logNo=222034906580&categoryNo=982,PEP 8 - 파이썬 코드를 위한 스타일 가이드,2020. 7. 19. 1:10,full-text,,7383fffa0b6b8eef1c55632cfcfa54eef97cb86680082a6c18a0e6cf931cf0fc,1
222035669771,https://blog.naver.com/PostView.naver?blogId=agapeuni&logNo=222035669771&categoryNo=982,"유용한 사이트 - 튜토리얼, 레퍼런스, 라이브러리",2020. 7. 19. 23:53,full-text,,22691ccf7e119ae8d1224f4eb0154928be502e8cf0339816249fd6c27105daa4,1
222052481083,https://blog.naver.com/PostView.naver?blogId=agapeuni&logNo=222052481083&categoryNo=982,"Numpy, Matplotlib - 넘파이와 맷플롯립 개요와 간단한 예제",2020. 8. 6. 1:30,full-text,,6ef0648e0af6a9a338c84eeef32985239abd6a3a4431e5a782132320ed9660be,1
222092539544,https://blog.naver.com/PostView.naver?blogId=agapeuni&logNo=222092539544&categoryNo=982,기술 스택 인기 - 개발자가 많이 쓰는 기술은 무엇일까,2020. 9. 18. 0:56,full-text,,77b0aef7b1750cd5973f10e3e6092605482df51e4c6956bdc13d643e9977b285,1
222097015798,https://blog.naver.com/PostView.naver?blogId=agapeuni&logNo=222097015798&categoryNo=982,프로젝트 준비 - 파이썬 서적으로 혼자 공부해보자,2020. 9. 23. 1:39,full-text,,d87bb62a460c43476d81d36c861b4c146a2213248bb338e8332a385037a4caaf,1
222100329383,https://blog.naver.com/PostView.naver?blogId=agapeuni&logNo=222100329383&categoryNo=982,venv 모듈 - 가상환경 (Virual Environment),2020. 9. 26. 17:29,full-text,,823c39532c3da5de59636a9543a28b66496e521fd1dac3cc3afee9a6ba49b065,1
222135758778,https://blog.naver.com/PostView.naver?blogId=agapeuni&logNo=222135758778&categoryNo=982,라즈베리 파이 - 파이썬 2.7을 삭제하고 3.9를 설치,2020. 11. 5. 3:12,full-text,,629316d8364a0a029044f9e83539a2110b644bdb84c87f0ba4a60b1cbd692812,1
222149230240,https://blog.naver.com/PostView.naver?blogId=agapeuni&logNo=222149230240&categoryNo=982,라즈베리 파이 - SQLite3 설치와 간단한 사용법,2020. 11. 20. 2:02,full-text,,0c4e0733ef58cfc98ca0e5c1cbd7b6a8f90562bd6ff687b1767636fe7aa1a726,1
222150168974,https://blog.naver.com/PostView.naver?blogId=agapeuni&logNo=222150168974&categoryNo=982,라즈베리 파이 - ARM 6v에 Node.js 설치,2020. 11. 21. 1:02,full-text,,f4694a5199ac2b360818bdfb4e59474bcad05d9ac8ea885d62a8bfc9c82f911b,1
222150713363,https://blog.naver.com/PostView.naver?blogId=agapeuni&logNo=222150713363&categoryNo=982,아두이노 우노 - 온도와 습도를 웹에서 모니터링,2020. 11. 21. 19:55,full-text,,3d276ff361dea36730c82f5b09c19cfccc0dfc700cdf07f7520f228ed163e996,1
222150811626,https://blog.naver.com/PostView.naver?blogId=agapeuni&logNo=222150811626&categoryNo=982,아두이노 우노 - 3*3*3 LED Cude 소스 코드 #1,2020. 11. 21. 22:14,full-text,,a3a7a5edabb8fef17d21ec183c38d818f039ae222bc01954ceb52a32bfba8ddb,1
222151474786,https://blog.naver.com/PostView.naver?blogId=agapeuni&logNo=222151474786&categoryNo=982,아두이노 우노 - 3*3*3 LED Cude 소스 코드 #2,2020. 11. 22. 20:19,full-text,,1d5312d6e64823fb33d24eb0e32b794d43f21675f9821bb2af209ebe3b80cd11,1
222154713693,https://blog.naver.com/PostView.naver?blogId=agapeuni&logNo=222154713693&categoryNo=982,라즈베리 파이 - ADC(MCP3208)와 TMP36 온도센서 연결,2020. 11. 26. 1:26,full-text,,637f41a2c700f6085ca2fcb1e7f1de9c1f81f5368f94ca30a554da090b44ca2b,1
222163330998,https://blog.naver.com/PostView.naver?blogId=agapeuni&logNo=222163330998&categoryNo=982,문제 해결 - No module named pip,2020. 12. 5. 0:29,full-text,,685eecc91644baf4f65c1df40e85cd72ce0de7f2f0d7dfaccde06edca568d326,1
222164037847,https://blog.naver.com/PostView.naver?blogId=agapeuni&logNo=222164037847&categoryNo=982,라즈베리 파이 - 한글 입력 설정하기 (IBus 한글 입력기 설치),2020. 12. 5. 20:49,full-text,,1c851c61ad48fcd6f00a367c6713eac0d92fdb92e5a648f1cc48e84bba3ae052,1
222202352825,https://blog.naver.com/PostView.naver?blogId=agapeuni&logNo=222202352825&categoryNo=982,라즈베리 파이 - Miniconda 설치 및 환경 설정 방법,2021. 1. 9. 23:58,full-text,,55e43a0a22bf25bdb85113d11fd77aafa19cc5aa0f50fddc28c03795b6738ce4,1
222258718395,https://blog.naver.com/PostView.naver?blogId=agapeuni&logNo=222258718395&categoryNo=982,데이터 과학이란? - 입문자도 이해하는 데이터 과학의 모든 것,2021. 2. 27. 17:45,full-text,,96ba438c1bfc3205ab8d11e7b71e8fce6f07405a300ab760c5c023cb195b24fc,1
222260300943,https://blog.naver.com/PostView.naver?blogId=agapeuni&logNo=222260300943&categoryNo=982,Design Pattern - 파이썬으로 구현하는 디자인 패턴 #1,2021. 3. 1. 3:29,full-text,,95c60da09519a398fd5d015b5b81d788649ae2c5f54e5b89a635ca8e6b10c2bf,1
222260313048,https://blog.naver.com/PostView.naver?blogId=agapeuni&logNo=222260313048&categoryNo=982,Design Pattern - 파이썬으로 구현하는 디자인 패턴 #2,2021. 3. 1. 4:12,full-text,,fbfaee576877fb20ab2bb76977325e4f407ff7ebd3d106c9a22958d01b6baad3,1
222267880975,https://blog.naver.com/PostView.naver?blogId=agapeuni&logNo=222267880975&categoryNo=982,패키지 관리자 - PIP(Package Installer for Python),2021. 3. 8. 1:41,full-text,,a1366472e9e4d03ea973c5765dd9f67ac9ef5742354bb30198431cb7060d4edc,1
222277960768,https://blog.naver.com/PostView.naver?blogId=agapeuni&logNo=222277960768&categoryNo=982,gRPC 예제 #1 - 구글이 개발한 원격 프로세서 호출 통신,2021. 3. 17. 0:32,full-text,,a28d070416e8473c19a8093554d3bc6eeaacc4991980128bae26ea81bcacb27d,1
222281338248,https://blog.naver.com/PostView.naver?blogId=agapeuni&logNo=222281338248&categoryNo=982,gRPC 예제 #2 - 심플하게 gRPC 예제를 만들어 보자,2021. 3. 20. 3:07,full-text,,3a1e76ef5603ce06753ee1998017e9479f934559d3a665db2ea90edf68afdaab,1
222407763199,https://blog.naver.com/PostView.naver?blogId=agapeuni&logNo=222407763199&categoryNo=982,TIOBE Index - TIOBE 프로그래밍 언어별 순위 (2021년 6월 기준),2021. 6. 23. 20:08,full-text,,76bea6cc5713395f9956a7545428d9da090260d0fd799978e99109896c8f840a,1
222429313416,https://blog.naver.com/PostView.naver?blogId=agapeuni&logNo=222429313416&categoryNo=982,qrcode - QR 코드를 생성하고 스마트폰에서 인식,2021. 7. 12. 23:16,full-text,,b010e2d25613a069c2c3340dffff61fe4b82840415ea3b18ac1d2ee044309bdf,1
222429469176,https://blog.naver.com/PostView.naver?blogId=agapeuni&logNo=222429469176&categoryNo=982,python-barcode - 바코드를 생성하고 스마트폰에서 인식,2021. 7. 13. 2:04,full-text,,832ba874aeef9c303d110779ef11f4380e723db26fb5c2e888b0007ddbe138ed,1
222542430489,https://blog.naver.com/PostView.naver?blogId=agapeuni&logNo=222542430489&categoryNo=982,TIOBE Index - TIOBE 프로그래밍 언어별 순위 ('21년 10월 기준),2021. 10. 20. 8:00,full-text,,3b8fb1c692447fea82dc96571d2218788ae8916b4398c252f98e57716c752589,1
222558942732,https://blog.naver.com/PostView.naver?blogId=agapeuni&logNo=222558942732&categoryNo=982,Jupyter notebook - 주피터 노트북 시작위치 설정,2021. 11. 5. 1:26,full-text,,5d177ad6751d6032eb82679ee2067a994be038ea55cbdcfa19c6fdf0c61d2d32,1
222560330768,https://blog.naver.com/PostView.naver?blogId=agapeuni&logNo=222560330768&categoryNo=982,Jupyter notebook - 주피터 노트북 원격접속 설정,2021. 11. 6. 17:33,full-text,,79ceb8a0a22c1fa16a8c352f8c4c27511682d75893dda9050a5e16483df66916,1
222560400512,https://blog.naver.com/PostView.naver?blogId=agapeuni&logNo=222560400512&categoryNo=982,Jupyter notebook - 주피터 노트북 비밀번호 설정,2021. 11. 6. 19:25,full-text,,42b60a47becad03d38b3015f22eca44879a890f08f7ab730c7cec2dc56390282,1
222639297841,https://blog.naver.com/PostView.naver?blogId=agapeuni&logNo=222639297841&categoryNo=982,Jupyter Lab - 주피터 랩의 개요 및 설치 그리고 실행,2022. 2. 5. 5:06,full-text,,443648642b39460f0c071a56b6c5277c9e27e97f46912a3c8f56f845a82e8cd6,1
222640669547,https://blog.naver.com/PostView.naver?blogId=agapeuni&logNo=222640669547&categoryNo=982,"장고(Django) - URL 매핑부터 View, Template까지",2022. 2. 6. 23:59,full-text,,609391e78a8801b87f6a85bdf567bed0380a720332168bb95573cd0d7006f553,1
222640774032,https://blog.naver.com/PostView.naver?blogId=agapeuni&logNo=222640774032&categoryNo=982,플라스크(Flask) - 플라스크로 만들어 보는 간단한 웹 서비스,2022. 2. 7. 4:44,full-text,,7ab32fba0df30c51d0018b354a1e2e6b0f63d674ffccdcd1d3b99f207a8b583b,1
222642610340,https://blog.naver.com/PostView.naver?blogId=agapeuni&logNo=222642610340&categoryNo=982,플라스크(Flask) - 플라스크에서 SQLite를 연동하는 예제,2022. 2. 9. 1:03,full-text,,bee0afd8c5207a2897f4746d804e6cb26b553d21eb04bfdac51b4d55327ecf35,1
222643596551,https://blog.naver.com/PostView.naver?blogId=agapeuni&logNo=222643596551&categoryNo=982,Anaconda - 아나콘다 Prompt 시작위치 변경,2022. 2. 10. 4:37,full-text,,83046a53e0c3f711a2862c528e95afda38315d21dc359bb8df255bb4f53cf300,1
222644490317,https://blog.naver.com/PostView.naver?blogId=agapeuni&logNo=222644490317&categoryNo=982,Anaconda - 윈도 10에 Anaconda3-2021.11 버전을 설치,2022. 2. 11. 2:43,full-text,,7908572e5eb99d28ee006e85282c2bd48aeef7c819f68dc2b0c2fa6e79c2053d,1
222645226920,https://blog.naver.com/PostView.naver?blogId=agapeuni&logNo=222645226920&categoryNo=982,"Anaconda - Conda를 사용한 패키징, 가상환경 관리",2022. 2. 11. 22:00,full-text,,ebbf41692b486ff7f43ec8c3b870b98a42616b5678c247687f5877995615b0a7,1
222645231638,https://blog.naver.com/PostView.naver?blogId=agapeuni&logNo=222645231638&categoryNo=982,Anaconda - Conda constructor 아나콘다 인스톨러 생성,2022. 2. 11. 22:07,full-text,,721c3c56117268d8e6afc9407fa574329c6e5155b230b744a3e8a3fa8bf41f3d,1
222645290864,https://blog.naver.com/PostView.naver?blogId=agapeuni&logNo=222645290864&categoryNo=982,Anaconda - 아나콘다 환경을 리눅스에 설치하는 과정,2022. 2. 11. 23:25,full-text,,6f5317f19766e7e8612608c25b38bf6c85e46ada4d1454dc31e964471fe5c389,1
222646120983,https://blog.naver.com/PostView.naver?blogId=agapeuni&logNo=222646120983&categoryNo=982,텍스트 파일 - Text 파일 읽기와 쓰기 그리고 삭제,2022. 2. 13. 2:59,full-text,,8e13bbf1fa5c6fc8b8ce2b5bee97ca5d5df6b96b716a9a733784535d90c1c3b8,1
222646129165,https://blog.naver.com/PostView.naver?blogId=agapeuni&logNo=222646129165&categoryNo=982,JSON 파일 - JSON 파일 쓰기와 읽기,2022. 2. 13. 3:35,full-text,,630317c0026918aabca3ba6758cf0df3c13919e165b3a175a39c8c680d6ae53d,1
222646137821,https://blog.naver.com/PostView.naver?blogId=agapeuni&logNo=222646137821&categoryNo=982,CSV 파일 - CSV 파일 데이터 읽고 분석하기,2022. 2. 13. 4:19,full-text,,7efde0a41e97f8ee6df7e2d68d3ef9864e1bc45631f67862a738d35a1a4bfc13,1
222646144889,https://blog.naver.com/PostView.naver?blogId=agapeuni&logNo=222646144889&categoryNo=982,"pycryptodome - AES 암호화, 복호화, 해시 함수까지",2022. 2. 13. 5:03,full-text,,c8a30fe793418bbfe6c37f693611a71c12781ad9afa74df1a4080ecc962d0f2a,1
222647554295,https://blog.naver.com/PostView.naver?blogId=agapeuni&logNo=222647554295&categoryNo=982,Sympy - 인공지능 기초 수학을 코드로 배워보자,2022. 2. 14. 20:09,full-text,,7fc90fa355f3e97ac04aa6fa97ecf7bebee24b3dfad5b4959878c8c19d62819b,1
222647631194,https://blog.naver.com/PostView.naver?blogId=agapeuni&logNo=222647631194&categoryNo=982,[SciPy] 과학 컴퓨팅 라이브러리 SciPy에 관해 알아보자,2022. 2. 14. 21:39,full-text,,bf8c5dec1c908a510031abac000ffd518c8ca0802cfb2b7f7bb80e23fb43b78e,1
222648817864,https://blog.naver.com/PostView.naver?blogId=agapeuni&logNo=222648817864&categoryNo=982,spaCy - NLP 라이브러리로 영어와 일본어 처리,2022. 2. 16. 3:03,full-text,,da5caa1219bd72c54af50652363b570939fd63f9e043b76c9ca696ad19d739d1,1
222649667347,https://blog.naver.com/PostView.naver?blogId=agapeuni&logNo=222649667347&categoryNo=982,OpenPyXL - 파이썬으로 Excel 파일 다루기,2022. 2. 16. 23:32,full-text,,ef5f5ac0254d9bcd035c33b9473fb41395093947b571e97ec9b1fc18ad0b7239,1
222650704212,https://blog.naver.com/PostView.naver?blogId=agapeuni&logNo=222650704212&categoryNo=982,Orange3 - Orange3를 사용한 데이터 분석 및 시각화 #1,2022. 2. 18. 1:28,full-text,,961550f27012a1bc3d58473d10626dd456f3c7b5fca85063165a9d1471a2fb29,1
222651379009,https://blog.naver.com/PostView.naver?blogId=agapeuni&logNo=222651379009&categoryNo=982,"PIL, 이미지 처리 - RGB 분리부터 그레이스케일 변환까지",2022. 2. 18. 19:44,full-text,,72ad743ff09cb48d6d4b064352074c864bb64f0dca8b44d6ed8e7c9e3110bdf7,1
222651899394,https://blog.naver.com/PostView.naver?blogId=agapeuni&logNo=222651899394&categoryNo=982,Orange3 - Orange3를 사용한 데이터 분석 및 시각화 #2,2022. 2. 19. 14:07,full-text,,900a0108790a7587ae9c1383a1725243ad70b4894e6d4d4a59e706f17aa62e5a,1
222652017268,https://blog.naver.com/PostView.naver?blogId=agapeuni&logNo=222652017268&categoryNo=982,Orange3 - Orange3를 사용한 데이터 분석 및 시각화 #3,2022. 2. 19. 17:17,full-text,,0c6cacb381dccc441bdb7657a0ffc01c2a7f1082212f11d6d378860e3f65be92,1
222654231607,https://blog.naver.com/PostView.naver?blogId=agapeuni&logNo=222654231607&categoryNo=982,"urllib.request - URL 가져오기부터 파일 저장, 헤더 정보까",2022. 2. 22. 5:01,full-text,,6087d2e4c2e8449a52953162522eae36c6395926c1f4a5e630b1c47b8e5d7a83,1
222654793009,https://blog.naver.com/PostView.naver?blogId=agapeuni&logNo=222654793009&categoryNo=982,"ftplib - FTP 파일 업로드, 파일 다운로드",2022. 2. 22. 17:36,full-text,,0b330d9041789936a58bbf8853a8fbea582854a626b1f8e1a8233002d295afb7,1
222654800128,https://blog.naver.com/PostView.naver?blogId=agapeuni&logNo=222654800128&categoryNo=982,토니(Thonny) - 가볍고 편리한 Python IDE,2022. 2. 22. 17:43,full-text,,69d01bde33f963ae55db040a4eebe23ab3b3e04369681023c7ec4853aa011f0c,1
222659222052,https://blog.naver.com/PostView.naver?blogId=agapeuni&logNo=222659222052&categoryNo=982,Matplotlib - 맷플롯립으로 데이터 시각화 쉽게 시작,2022. 2. 27. 17:07,full-text,,465010abab9a053f21305fcd33fd0ea839d4932baf9dc796339f700ff05aeac7,1
222659393053,https://blog.naver.com/PostView.naver?blogId=agapeuni&logNo=222659393053&categoryNo=982,"OpenCV - 컴퓨터 비전 입문, 얼굴과 눈 인식하기",2022. 2. 27. 21:16,full-text,,718c259e99256c86c7a9b94ec41868d2064a46c7f61bce89015b5ba4b5661c77,1
222659398304,https://blog.naver.com/PostView.naver?blogId=agapeuni&logNo=222659398304&categoryNo=982,OpenCV - 영화 포스터로 얼굴 인식과 모자이크 처리,2022. 2. 27. 21:22,full-text,,3f55cdc37615aacf99fba16744648f5c6a58e2b46fe813153ca89489e7fedc76,1
222661157698,https://blog.naver.com/PostView.naver?blogId=agapeuni&logNo=222661157698&categoryNo=982,BeautifulSoup - 웹 크롤링을 시작하는 가장 쉬운 방법,2022. 3. 1. 19:49,full-text,,7f051b6f58fdaff5e037da41267a1e6e5576830bff21c8534036d5a27e7f9a3c,1
222661193374,https://blog.naver.com/PostView.naver?blogId=agapeuni&logNo=222661193374&categoryNo=982,Selenium - 설치부터 네이버 검색 자동화까지 실습,2022. 3. 1. 20:34,full-text,,0f3ab40554c3ec94c605e876bf7e3ccd999d1f46ce663f146f9b211110f40d9e,1
222662976353,https://blog.naver.com/PostView.naver?blogId=agapeuni&logNo=222662976353&categoryNo=982,Matplotlib - 사이트에서 갤러리 예제들을 살펴보자,2022. 3. 3. 18:00,full-text,,cddcfa1f23e870e1c899acacaafdc1af99a5ece6a26267fb997a2aeb78aff481,1
222663021548,https://blog.naver.com/PostView.naver?blogId=agapeuni&logNo=222663021548&categoryNo=982,YAML 파일 - 파일 포멧비교와 Python 활용법,2022. 3. 3. 18:58,full-text,,1f350dbd7ffb1ab066c207b844680acfa13156361badc61fabf6641bf591a60c,1
222663031526,https://blog.naver.com/PostView.naver?blogId=agapeuni&logNo=222663031526&categoryNo=982,AVRO 파일 - pandavro로 배우는 Avro 파일 처리,2022. 3. 3. 19:11,full-text,,696d2498d965ebd964c7382762eaaa51fc496d8f6fe16863b5d557848a42bc9c,1
222665580912,https://blog.naver.com/PostView.naver?blogId=agapeuni&logNo=222665580912&categoryNo=982,SQLite 실습 - Python으로 CRUD 구현하기,2022. 3. 6. 22:31,full-text,,30ce5223b048e51d49bd21d9298cc89e74ceb214c36bd79fc55c7274f160332d,1
222665717366,https://blog.naver.com/PostView.naver?blogId=agapeuni&logNo=222665717366&categoryNo=982,PyMySQL - MariaDB 다루기CRUD 실습 예제,2022. 3. 7. 1:33,full-text,,e93b8843aada76724fcf209f025327cef67fa77ad771caaedb0286313e50784d,1
222666595919,https://blog.naver.com/PostView.naver?blogId=agapeuni&logNo=222666595919&categoryNo=982,TinyDB - 파일 하나로 끝나는 데이터베이스,2022. 3. 7. 23:40,full-text,,c783b3d049a63840df1e88f6b33a87656d5a0325e7152122d9fb4d9aa6cf6779,1
222668404344,https://blog.naver.com/PostView.naver?blogId=agapeuni&logNo=222668404344&categoryNo=982,Visualize Code - 파이썬 코드 실행 시각화,2022. 3. 10. 2:16,full-text,,ea955edabbd156347952c522cbc837e6e6575a7dd249acc06fc480b75ffe4ba9,1
222670178151,https://blog.naver.com/PostView.naver?blogId=agapeuni&logNo=222670178151&categoryNo=982,PyMongo - MongoDB 연결하고 데이터 조작하기,2022. 3. 11. 22:56,full-text,,087e2f513cc730a4ac3bb5b7497d4ed29432b59c11ebcceafed19eb0bf19fe6e,1
222679253369,https://blog.naver.com/PostView.naver?blogId=agapeuni&logNo=222679253369&categoryNo=982,SQLAlchemy - 개체 관계형 매퍼를 사용해 보자,2022. 3. 21. 23:04,full-text,,4dfbe3c1a84306d27fe1836b5f26ee77e91aafe4d742e5ade8379027538ce899,1
222708528590,https://blog.naver.com/PostView.naver?blogId=agapeuni&logNo=222708528590&categoryNo=982,코로나19 현황표시 - 데이터를 활용한 코로나19 확진자 분석,2022. 4. 22. 20:44,full-text,,4134b15e4ae69d532935b7871adde3d3ba6ed6445576d668845b09d1e258d970,1
222708538321,https://blog.naver.com/PostView.naver?blogId=agapeuni&logNo=222708538321&categoryNo=982,Pandas 기초 - 코로나19 데이터로 배우는 데이터 분석,2022. 4. 22. 20:56,full-text,,5375cd6244715a3916f228389512e93305fd6e8c14d718b1351a51754135fc49,1
222733580330,https://blog.naver.com/PostView.naver?blogId=agapeuni&logNo=222733580330&categoryNo=982,TIOBE Index - TIOBE 프로그래밍 언어별 순위 (2022년 5월 기준),2022. 5. 15. 22:13,full-text,,17908c9878cb07dcef8626658f1ded39dc30718d6a10264eb96d3feeea8268db,1
222733902438,https://blog.naver.com/PostView.naver?blogId=agapeuni&logNo=222733902438&categoryNo=982,Anaconda - Anaconda 채널과 Conda-Forge 채널,2022. 5. 16. 5:14,full-text,,62b315dc8339aca7f2f1f0fa0ff7db1792c6a35e27d5e0eab6f7f4f6414c9d22,1
222736330244,https://blog.naver.com/PostView.naver?blogId=agapeuni&logNo=222736330244&categoryNo=982,기상자료 개방포털 - 데이터를 분석하여 기온 변화 확인,2022. 5. 17. 23:29,full-text,,1f70a4ba72526059650ab31faf113f8301d61083791852c68b7a962805d2bb71,1
222736376696,https://blog.naver.com/PostView.naver?blogId=agapeuni&logNo=222736376696&categoryNo=982,주민등록 인구통계 - 연령별 인구현황을 시각화한다,2022. 5. 18. 0:20,full-text,,074dbe3136ed787cea3cebd9f90943331ebd642620f882d32f93c1eced52f1e1,1
222751577072,https://blog.naver.com/PostView.naver?blogId=agapeuni&logNo=222751577072&categoryNo=982,Standard Library - 파이썬(Python) 표준 라이브러리,2022. 5. 29. 23:45,full-text,,0775435dbfdd6f41493bd81c7c65c7b9d9450c6d83ae680ab2483da48ecd1339,1
222806807044,https://blog.naver.com/PostView.naver?blogId=agapeuni&logNo=222806807044&categoryNo=982,플라스크(Flask) - 플라스크 애플리케이션을 만들기 #1,2022. 7. 11. 1:14,full-text,,aa085e1d593a1440f2cc1184f0b9826c8e33b0d76731cc3d21a191b791091a18,1
222807956863,https://blog.naver.com/PostView.naver?blogId=agapeuni&logNo=222807956863&categoryNo=982,플라스크(Flask) - 플라스크 애플리케이션을 만들기 #2,2022. 7. 11. 23:56,full-text,,89162812eeebbacbe690e73348c735d7d0f1f0ba4595766a59ffa745c80c4c51,1
222842287001,https://blog.naver.com/PostView.naver?blogId=agapeuni&logNo=222842287001&categoryNo=982,플라스크(Flask) - 플라스크 애플리케이션을 만들기 #3,2022. 8. 7. 22:50,full-text,,ca8942bb8c0d0d312203ce4515ef47b63391db809415895fd8cd9afe3a124c8f,1
222842491489,https://blog.naver.com/PostView.naver?blogId=agapeuni&logNo=222842491489&categoryNo=982,플라스크(Flask) - 플라스크 애플리케이션을 만들기 #4,2022. 8. 8. 3:17,full-text,,a84535eb56ee1538b5776e9d3c67d3e200e4ef0b0360d78c38d5f199f8369140,1
222853520312,https://blog.naver.com/PostView.naver?blogId=agapeuni&logNo=222853520312&categoryNo=982,라즈베리 파이 - 라즈비안 설치와 환경 설정 및 원격 연결,2022. 8. 20. 20:04,full-text,,ce20940574b4dd7e7adfdbbfde4428f436889f8484efbf67bc1954da79bb34e3,1
222918286065,https://blog.naver.com/PostView.naver?blogId=agapeuni&logNo=222918286065&categoryNo=982,주민등록 인구통계 - 판다스(Pandas)를 배워보자 #1,2022. 11. 3. 8:55,full-text,,f1be58304ef2750aaef7924c430b60e98b86a938d75fe40d63c5ab2ac2fdf9e4,1
222919211455,https://blog.naver.com/PostView.naver?blogId=agapeuni&logNo=222919211455&categoryNo=982,주민등록 인구통계 - 판다스(Pandas)를 배워보자 #2,2022. 11. 4. 5:31,full-text,,2e4e926309ec2d26e61772adfe2383f768afe612535d12a9dfb5b3eb79244e0d,1
222920439469,https://blog.naver.com/PostView.naver?blogId=agapeuni&logNo=222920439469&categoryNo=982,주민등록 인구통계 - 판다스(Pandas)를 배워보자 #3,2022. 11. 5. 13:45,full-text,,28f8792fb940b88ac98923ae544807321a05d0bc37e4873e0c7ceb355be21225,1
222976235535,https://blog.naver.com/PostView.naver?blogId=agapeuni&logNo=222976235535&categoryNo=982,virtualenv - 파이썬(Python)에서 가상환경을 만들어보자,2023. 1. 5. 23:22,full-text,,4de962e7a7e5852e0ff66ee7febc59f8943971d90a76cdf1022a2c804b0afe69,1
222977773236,https://blog.naver.com/PostView.naver?blogId=agapeuni&logNo=222977773236&categoryNo=982,Dictionary - 파이썬에서 딕셔너리를 사용하는 방법,2023. 1. 7. 20:05,full-text,,6dacf16ff46089bf9ba8735554a028bb083ad75d387b3acc4c4a1247e80ee079,1
222981894306,https://blog.naver.com/PostView.naver?blogId=agapeuni&logNo=222981894306&categoryNo=982,gTTS - 입력한 텍스트를 음성으로 변환하기,2023. 1. 12. 1:24,full-text,,49e6ec003c674d965fce46414bdbe9c2909a7785c23e60023555c554297fcbba,1
222984433002,https://blog.naver.com/PostView.naver?blogId=agapeuni&logNo=222984433002&categoryNo=982,gRPC 예제 #3 - 부품 정보를 추가하고 조회하는 기능구현,2023. 1. 14. 21:17,full-text,,9f0d412ff80b494bf0993a2547c5dfaf8b8df51e1115b4550230661da6e8b71b,1
223006133905,https://blog.naver.com/PostView.naver?blogId=agapeuni&logNo=223006133905&categoryNo=982,전자부품 케이스 - 부품을 쉽게 찾을 수 있는 라벨 만들기,2023. 2. 5. 21:21,full-text,,e1ae8279278f716e2ffc25b13d740c9075e5aea8a93fe8cc969a68808fb8d9e0,1
223006144233,https://blog.naver.com/PostView.naver?blogId=agapeuni&logNo=223006144233&categoryNo=982,전자부품 정리 - 엘레파츠에서 주문했던 부품들을 정리,2023. 2. 5. 21:33,full-text,,d73d47109848ce95270b6096c431c3d91bcbcbb4674834fbd965ca5bf35c8a6d,1
223006318661,https://blog.naver.com/PostView.naver?blogId=agapeuni&logNo=223006318661&categoryNo=982,저항값 계산 - 칼라 색상표로 저항값을 계산한다,2023. 2. 6. 0:37,full-text,,168e5ee58c31f88735a83243b25f12f909522417248af549d2687abb81ba0f53,1
223068648267,https://blog.naver.com/PostView.naver?blogId=agapeuni&logNo=223068648267&categoryNo=982,VirtualBox - 가상 머신에 CentOS 환경 구축,2023. 4. 8. 15:52,full-text,,b7f5b972c043384d47a26f85de4e87b4c8e59dd1411f39a624a5881438807119,1
223068650610,https://blog.naver.com/PostView.naver?blogId=agapeuni&logNo=223068650610&categoryNo=982,Vagrant - 가상 머신에 CentOS 설치 가이드,2023. 4. 8. 15:56,full-text,,8d3c584cbe34b078795c48362ef0525406a82204acb9bd2875fba868d6488e65,1
223068690601,https://blog.naver.com/PostView.naver?blogId=agapeuni&logNo=223068690601&categoryNo=982,Docker - Windows에서 Docker 설치하기,2023. 4. 8. 17:08,full-text,,a1501c22281f2c0bb15bef659ddaa8f81c6fc2ef83cb1c60944b75f95c7147e2,1
223068731616,https://blog.naver.com/PostView.naver?blogId=agapeuni&logNo=223068731616&categoryNo=982,Dockerfile - Docker 이미지 생성과 컨테이너 실행,2023. 4. 8. 18:23,full-text,,e8f88dbd645e1790b29d1598e9de35e0378daaeb824dd69c72939a4c041c4b8c,1
223068758169,https://blog.naver.com/PostView.naver?blogId=agapeuni&logNo=223068758169&categoryNo=982,Docker - Docker 컨테이너 생명 주기 (LifeCycle),2023. 4. 8. 19:16,full-text,,ff41536151c24ef4ed6b7c305a60def3454fa9da3ba5b5dd8a353c5a73a891b2,1
223069119511,https://blog.naver.com/PostView.naver?blogId=agapeuni&logNo=223069119511&categoryNo=982,레지스트리 편집 - 윈도우에서 하드 드라이브 숨기기/보이기,2023. 4. 9. 9:30,full-text,,8233fb6f71b204d8a08a5f2c63922629ab05d053717613e47f6f0e7b3832636c,1
223069540428,https://blog.naver.com/PostView.naver?blogId=agapeuni&logNo=223069540428&categoryNo=982,"HDD와 SSD - 가성비 vs 속도, HDD와 SSD의 끝장 비교",2023. 4. 9. 21:26,full-text,,e0a2e002f71ecef39fe6d129b5e4ce3f179fcd67b0ac97619af36e8f60bdd76a,1
223069550027,https://blog.naver.com/PostView.naver?blogId=agapeuni&logNo=223069550027&categoryNo=982,RAID 정리 - Redundant Array of Independent Disk,2023. 4. 9. 21:37,full-text,,700fd64bb29e157d87c861add0cb3aaffa51abf6c598518de3b8c996cea7b1c3,1
223069612126,https://blog.naver.com/PostView.naver?blogId=agapeuni&logNo=223069612126&categoryNo=982,OSI 7 Layer - 한눈에 보이는 OSI Model,2023. 4. 9. 22:46,full-text,,b045e8a27d19c7f2d2ee0d30039bbdebbd16bd72088d1c971dc7f53ed272e99d,1
223069634307,https://blog.naver.com/PostView.naver?blogId=agapeuni&logNo=223069634307&categoryNo=982,"네트워크 명령어 - ping, netstat, tracerout",2023. 4. 9. 23:11,full-text,,9f4ae4c24bd62dff62fa41618ed42f0be5963ab5ebaa381f6759a085677cac53,1
223069636183,https://blog.naver.com/PostView.naver?blogId=agapeuni&logNo=223069636183&categoryNo=982,네트워크 설정 - 데비안(Debian) 고정 IP 설정,2023. 4. 9. 23:13,full-text,,b54872010123f0c55b439baa5a6c505baee5f32596a0a135d0da2a40d3819897,1
223070727435,https://blog.naver.com/PostView.naver?blogId=agapeuni&logNo=223070727435&categoryNo=982,"scp, rsync - CentOS 간의 파일 전송",2023. 4. 10. 23:29,full-text,,1cdab9f319f8504e10272e3f91005efc74e78c643a177fc0288bfd97de89dd86,1
223071702423,https://blog.naver.com/PostView.naver?blogId=agapeuni&logNo=223071702423&categoryNo=982,아톰 에디터 - 해킹 가능한 텍스트 편집기 (Atom 1.60.0),2023. 4. 11. 21:02,full-text,,7665bdf6b19ca8129bcb9c6fcb338bb186d960c65d9a0e19374ac023f3e117b2,1
223071705494,https://blog.naver.com/PostView.naver?blogId=agapeuni&logNo=223071705494&categoryNo=982,"에디트 플러스 - Python 색상, Dracula 테마 적용",2023. 4. 11. 21:06,full-text,,33ec6a34c8f9e5041e67596c1dfeea9a06de9be95cea0b446d371aad4da2504a,1
223071874982,https://blog.naver.com/PostView.naver?blogId=agapeuni&logNo=223071874982&categoryNo=982,videofk - 네이버 블로그 동영상 다운로드,2023. 4. 12. 0:29,full-text,,d0fedb700a230f2b7ca421d33b96a7c8fbd2b10e5f8d7839c442af859d588892,1
223071889428,https://blog.naver.com/PostView.naver?blogId=agapeuni&logNo=223071889428&categoryNo=982,리브레 오피스 - 강력한 오픈소스 오피스 Libre Office,2023. 4. 12. 0:49,full-text,,21d9ac3672a4964739853f790863cfbb404551144d405c2443918627b36faa89,1
223072211692,https://blog.naver.com/PostView.naver?blogId=agapeuni&logNo=223072211692&categoryNo=982,삼성노트북 - BIOS 비밀번호 잊어버렸을 때 찾는 방법,2023. 4. 12. 11:53,full-text,,ec9a71f31c502d72d9b926a0ea78589e2c787098e9f82b8befa4e264f32ac3bd,1
223072828292,https://blog.naver.com/PostView.naver?blogId=agapeuni&logNo=223072828292&categoryNo=982,노트북 한영키 - ALT키로 인식할 때 해결 방법,2023. 4. 12. 23:05,full-text,,b7f0135ca76b474997fb44a532d5d8bf1099c10329e10a0da96db5c97e734751,1
223072861607,https://blog.naver.com/PostView.naver?blogId=agapeuni&logNo=223072861607&categoryNo=982,인텔 프로세서 - 그림과 함께 보는 역사 (1971 ~ 2017),2023. 4. 12. 23:40,full-text,,a1d75f89af34be40dba9bf7b0957e30c72daf933a2e3efbb82e3a80dd3247e79,1
223072867227,https://blog.naver.com/PostView.naver?blogId=agapeuni&logNo=223072867227&categoryNo=982,CPU 벤치마크 - 인기있는 CPU (2023년 04월 기준),2023. 4. 12. 23:46,full-text,,15faa9559e8b4f4a17351bff5a84a35fec92fb0c45838ea2ac1c4051c526e336,1
223072903302,https://blog.naver.com/PostView.naver?blogId=agapeuni&logNo=223072903302&categoryNo=982,마우스 사용기 - 로지텍 마우스 업무용으로 사용,2023. 4. 13. 0:28,full-text,,c6c5793254c4688aaeee171bbd0967a96344b4a7c467efd4faf1f46036f1d74e,1
223073913655,https://blog.naver.com/PostView.naver?blogId=agapeuni&logNo=223073913655&categoryNo=982,16Bit vs 32Bit - 16Bit 색상과 32Bit 색상의 차이,2023. 4. 13. 22:45,full-text,,55f401c322ff745c6239340d3aa45ccd7635e0039a05f3cf1a684822bd691395,1
223073917236,https://blog.naver.com/PostView.naver?blogId=agapeuni&logNo=223073917236&categoryNo=982,도스 내부 명령어 - 명령처리기를 읽어야 사용할 수 있는 명령,2023. 4. 13. 22:49,full-text,,fa993f27111a13800f23b834ef6463938bcdd65ed3463d909ec67b1421fb88e2,1
223073928792,https://blog.naver.com/PostView.naver?blogId=agapeuni&logNo=223073928792&categoryNo=982,"윈도우 단축키 - 작업표시줄, 브라우저, 설정창, 시스템 정보",2023. 4. 13. 23:02,full-text,,ad0b1eccc41e297476ac63a56405b06841eedd948cc5d013f63bc8c3ee3d9351,1
223074050299,https://blog.naver.com/PostView.naver?blogId=agapeuni&logNo=223074050299&categoryNo=982,"유용한 단축키 - 화면 캡처하고, 동시에 스크린샷 파일 저장",2023. 4. 14. 3:13,full-text,,0e36e16efe18fa6da2b727c57fc57ea659bb2fe97feeb386fd7cb600a276ae89,1
223074064738,https://blog.naver.com/PostView.naver?blogId=agapeuni&logNo=223074064738&categoryNo=982,"R - R 개요 및 설치, R 스튜디오",2023. 4. 14. 4:51,full-text,,b5175f1d76e97466614c2549c766f1478ade580f57f2fdb426373b6d106b3c6b,1
223074065331,https://blog.naver.com/PostView.naver?blogId=agapeuni&logNo=223074065331&categoryNo=982,R - R의 데이터 구조를 알아보자,2023. 4. 14. 4:55,full-text,,3b2af9e54e95c66e34f22b02c6aca480339710236500f65cad34141454bb5777,1
223074260957,https://blog.naver.com/PostView.naver?blogId=agapeuni&logNo=223074260957&categoryNo=982,GNU/Linux - 리눅스 배포판의 종류와 타임라인,2023. 4. 14. 11:30,full-text,,77764a93675f633ed6644d8136cd3343fc0bb8d5c5b276271bc11cec1dfd959e,1
223074637546,https://blog.naver.com/PostView.naver?blogId=agapeuni&logNo=223074637546&categoryNo=982,페도라 설치 - VMware Workstation Pro 에서 Fedora 설치,2023. 4. 14. 18:05,full-text,,f70ecf3608b6f608ff5592e55fd6151a5d536ea7911b6133af61cb014e1743ab,1
223074652277,https://blog.naver.com/PostView.naver?blogId=agapeuni&logNo=223074652277&categoryNo=982,Fedora 37 - 6개의 Edition으로 공개되었다!,2023. 4. 14. 18:15,full-text,,0c793e129936d1c1c3cef2916221c66f45cb4f5f734b50fb8264af2ebc5fe365,1
223074821789,https://blog.naver.com/PostView.naver?blogId=agapeuni&logNo=223074821789&categoryNo=982,Fedora Server - GNOME 설치 (X Window),2023. 4. 14. 20:19,full-text,,76fc57bafe5b5722cdbfb149e1652f33103197963a6b93bc7a6af9d16ae9cf1b,1
223074841359,https://blog.naver.com/PostView.naver?blogId=agapeuni&logNo=223074841359&categoryNo=982,데비안 설치 - VMware Workstation Pro 에서 Debian 설치,2023. 4. 14. 20:34,full-text,,f8b60e1baea46bbcf5e81ae1b77eaffe62a09db9b5a197dd85c7e748e999f2fe,1
223074945966,https://blog.naver.com/PostView.naver?blogId=agapeuni&logNo=223074945966&categoryNo=982,"Maven - Java 진영 대표 빌드 도구, Maven",2023. 4. 14. 21:55,full-text,,bddbfb29016283ff46f3ebd97224ab96ad1e555964f5398c891097cfcd16fbcb,1
223074953061,https://blog.naver.com/PostView.naver?blogId=agapeuni&logNo=223074953061&categoryNo=982,Maven - 이클립스에서 Maven 프로젝트를 구성,2023. 4. 14. 22:03,full-text,,53989a6e5c4c427b4850ea7c6cd1f97f24ea9450784cb3ac589b1051aaad8554,1
223075126018,https://blog.naver.com/PostView.naver?blogId=agapeuni&logNo=223075126018&categoryNo=982,Gradle - 이클립스에서 Gradle 프로젝트를 구성,2023. 4. 15. 1:52,full-text,,8973ccc0402e201234f13550fbbd8e1c2202c30f0177444d3175c113905f8e34,1
223075495481,https://blog.naver.com/PostView.naver?blogId=agapeuni&logNo=223075495481&categoryNo=982,Maven - 메이븐 프로젝트 명령창에서 생성,2023. 4. 15. 13:38,full-text,,6d784b61ea688a7ea5e55afd40cb7282a86ba7fc6daec140a10377138244e37b,1
223075633648,https://blog.naver.com/PostView.naver?blogId=agapeuni&logNo=223075633648&categoryNo=982,Gradle - 그레이들 프로젝트 명령창에서 생성,2023. 4. 15. 17:47,full-text,,fadb37ec4b7351955382a3555077f9e1ee34b495d1954ec9b4c364090301f0b5,1
223075795622,https://blog.naver.com/PostView.naver?blogId=agapeuni&logNo=223075795622&categoryNo=982,"Ant 빌드 - Ant 빌드 파일, 웹 프로젝트 참고용",2023. 4. 15. 22:37,full-text,,3930d3d293d634b950039b79613a231c62f22642f593f1afe0d25e334cc36368,1
223075799628,https://blog.naver.com/PostView.naver?blogId=agapeuni&logNo=223075799628&categoryNo=982,"Ant 빌드 - Ant 빌드 파일, 프로젝트 진행시 참고",2023. 4. 15. 22:43,full-text,,21da0588cc2c1158adf6859930042ccee4aae8bd8797cb9b06a342f5d7c3ec61,1
223075801752,https://blog.naver.com/PostView.naver?blogId=agapeuni&logNo=223075801752&categoryNo=982,Ant 빌드 - 다른 프로젝트의 Ant파일을 실행하는 방법,2023. 4. 15. 22:46,full-text,,0d96e0c3810416119993eb6b1bb36dd6d7db8ec4ad956e43d5e5410a46cbce63,1
223075886736,https://blog.naver.com/PostView.naver?blogId=agapeuni&logNo=223075886736&categoryNo=982,Ant 빌드 - 오랜만에 다시 사용하게 된 Ant 빌드,2023. 4. 16. 0:58,full-text,,01b28287679848c4e6f003d6f56eaed1a98e7bbf5327c8cf80fbeca05d5dc056,1
223075904570,https://blog.naver.com/PostView.naver?blogId=agapeuni&logNo=223075904570&categoryNo=982,Jenkins - CI / CD를 위한 자동화 도구,2023. 4. 16. 1:41,full-text,,b3b937a773f481f357902b868ffb4d1c48ad1b8c953bccb9207abbbce1a4a35e,1
223078539024,https://blog.naver.com/PostView.naver?blogId=agapeuni&logNo=223078539024&categoryNo=982,SW 테스트 - 소프트웨어 테스트의 개요와 종류를 알아보자,2023. 4. 18. 20:04,full-text,,0fd5cd67b9b051ab9083c09ca2c5d157945f7014e90857428f49c92620f79bad,1
223078543690,https://blog.naver.com/PostView.naver?blogId=agapeuni&logNo=223078543690&categoryNo=982,"JUnit 4 - 어노테이션 활용 (@Test, @After, @Before)",2023. 4. 18. 20:11,full-text,,99025431bb6fd477effa8965458fbbbc1e088fd22785498927307eca42f8afd0,1
223081674407,https://blog.naver.com/PostView.naver?blogId=agapeuni&logNo=223081674407&categoryNo=982,Apache Jmeter - Jmeter를 사용하여 웹 서비스 성능을 점검,2023. 4. 21. 22:18,full-text,,9d29ac6d23c75990145a053e6a2ec60df97bc9228d0efbda6395ebb1b79044a8,1
223081765022,https://blog.naver.com/PostView.naver?blogId=agapeuni&logNo=223081765022&categoryNo=982,VisualVM - VisualVM을 이용한 성능 모니터링,2023. 4. 22. 0:17,full-text,,69544b785e2051457ac4946155dc1c9022165bb7af7f7abee750792735f26e83,1
223082061406,https://blog.naver.com/PostView.naver?blogId=agapeuni&logNo=223082061406&categoryNo=982,JConsole - JConsole을 사용해 애플리케이션 점검,2023. 4. 22. 10:52,full-text,,7af67219bb79acda67a5f355b4151a2bcb39dec6ebc0eee1efa379d8bc91ba02,1
223082128445,https://blog.naver.com/PostView.naver?blogId=agapeuni&logNo=223082128445&categoryNo=982,Oracle JMC - JDK에 포함된 모니터링 도구,2023. 4. 22. 12:45,full-text,,ee346d2e8c7453913381830e894dc9842e6f0d017742821afd7ccccd96e35051,1
223082351913,https://blog.naver.com/PostView.naver?blogId=agapeuni&logNo=223082351913&categoryNo=982,"Version 확인 - Linux, Apache, Tomcat, Java, MySQL",2023. 4. 22. 19:51,full-text,,002802d741e7214ac7a9a9e05cf3a9c20e80da64ed329349be5b4d8db15517a6,1
223086568945,https://blog.naver.com/PostView.naver?blogId=agapeuni&logNo=223086568945&categoryNo=982,MEAN Stack - MEAN Stack에 대해 간단히 알아보자,2023. 4. 27. 11:45,full-text,,298ab2c68b582f91c8216eb52f4e46bd844afc550a2cf682064b4e4a89afd418,1
223087485660,https://blog.naver.com/PostView.naver?blogId=agapeuni&logNo=223087485660&categoryNo=982,JFreeChart - 자바 오픈 소스 데이터 시각화 라이브러리,2023. 4. 28. 10:08,full-text,,c4ad5341e1cba12d24b74fd6367c1b70caf9714e9037cbc1d3744ae46d2bea6a,1
223088071390,https://blog.naver.com/PostView.naver?blogId=agapeuni&logNo=223088071390&categoryNo=982,SSI 프레임워크 - Struts + Spring + iBatis 환경설정,2023. 4. 28. 21:14,full-text,,c3eba66f1bfb6659f75b815ee7427726f7e03ba167984b253b95e8f459ec3f01,1
223088291416,https://blog.naver.com/PostView.naver?blogId=agapeuni&logNo=223088291416&categoryNo=982,JFreeChart - JFreeChart로 시작하는 데이터 시각화,2023. 4. 29. 5:12,full-text,,53148433678799dac96ff6ca9f2b89cfc0dcfb0ae5cd20fd7192f982b1372a65,1
223088879839,https://blog.naver.com/PostView.naver?blogId=agapeuni&logNo=223088879839&categoryNo=982,Velocity - VTL(Velocity Template Language)의 개요와 예제,2023. 4. 29. 22:07,full-text,,364852700676f27fcc82fe5ab802a178f0d40acf16ab8c4c6dbbc2c37c94a44a,1
223089724902,https://blog.naver.com/PostView.naver?blogId=agapeuni&logNo=223089724902&categoryNo=982,Apache - Jakarta Project 개요와 기술 그리고 제품 분류,2023. 4. 30. 22:57,full-text,,44f0023b4cf264474efb226e57884fd93b8e8a18d041451f7a409b06fe97e3c1,1
223091858050,https://blog.naver.com/PostView.naver?blogId=agapeuni&logNo=223091858050&categoryNo=982,"ActiveMQ - ActiveMQ 설치와 실행, Send/Receive 예제",2023. 5. 3. 0:23,full-text,,44192955b664f1f2529becffcf71d869a7d23f996e13adfa41c8aa93f5f316ac,1
223092256731,https://blog.naver.com/PostView.naver?blogId=agapeuni&logNo=223092256731&categoryNo=982,POI 엑셀파일 - 업로드(Upload)/다운로드(Downlad),2023. 5. 3. 12:02,full-text,,71b5b8b607b97b063c2c7a2c73ad9861d4b3b1af38878da3edc87b0648b8a134,1
223092262880,https://blog.naver.com/PostView.naver?blogId=agapeuni&logNo=223092262880&categoryNo=982,JExcel - JXL을 사용하여 Excel 파일로 저장,2023. 5. 3. 13:10,full-text,,83d103c8860e10ae717a5bebb61da25b56ef27b941329c1159ddb4241c459e39,1
223094414789,https://blog.naver.com/PostView.naver?blogId=agapeuni&logNo=223094414789&categoryNo=982,[한글 난독화] 한국인만 알아볼 수 있는 후기를 남기고 싶을 때,2023. 5. 5. 21:14,full-text,,cfd6f8a7b2e6fb92261774566035670348bf21671dd2c39c2003a5ae035f9941,1
223097714056,https://blog.naver.com/PostView.naver?blogId=agapeuni&logNo=223097714056&categoryNo=982,Anaconda - 아나콘다 설치 2023.03 (64-bit),2023. 5. 9. 22:06,full-text,,5d68c0fe9281c35fd981eadffad5cbd65bcb166fc7e75907643ec37148c71cc5,1
223097888990,https://blog.naver.com/PostView.naver?blogId=agapeuni&logNo=223097888990&categoryNo=982,Visual Studio Code - 파이썬 개발툴을 VS Code로 변경,2023. 5. 10. 2:44,full-text,,92312e6577136c506ec5f9f4a5c914a8d0b481b54e63231f006d2e024689d306,1
223098780058,https://blog.naver.com/PostView.naver?blogId=agapeuni&logNo=223098780058&categoryNo=982,Log4j - Log4j 2 설정하기 (log4j2.properties),2023. 5. 10. 23:37,full-text,,054c8209aea7f578fa151f78886217f1c9e0a641717143c7a5fc72debf4c15ab,1
223098862449,https://blog.naver.com/PostView.naver?blogId=agapeuni&logNo=223098862449&categoryNo=982,Log4sql - SQL 쿼리를 로그로 표시,2023. 5. 11. 1:39,full-text,,80b21444e1490745e40d4b4a4e5e049cd59a5cff44bb5c0d64a8f3142e7a6779,1
223099253052,https://blog.naver.com/PostView.naver?blogId=agapeuni&logNo=223099253052&categoryNo=982,"VisualSVN - VisualSVN 설치부터 사용까지, SVN 서버 구축 가이드",2023. 5. 11. 15:10,full-text,,d6a2672002d05be997d7e70fc6a1adbd900f696e09f3be24c98e268e3d7a33a0,1
223099260105,https://blog.naver.com/PostView.naver?blogId=agapeuni&logNo=223099260105&categoryNo=982,"인코딩 설정 - 한글이 깨질 때  (JSP, WAS, DB ...)",2023. 5. 11. 17:20,full-text,,162bd3f2eade3e7c913ca0c91323fd01087eaab7249ab60056f8bfc531cb1057,1
223100503834,https://blog.naver.com/PostView.naver?blogId=agapeuni&logNo=223100503834&categoryNo=982,"패키지 관리 - rpm, yum, apt, dpkg 명령어 정리",2023. 5. 12. 19:43,full-text,,1e85ab1434d2b6b8ae5415485aeb565aa239314bd31e6e4d62b5b6cc021248c9,1
223100511880,https://blog.naver.com/PostView.naver?blogId=agapeuni&logNo=223100511880&categoryNo=982,패키지 관리자 - DNF(Dandified Yum),2023. 5. 12. 22:00,full-text,,77e043ab35b36dab9f7a33f096580b4b135b3d7e841489bc28141bdd130346a8,1
223101077119,https://blog.naver.com/PostView.naver?blogId=agapeuni&logNo=223101077119&categoryNo=982,표준스트림 - 표준스트림의 종류와 /dev/null,2023. 5. 13. 15:21,full-text,,d14b032eba9a5bf5656369a0a882f9da19ddc8cd7dae92f3d5a007cac532c13b,1
223101084899,https://blog.naver.com/PostView.naver?blogId=agapeuni&logNo=223101084899&categoryNo=982,우분투 오류 - Waiting for cache lock: Could not get lock,2023. 5. 13. 15:51,full-text,,5f199d50c8db7bb0b48e43f86c200bd0df4ebf947635ef1e28306e2c3dab062f,1
223102260116,https://blog.naver.com/PostView.naver?blogId=agapeuni&logNo=223102260116&categoryNo=982,Java 웹 개발 환경 - Eclipse 기반 Java 웹 개발 환경 구축,2023. 5. 15. 8:27,full-text,,8e3f858c8f61e70b0c21e6d135c1da1835e96e8caf90421cb31074a018459934,1
223102323429,https://blog.naver.com/PostView.naver?blogId=agapeuni&logNo=223102323429&categoryNo=982,웹개발 환경 - Web Project 생성부터 index.jsp 실행까지,2023. 5. 15. 10:04,full-text,,93d9820e0728565e30d4a977f8b191e72f1997d230c1c6167b46bb1cf65a3800,1
223106299528,https://blog.naver.com/PostView.naver?blogId=agapeuni&logNo=223106299528&categoryNo=982,해시 함수 - 암호학부터 데이터 무결성까지,2023. 5. 19. 13:02,full-text,,abd8138e25fe1828c164a959874b628bbc118f422b638aff027e0bd144edc0f0,1
223106485223,https://blog.naver.com/PostView.naver?blogId=agapeuni&logNo=223106485223&categoryNo=982,UUID - 범용 고유 식별자 버전별 특징과 예제,2023. 5. 19. 17:30,full-text,,5416160ca97b0fc7d2e5ca30d6d0ff4a02185d99c30d5ddebe9b11f09a64a74c,1
223107942010,https://blog.naver.com/PostView.naver?blogId=agapeuni&logNo=223107942010&categoryNo=982,롬복(Lombok) - Lombok 설치부터 사용까지,2023. 5. 21. 20:22,full-text,,6e9fc40999d3cee670b233b2284a8e62ab29117ad3befd3995989dda97cd82ee,1
223110066628,https://blog.naver.com/PostView.naver?blogId=agapeuni&logNo=223110066628&categoryNo=982,React JS - 리액트의 개요와 HelloWorld 예제,2023. 5. 23. 23:38,full-text,,bb5f2242711c50aefde86d39635132748122f0e495db3b8625cef20d96b2eed7,1
223110160078,https://blog.naver.com/PostView.naver?blogId=agapeuni&logNo=223110160078&categoryNo=982,React JS - create-react-app으로 리액트 앱 시작하기,2023. 5. 24. 2:40,full-text,,d3566895fd4dfecc218b50ddf68628cc4ae3102bc0598a6ff4a4aa156066d10a,1
223110188645,https://blog.naver.com/PostView.naver?blogId=agapeuni&logNo=223110188645&categoryNo=982,React JS - 이벤트 핸들러(Event Handler)로 구현한 카운터,2023. 5. 24. 5:43,full-text,,28a0e59dcc089ee2e272014b0511a1d0e5e58bf65768141bae2ba69c4288fa9f,1
223110521036,https://blog.naver.com/PostView.naver?blogId=agapeuni&logNo=223110521036&categoryNo=982,JSON 이해 - JSON 개념부터 JSON-RPC 활용까지,2023. 5. 24. 14:01,full-text,,32e511641fb1d89b042db4053560787110c919a50e3adb7c1ebc8a5fc9669846,1
223110567146,https://blog.naver.com/PostView.naver?blogId=agapeuni&logNo=223110567146&categoryNo=982,JSON 전환 - JSON 문자열과 JavaScript 객체 전환,2023. 5. 24. 16:50,full-text,,ab132aa039213f54313bcaae1b2188ef5372d8fb86e12bc8e6a8714026226fb3,1
223110595230,https://blog.naver.com/PostView.naver?blogId=agapeuni&logNo=223110595230&categoryNo=982,JSON 입문 - 간단한 JSON 예제와 콘솔에서 결과 확인,2023. 5. 24. 19:20,full-text,,40da2d0623952bc1cb14c0018c3e9a98db749cffa0cc92c7daa172274a19c588,1
223112060803,https://blog.naver.com/PostView.naver?blogId=agapeuni&logNo=223112060803&categoryNo=982,Ajax 이해 - 개념부터 동작원리까지 한눈에 정리,2023. 5. 26. 2:54,full-text,,963edbc58227f77d71dae455f17a239840197b2568b3a515c282cc2a9509405d,1
223112073149,https://blog.naver.com/PostView.naver?blogId=agapeuni&logNo=223112073149&categoryNo=982,파일 업로드 - Ajax로 구현한 파일 업로드와 콜백 예제,2023. 5. 26. 4:08,full-text,,044656d59f8a3a55ec381caa08c8a38c80d3e2f418faae647f3d8974fc1ab4b0,1
223112539946,https://blog.naver.com/PostView.naver?blogId=agapeuni&logNo=223112539946&categoryNo=982,Log4Ajax - 편리하고 간단한 AJax 디버깅,2023. 5. 26. 16:17,full-text,,e8ba9321de4ad6e73ce6321fea776eefaa1bd154c71e0132ea7d8f180db93afd,1
223113610966,https://blog.naver.com/PostView.naver?blogId=agapeuni&logNo=223113610966&categoryNo=982,"클라우드 서비스 - 세 가지 모델 SaaS, PaaS, IaaS",2023. 5. 28. 3:56,full-text,,4bbc942ee8dd60bbb6141331c47f413686b4e44a52b8a5f2a73f6b80672fb1ef,1
223114279827,https://blog.naver.com/PostView.naver?blogId=agapeuni&logNo=223114279827&categoryNo=982,"클라우드 서비스 - AWS, Azure, GCP의 개요 및 점유율",2023. 5. 29. 2:21,full-text,,161880a68819a6527f18258626a64e44f6ac81674cf928da4da6475abf34c6d3,1
223114310687,https://blog.naver.com/PostView.naver?blogId=agapeuni&logNo=223114310687&categoryNo=982,Swing - 헬로 스윙 (HelloSwing.java),2023. 5. 29. 5:01,full-text,,55c26ca928c0b40c969ffadc8bcc5965c002f041d791d5dbb09f3e954498cb5a,1
223114312869,https://blog.naver.com/PostView.naver?blogId=agapeuni&logNo=223114312869&categoryNo=982,Swing - BorderLayout에 Button을 배치,2023. 5. 29. 5:18,full-text,,718a635530a9d6bd3a9b4e1a943a0aaa94512b3dc8f46fddca02d4849ee32a27,1
223114547756,https://blog.naver.com/PostView.naver?blogId=agapeuni&logNo=223114547756&categoryNo=982,Swing - JTable을 사용하여 테이블에 데이터 표시,2023. 5. 29. 14:13,full-text,,a29d057b95a4a8785f9dd282d1c5ca078f8a0d3d53523482a13002b9de907deb,1
223114593062,https://blog.naver.com/PostView.naver?blogId=agapeuni&logNo=223114593062&categoryNo=982,DB 연결 테스트 - Java와 Python으로 DB 연결 테스트,2023. 5. 29. 17:00,full-text,,3d2b7c8233d1ba8f5e076423a76036a88cdc85ff47853036f3a2ed899c4be6b5,1
223114622411,https://blog.naver.com/PostView.naver?blogId=agapeuni&logNo=223114622411&categoryNo=982,MariaDB - MariaDB 10.10.2와 HeidiSQL 12.3.0 설치,2023. 5. 29. 19:00,full-text,,715ea614c510f7d1b48831ee4809be428370d209996b5f5d8408cb2bb47fc987,1
223114627703,https://blog.naver.com/PostView.naver?blogId=agapeuni&logNo=223114627703&categoryNo=982,SQL 명령어 - 학습용 테이블과 데이터를 생성,2023. 5. 29. 16:04,full-text,,b7a4e177a4e94a9e5599be89c53fce4fef5bce67a060bd6aaf9c1a47977692f4,1
223114631858,https://blog.naver.com/PostView.naver?blogId=agapeuni&logNo=223114631858&categoryNo=982,MySQL 설치 - 페도라 리눅스에 MySQL 8.0.30 설치,2023. 5. 29. 21:00,full-text,,ab1d15b5f122bdcd3daab771da2e05bd3988b9bc59e663954ce2ace32ee53bb8,1
223117027706,https://blog.naver.com/PostView.naver?blogId=agapeuni&logNo=223117027706&categoryNo=982,"Java 연동 예제 - 몽고디비 설치, 환경 설정, 코드 테스트까지 한 번에",2023. 5. 31. 23:59,full-text,,cb27a305576613d7b3775b395e94a4cf05c09f9aaa4fead4c4e9ec0ae3a3c288,1
223117130694,https://blog.naver.com/PostView.naver?blogId=agapeuni&logNo=223117130694&categoryNo=982,CRUD 실습 - Shell 명령어로 배우는 데이터 관리,2023. 6. 1. 4:01,full-text,,085ff9c850a506d32969be311f0aec074b8f93828225d0c66b55009d0cdb559e,1
223117132191,https://blog.naver.com/PostView.naver?blogId=agapeuni&logNo=223117132191&categoryNo=982,CRUD 실습 - MongoDB로 배우는 회원 데이터 관리,2023. 6. 1. 7:00,full-text,,cc4e89bcccfb5e2688729651183490e5bebcf3ab9b1d33ee35b291c604ef8769,1
223118102538,https://blog.naver.com/PostView.naver?blogId=agapeuni&logNo=223118102538&categoryNo=982,Raspberry Pi - 라즈베리 파이에 MongoDB 설치,2023. 6. 2. 9:00,full-text,,3a55d8f0280f685f01ac9f17c3ccefefe0c51bd039e6bef84aaefaf52240738f,1
223118103347,https://blog.naver.com/PostView.naver?blogId=agapeuni&logNo=223118103347&categoryNo=982,Fedora 리눅스 - MongoDB 설치부터 실행까지 완벽 가이드,2023. 6. 2. 3:07,full-text,,8e5f2d5428d14f5d1fb6f162ad1498e5572c66317ce326aab7f3fab6c23c7476,1
223118605154,https://blog.naver.com/PostView.naver?blogId=agapeuni&logNo=223118605154&categoryNo=982,자바(Java) 개발자는 익숙하지 않은 파이썬(Python)의 표현 #1,2023. 6. 2. 16:36,full-text,,0541ec37bf1c48650bf463aaa10e481e886c35fcd0588c198e693cf78c985832,1
223119700070,https://blog.naver.com/PostView.naver?blogId=agapeuni&logNo=223119700070&categoryNo=982,MS Azure - Azure 기본 사항 클라우드 개념 (학습 정리),2023. 6. 4. 4:18,full-text,,250b603a251b27c08bcf0f743da053efaa7c4d862498644f560d8081f5645081,1
223120149426,https://blog.naver.com/PostView.naver?blogId=agapeuni&logNo=223120149426&categoryNo=982,MS Azure - Azure 핵심 아키텍처 구성 요소 (학습 정리),2023. 6. 4. 21:04,full-text,,5554201ce0b45f29597b453b0f07666b79f8178aed1bf7c7722637264c764640,1
223120357660,https://blog.naver.com/PostView.naver?blogId=agapeuni&logNo=223120357660&categoryNo=982,MS Azure - Azure 컴퓨팅 및 네트워킹 서비스 (학습 정리),2023. 6. 5. 1:50,full-text,,d03552926bc2955c4b119d0c78413d95f451c3268e0d6c4bd010d36091331214,1
223121668781,https://blog.naver.com/PostView.naver?blogId=agapeuni&logNo=223121668781&categoryNo=982,IntelliJ IDEA - IntelliJ IDEA 설치와 HelloWorld 실행,2023. 6. 6. 16:26,full-text,,8aab6847cfeccbe2284f3408d3623cfa86c32e3d26bc18c59a544f8f62df3ea2,1
223121703642,https://blog.naver.com/PostView.naver?blogId=agapeuni&logNo=223121703642&categoryNo=982,STS 4 설치 - Spring Starter 프로젝트 실행,2023. 6. 6. 19:20,full-text,,5ace6548454e3dfda174a071e2c07d687af7f432edd808abe6a6fcc7bf336e5a,1
223122084303,https://blog.naver.com/PostView.naver?blogId=agapeuni&logNo=223122084303&categoryNo=982,mongoose - CRUD부터 실행까지 웹 앱 만들기,2023. 6. 7. 2:33,full-text,,3980dd275819a9ce5fd6c13f55ebef19e9bc2a7467da32b88334b845ba35e642,1
223123418834,https://blog.naver.com/PostView.naver?blogId=agapeuni&logNo=223123418834&categoryNo=982,웹서버와 WAS - 웹 서버와 WAS의 구성,2023. 6. 8. 13:57,full-text,,b416526549f2004be191fd308cdf25136f5f9dcf2ec0f75c48c64842968ea054,1
223123515399,https://blog.naver.com/PostView.naver?blogId=agapeuni&logNo=223123515399&categoryNo=982,톰켓(Tomcat) - AJP로 톰캣과 아파치와 연동하기,2023. 6. 8. 15:31,full-text,,17a68a29feee16f2831f9e43201cc89cd19708a274735269c8caf2e924b8a9e5,1
223123596449,https://blog.naver.com/PostView.naver?blogId=agapeuni&logNo=223123596449&categoryNo=982,톰켓(Tomcat) - 페도라 리눅스에 아파치 톰캣 설치,2023. 6. 8. 17:50,full-text,,e03a7c67b5d8dd86010ef1584c188259e2663679dfcc9f3729e3d744d8f80b3c,1
223125513472,https://blog.naver.com/PostView.naver?blogId=agapeuni&logNo=223125513472&categoryNo=982,Spring Boot - VS Code로 Spring Boot 프로젝트 시작,2023. 6. 10. 23:53,full-text,,1f5478c80bc4519a3e28752dacf7e19f285b8f23b9ef2d641869eda291ec77ae,1
223129937567,https://blog.naver.com/PostView.naver?blogId=agapeuni&logNo=223129937567&categoryNo=982,JSTL 사용법 - JSP 개발의 생산성을 높이는 표준 태그 가이드,2023. 6. 15. 20:10,full-text,,49860b3abfadde42f3a0c4994303d9a93e05c03d94bc25a6df61585214ddd661,1
223129976872,https://blog.naver.com/PostView.naver?blogId=agapeuni&logNo=223129976872&categoryNo=982,"EL 사용법 - 내장 객체, 연산자, 표현식 정리",2023. 6. 15. 21:02,full-text,,d13253e178620464dc09de73938b173647dc1f640e6149dd18105dbe753f962e,1
223129999159,https://blog.naver.com/PostView.naver?blogId=agapeuni&logNo=223129999159&categoryNo=982,JSTL 포맷팅 가이드 - fmt로 날짜와 숫자를 깔끔하게 출력하는 법,2023. 6. 15. 23:40,full-text,,74b6e3ed1c3b7cd54e05ece0990c5daec7c639537c190236f4f4dbef50efb9fe,1
223130142585,https://blog.naver.com/PostView.naver?blogId=agapeuni&logNo=223130142585&categoryNo=982,JSTL 태그 - JSTL로 구현하는 반복문과 조건문,2023. 6. 16. 2:30,full-text,,4996403d89fdff5c51ab80e3634d3f840953ad671d7fe72c2980668fb4681dfb,1
223130183507,https://blog.naver.com/PostView.naver?blogId=agapeuni&logNo=223130183507&categoryNo=982,앤스콤 데이터 함정 - 데이터 분석의 오류를 피하는 법,2023. 6. 16. 1:51,full-text,,f9b8b17e4d8d84651266690468f262aa7f56051d471ea57117debbda55da669e,1
223131650462,https://blog.naver.com/PostView.naver?blogId=agapeuni&logNo=223131650462&categoryNo=982,커스텀 태그 만들기 - 문자열 자르기 태그 개발부터 JSP 적용까지,2023. 6. 17. 22:59,full-text,,36c8fdd880b5b59b77f21efe1b047be9b98a10ac50e29cd109ecfdbadf8a7dbf,1
223131714650,https://blog.naver.com/PostView.naver?blogId=agapeuni&logNo=223131714650&categoryNo=982,Tab과 Layout - 페이지 영역을 구성하는 Tab과 Layout,2023. 6. 18. 0:35,full-text,,c503aff8b2437b86be92370e35c059960c4e4f1defb01fb8a3121bc81c9f0550,1
223131714804,https://blog.naver.com/PostView.naver?blogId=agapeuni&logNo=223131714804&categoryNo=982,"jQuery 플러그인 - Checkbox Tree로 부서 조직도, 카테고리",2023. 6. 18. 1:36,full-text,,1cdf924f6f5ea753df7783a8a33fce9735f6894777d8c87e7a2fd26b1a243c0a,1
223132346798,https://blog.naver.com/PostView.naver?blogId=agapeuni&logNo=223132346798&categoryNo=982,jqGrid - 심플한 그리드 화면을 손쉽게 구현,2023. 6. 18. 23:18,full-text,,78b24c8067de0672a42c06384e547e537cb5d6229c54f496c67319b109480e74,1
223132386087,https://blog.naver.com/PostView.naver?blogId=agapeuni&logNo=223132386087&categoryNo=982,jqGrid - JSON 데이터를 사용하여 구현,2023. 6. 19. 0:03,full-text,,08cfb13950ae37c585ffd393f5b3bbf8852c1cdf2af94a18c130998e422f45e7,1
223135351534,https://blog.naver.com/PostView.naver?blogId=agapeuni&logNo=223135351534&categoryNo=982,SQLite - SQLite 연결 테스트 (Java / Python),2023. 6. 21. 23:48,full-text,,3fc20f7b65dbb66eecb1d8cef1f26baa629fdff831af04b56c0874c5ec1fdaa1,1
223135358607,https://blog.naver.com/PostView.naver?blogId=agapeuni&logNo=223135358607&categoryNo=982,"SQLite - SQLite 개요, 데이터관리 및 유용한 함수",2023. 6. 21. 23:56,full-text,,d6412c0cdab64189c55aec5da0a3c98c2e7392878a102bb08608f876e393cddd,1
223136908430,https://blog.naver.com/PostView.naver?blogId=agapeuni&logNo=223136908430&categoryNo=982,통합 개발 도구 - 프로젝트 현장에서 많이 사용하는,2023. 6. 23. 16:28,full-text,,7d85c30b91c4e20880799c1a4da3b981210976d375f1f7c08f462958b2bfbc80,1
223136914072,https://blog.naver.com/PostView.naver?blogId=agapeuni&logNo=223136914072&categoryNo=982,소스코드 관리 - 프로젝트 현장에서 많이 사용하는,2023. 6. 23. 16:33,full-text,,cc6f8f2f8de7bc5d703a6b757a07d5df4c2944246ca79c538ae41f3d8afaf4be,1
223136920913,https://blog.naver.com/PostView.naver?blogId=agapeuni&logNo=223136920913&categoryNo=982,빌드 시스템 - 프로젝트 현장에서 많이 사용하는,2023. 6. 23. 16:40,full-text,,b83c6d3d1ec5efa6d2b8e337847b5dd4704256fd053736815f2bb9d96c952052,1
223136931128,https://blog.naver.com/PostView.naver?blogId=agapeuni&logNo=223136931128&categoryNo=982,CI/CD 도구 - 프로젝트 현장에서 많이 사용하는,2023. 6. 23. 16:50,full-text,,ed185dcf36c844c56a00ed9b346272c4983ab2e5b77723f076a788cc4fcec9a6,1
223136936826,https://blog.naver.com/PostView.naver?blogId=agapeuni&logNo=223136936826&categoryNo=982,이슈 추적 도구 - 프로젝트 현장에서 많이 사용하는,2023. 6. 23. 16:56,full-text,,d64d637c829373dc598fd81aa6a2b6e8a1aa02e955048f4aa4cb554915864b6e,1
223136946040,https://blog.naver.com/PostView.naver?blogId=agapeuni&logNo=223136946040&categoryNo=982,프로젝트 관리 도구 - 프로젝트 현장에서 많이 사용하는,2023. 6. 23. 17:05,full-text,,4a16116cb7375035cbea1f5e94115ee4da18cdd6be464100d250934097820a31,1
223136950714,https://blog.naver.com/PostView.naver?blogId=agapeuni&logNo=223136950714&categoryNo=982,커뮤니케이션 도구 - 프로젝트 현장에서 많이 사용하는,2023. 6. 23. 17:10,full-text,,2a0ce9c07800acbc8f36d8cee0c080448a2361d7adc19dc589c07a648cc3b139,1
223136963796,https://blog.naver.com/PostView.naver?blogId=agapeuni&logNo=223136963796&categoryNo=982,성능분석 도구 - 프로젝트 현장에서 많이 사용하는,2023. 6. 23. 17:23,full-text,,8dba1cb1aa69265ff43f8d81a7745ca0f65becfdc84b7d00dd7e7ba926450f65,1
223136968890,https://blog.naver.com/PostView.naver?blogId=agapeuni&logNo=223136968890&categoryNo=982,테스트 프레임워크 - 프로젝트 현장에서 많이 사용하는,2023. 6. 23. 17:28,full-text,,8b473a2e89edadb5d324169f62c9af2ebe8ae59b51f79a4b77fbc4b7096a047c,1
223137296642,https://blog.naver.com/PostView.naver?blogId=agapeuni&logNo=223137296642&categoryNo=982,Tibero - Tibero 연결 테스트 (tibero6-jdbc.jar),2023. 6. 24. 1:43,full-text,,005a3e096be33339a06fff23a5c56b4e5ab0dc43f5ffc4504bb7cfb3be57d958,1
223137299611,https://blog.naver.com/PostView.naver?blogId=agapeuni&logNo=223137299611&categoryNo=982,DB2 - DB2 연결 테스트 (db2jcc4.jar),2023. 6. 24. 1:51,full-text,,3affbab96aeadbb9d0d02e0345db2e33157bfd0ebb4c332ed4823dc34cb3cd30,1
223137312995,https://blog.naver.com/PostView.naver?blogId=agapeuni&logNo=223137312995&categoryNo=982,SQL 코딩 기술 - 똑똑하게 코딩하는 61가지 방법 #1,2023. 6. 24. 2:35,full-text,,8c379d099c14cb152d49d4e0a28431f092ddef39fe881650d8738d135f28c856,1
223137320071,https://blog.naver.com/PostView.naver?blogId=agapeuni&logNo=223137320071&categoryNo=982,SQL 코딩 기술 - 똑똑하게 코딩하는 61가지 방법 #2,2023. 6. 24. 3:04,full-text,,6ea0158da32d1594731eb5504089f844cbd98ad9f5aa84229d2dc40d03e72d76,1
223137320849,https://blog.naver.com/PostView.naver?blogId=agapeuni&logNo=223137320849&categoryNo=982,SQL 코딩 기술 - 똑똑하게 코딩하는 61가지 방법 #4,2023. 6. 24. 3:39,full-text,,75eefcc1bffa02eb1311e1e10bbcb62ba01fc62698d8059e6994faacc196d7f5,1
223137324966,https://blog.naver.com/PostView.naver?blogId=agapeuni&logNo=223137324966&categoryNo=982,SQLGate - 가볍고 생산성이 좋은 디비툴,2023. 6. 24. 4:30,full-text,,ced53d46493953fe8b2a2a66084e8bfacc75f89509721073b1a1613adfabeb67,1
223137326297,https://blog.naver.com/PostView.naver?blogId=agapeuni&logNo=223137326297&categoryNo=982,MS SQL Server - PLM 프로젝트로 20년 만의 재회,2023. 6. 24. 5:40,full-text,,e9ea59069bba5846e14ecc590e3475452e7cf8187b68bb474188ebf51eee0754,1
223137832801,https://blog.naver.com/PostView.naver?blogId=agapeuni&logNo=223137832801&categoryNo=982,Jupyter notebook - 주피터 노트북 설치하기,2023. 6. 24. 22:25,full-text,,7c1345f2ec3a7d4c00418d2e01d344491c517f0bfdf13bb793027bdc8d47116a,1
223137915849,https://blog.naver.com/PostView.naver?blogId=agapeuni&logNo=223137915849&categoryNo=982,XML 문법 - Well-formed XML에 관해 알아보자,2023. 6. 25. 0:28,full-text,,5798b00abc8fa70e2d9cbc05d3191900bb1edeafa7d9cd3eccf289c777299428,1
223138338046,https://blog.naver.com/PostView.naver?blogId=agapeuni&logNo=223138338046&categoryNo=982,"Java 웹 개발 - HelloWorld. 안녕, 서블릿",2023. 6. 25. 18:02,full-text,,27639f9b6d5bc194ad8ae9f0840ceec2a09b58723f5a58b747e6c7f3c354a56c,1
223138357996,https://blog.naver.com/PostView.naver?blogId=agapeuni&logNo=223138357996&categoryNo=982,지시자(Directive) - JSP로 배우는 자바 웹 개발 기초,2023. 6. 25. 18:35,full-text,,2f3c4d08291d4e59603580d2a0861dcd759002075b99bc7c701babf572b742ed,1
223138383022,https://blog.naver.com/PostView.naver?blogId=agapeuni&logNo=223138383022&categoryNo=982,JSP 페이지 이동 - JSP에서 페이지 이동하는 4가지 방법,2023. 6. 25. 19:20,full-text,,1ba568019001bb8886cd49b5b900c2ff49605ba3aafaab01c6cd78c459ab9a81,1
223138465399,https://blog.naver.com/PostView.naver?blogId=agapeuni&logNo=223138465399&categoryNo=982,"Encoding - 서버, DB, JVM까지 JSP 인코딩 테스트 코드",2023. 6. 25. 21:23,full-text,,bd54799c86f69f475a5f52696ebaa7a3f2659a59f048fd0c4c0c5fa623d231a4,1
223138476564,https://blog.naver.com/PostView.naver?blogId=agapeuni&logNo=223138476564&categoryNo=982,"Version - Tomcat과 JSP, Servlet 버전 호환",2023. 6. 25. 22:00,full-text,,4f771a78cf44596ada1c5022aed12e3822adc5c62c4e074a185f5c8ad1224d6a,1
223138514916,https://blog.naver.com/PostView.naver?blogId=agapeuni&logNo=223138514916&categoryNo=982,Lifecycle - 번역부터 소멸까지 JSP 생명주기에 대한 이해,2023. 6. 25. 22:24,full-text,,7e73cd4c8fdb36331531186681c5cfc30fd43aa22803197aa71f4dc83176072c,1
223138630080,https://blog.naver.com/PostView.naver?blogId=agapeuni&logNo=223138630080&categoryNo=982,[JSP/Servlet] CSV 파일 업로드 / 다운로드 (cos.jar 이용),2023. 6. 26. 0:47,full-text,,7370006a6ef004308bd38e7155a699332faee1f16505aa9358b9143af561f959,1
223138652603,https://blog.naver.com/PostView.naver?blogId=agapeuni&logNo=223138652603&categoryNo=982,HTML 역사 - HyperText Markup Language의 탄생과 역사,2023. 6. 26. 1:36,full-text,,fadd51f123cf7dbca914a5ce7f9c786eb2e1f8ab2b9830e42b6ceb669c49d605,1
223138655773,https://blog.naver.com/PostView.naver?blogId=agapeuni&logNo=223138655773&categoryNo=982,HTML 태그 총정리 - 웹페이지 구성에 필요한 태그 총정리,2023. 6. 26. 1:44,full-text,,d85ec61b2af1479a60aa10655a2375eb670abe81b1e7c00d95a757f078d48e60,1
223138660285,https://blog.naver.com/PostView.naver?blogId=agapeuni&logNo=223138660285&categoryNo=982,웹 표준 기초 - MIME-Type과 메타태그 속성정의,2023. 6. 26. 2:36,full-text,,b42804baecedbbc32c911c85790656d8275cd158d38034794cdebea40d3c8baa,1
223141947993,https://blog.naver.com/PostView.naver?blogId=agapeuni&logNo=223141947993&categoryNo=982,jQuery란? - 기초 개념부터 사용법까지 한눈에 정리,2023. 6. 29. 12:04,full-text,,d411b2056e9e6c02c65fe92ed159a2cd85b42fc008f74d75a2cf9b107b23cc40,1
223143016576,https://blog.naver.com/PostView.naver?blogId=agapeuni&logNo=223143016576&categoryNo=982,Checkbox - 체크박스 기능정리,2023. 6. 30. 13:38,full-text,,d04604947cc451a5ed944a56ba9380ca351cfb64f56cc510662bbbe30b8ec6a2,1
223143241895,https://blog.naver.com/PostView.naver?blogId=agapeuni&logNo=223143241895&categoryNo=982,개발자 설문조사 - Programmers 온라인 설문조사 (2021년),2023. 6. 30. 17:20,full-text,,aa94e0d8b66627eb61fefbd7645c7a42554aafa8f03c44abc3d76e5ceaa74bd4,1
223146005530,https://blog.naver.com/PostView.naver?blogId=agapeuni&logNo=223146005530&categoryNo=982,DOM Element - jQuery에서 DOM Element를 다루는 방법,2023. 7. 3. 23:32,full-text,,508bce51402b4af64267532039e518f6f46f4fd439007149eea6a67ed79f5862,1
223146322068,https://blog.naver.com/PostView.naver?blogId=agapeuni&logNo=223146322068&categoryNo=982,Hello World - JavaScript 입문 (Hello JavaScript),2023. 7. 4. 10:59,full-text,,840b230a0247a7c2cf17df900624c4901af6cda953fba55db209c4f29be287fe,1
223153469446,https://blog.naver.com/PostView.naver?blogId=agapeuni&logNo=223153469446&categoryNo=982,Hello World - 프로그래밍을 처음 배울 때 작성하는 코드,2023. 7. 11. 23:26,full-text,,42c269fe9e26d395bb1daa879c57d7bb08180eb3582cff8f621dbc9cecf7aea5,1
223153567282,https://blog.naver.com/PostView.naver?blogId=agapeuni&logNo=223153567282&categoryNo=982,리플렉트(reflect) - 클래스에 정의된 필드와 메서드를 출력,2023. 7. 12. 2:07,full-text,,2c1c094afb3719354fb5baad1504da0daabc437e23fc8a90bef58a9d0a9b465e,1
223157756609,https://blog.naver.com/PostView.naver?blogId=agapeuni&logNo=223157756609&categoryNo=982,소스코드 속도실험 - StringBuffer와 String의 비교,2023. 7. 16. 19:10,full-text,,5e9ab5088284510221f0d1cd877ecb759f631329a7d81ae8f5fbd2e586a82a6e,1
223157769021,https://blog.naver.com/PostView.naver?blogId=agapeuni&logNo=223157769021&categoryNo=982,랜덤값 생성 - 자바에서 다양한 범위 랜덤 숫자 생성,2023. 7. 16. 20:30,full-text,,b0a7de1e8ee8269001496fc0bb6d839b8eae9fe199472400b28e579e890d42f2,1
223157776339,https://blog.naver.com/PostView.naver?blogId=agapeuni&logNo=223157776339&categoryNo=982,시스템 명령 실행 - 자바로 CMD 명령어 실행하는 방법,2023. 7. 16. 22:00,full-text,,c941e84cc2d87c0ec3763f2938616b7009f3b6d6a8340499bf121d8f555964bb,1
223158399535,https://blog.naver.com/PostView.naver?blogId=agapeuni&logNo=223158399535&categoryNo=982,Spring 설정파일 - Spring 환경에서 ContextLoader 설정,2023. 7. 17. 12:24,full-text,,d4096d3b23022e391c3c78e35d0a1bb6377e6fd694c35032e9950c49358999cb,1
223158406659,https://blog.naver.com/PostView.naver?blogId=agapeuni&logNo=223158406659&categoryNo=982,Spring MVC - Spring MVC의 구성요소와 동작 흐름 정리,2023. 7. 17. 12:33,full-text,,22bd0128e0fd287587b116941a4fcfc5e21eb605b76ccac1a4c65cb8d5f841e2,1
223158923824,https://blog.naver.com/PostView.naver?blogId=agapeuni&logNo=223158923824&categoryNo=982,"Spring MVC - 애플리케이션 만들기, 이클립스 프로젝트 생성",2023. 7. 17. 21:56,full-text,,df81428c30ff01fa28955c9dc6907b5e8b5c34212a03777ef0b610af82416a62,1
223158932421,https://blog.naver.com/PostView.naver?blogId=agapeuni&logNo=223158932421&categoryNo=982,"Spring MVC - 애플리케이션 만들기, View와 Controller",2023. 7. 17. 23:16,full-text,,9a7e4d1208f342b5f8803d3e40dd134eae39383969340c6c7c743af58a28cd2a,1
223158988086,https://blog.naver.com/PostView.naver?blogId=agapeuni&logNo=223158988086&categoryNo=982,Spring MVC - Annotation을 이용한 이중 Submit 방지,2023. 7. 18. 3:00,full-text,,0a3cc006865b31b96348d179997fca63911add71a9aabb60f23d465156b66061,1
223162083066,https://blog.naver.com/PostView.naver?blogId=agapeuni&logNo=223162083066&categoryNo=982,한글 입력 오류 - 한글 입력시 자음과 모음이 분리되는 현상,2023. 7. 21. 5:38,full-text,,edbb47aacb355884e332099bdca7e231c1da96294191056dce981c7600ab4410,1
223163151786,https://blog.naver.com/PostView.naver?blogId=agapeuni&logNo=223163151786&categoryNo=982,InetSocketAddress - Java로 원격 서버 포트 열려있는지 확인,2023. 7. 22. 13:32,full-text,,88f2758b618e53ecec5c4a9e1387f6f69ce2f2f7ad1b38505f3b51dc1f114b4f,1
223163898573,https://blog.naver.com/PostView.naver?blogId=agapeuni&logNo=223163898573&categoryNo=982,Serializable - 자바 객체 직렬화 쉽게 이해하기,2023. 7. 23. 16:43,full-text,,bcc36f25911ece53266ada188bc7d774f85a13c6e5d59399aa43a90c172e99d0,1
223164967653,https://blog.naver.com/PostView.naver?blogId=agapeuni&logNo=223164967653&categoryNo=982,"리팩토링 - 클린 코드의 첫걸음, 나쁜 냄새부터 잡아라",2023. 7. 24. 19:48,full-text,,b3c3f26ea80070c2795ce4045a47cdfd40bab79e6067c3ec22ac736a549a9382,1
223165012091,https://blog.naver.com/PostView.naver?blogId=agapeuni&logNo=223165012091&categoryNo=982,Java 실무 팁 7가지 - Java 개발자에게 유용한 코딩 기법,2023. 7. 24. 20:49,full-text,,c49b8279cee39fb87f7f7c49513cfb15b9ff57718ad121863434af81094ff602,1
223166244573,https://blog.naver.com/PostView.naver?blogId=agapeuni&logNo=223166244573&categoryNo=982,화면모드 전환 - 입력화면과 수정화면을 인쇄전용 화면으로 전환,2023. 7. 26. 4:35,full-text,,c15dfe93b973aed56a7437b9a02042b308df3c3fce37c8c0c5af017fb4b7d7df,1
223166246786,https://blog.naver.com/PostView.naver?blogId=agapeuni&logNo=223166246786&categoryNo=982,Checkbox - 체크여부 확인 및 일괄선택/일괄해제,2023. 7. 26. 4:49,full-text,,b5309fb0b126087d0a10978ea13b34e635a964b6f260a126b451eaff6a2c3fad,1
223166251785,https://blog.naver.com/PostView.naver?blogId=agapeuni&logNo=223166251785&categoryNo=982,jQuery Tree - 부서 조직도를 손쉽게 구현,2023. 7. 26. 7:20,full-text,,e60e63eb0b92ea6e69f4a80aa8511eaaefff423d5e777334d821942758c68a4b,1
223166417954,https://blog.naver.com/PostView.naver?blogId=agapeuni&logNo=223166417954&categoryNo=982,"Easing Plugin - jQuery Easing 예제, 동적인 UI 만들기",2023. 7. 26. 10:54,full-text,,749e5083dbe0985c47efcfc949a3bab52e51b1ab7e4476412b9594ce37dc9cfe,1
223166425408,https://blog.naver.com/PostView.naver?blogId=agapeuni&logNo=223166425408&categoryNo=982,jQuery 실용 팁 - 화면 구현시 자주 쓰는 실전 코드 모음,2023. 7. 26. 13:00,full-text,,e56debc2b4f01ed3a2df8623d48c21bc7c793d13ae7d5f3501e7b5afd4a82231,1
223169358998,https://blog.naver.com/PostView.naver?blogId=agapeuni&logNo=223169358998&categoryNo=982,MS Azure - Azure Storage 서비스 (학습 정리),2023. 7. 29. 16:18,full-text,,78c590d187da5e3ad64821c9ecb414534e8abe832e5baa26c7d9746ab3f7764b,1
223169509335,https://blog.naver.com/PostView.naver?blogId=agapeuni&logNo=223169509335&categoryNo=982,"MS Azure - Azure ID, 액세스 및 보안 (학습 정리)",2023. 7. 29. 20:50,full-text,,07fe82f6357f270efebe0c9c1bc64ae0ac1c01bef7642217bfac0851d16f749e,1
223169634207,https://blog.naver.com/PostView.naver?blogId=agapeuni&logNo=223169634207&categoryNo=982,"MS Azure - Azure의 비용 관리, TCO 계산기 (학습 정리)",2023. 7. 30. 0:02,full-text,,2375c383532d53f9c8ccb1a69fe6f94f232d9669eefc3d0b339094a9038cae0f,1
223169729226,https://blog.naver.com/PostView.naver?blogId=agapeuni&logNo=223169729226&categoryNo=982,MS Azure - 거버넌스 및 규정 준수를 위한 Azure,2023. 7. 30. 4:30,full-text,,552c3acf8d946737966cc6d391bc17307c7253dd25e9d6cd77879d852469a7dc,1
223174380746,https://blog.naver.com/PostView.naver?blogId=agapeuni&logNo=223174380746&categoryNo=982,[XML] 외국 문자나 특수 문자가 있는 문서를 작성하는 방법,2023. 8. 4. 4:40,full-text,,5b2f22ce2a35a44f4c15706a8646b7703792e7f5357ced6943902ffdc0896157,1
223174382418,https://blog.naver.com/PostView.naver?blogId=agapeuni&logNo=223174382418&categoryNo=982,"JDK, JRE - 지금까지 배포된 JDK 버전별 다운로드 링크 정리",2023. 8. 4. 4:49,full-text,,baebe7554ce272087d0af0e5aed69583f4746a344fb5a520911575bda62d2772,1
223175022393,https://blog.naver.com/PostView.naver?blogId=agapeuni&logNo=223175022393&categoryNo=982,XML 문법 - XSLT 파일을 이용해 XML 데이터를 정렬,2023. 8. 4. 19:51,full-text,,0dcdeebe2c384c502aa6b576d75fff3b125fc89414a202e3d214b33a1866f1df,1
223175210135,https://blog.naver.com/PostView.naver?blogId=agapeuni&logNo=223175210135&categoryNo=982,XML - XSLT 파일을 이용해 XML 데이터를 if 조건에 따라 표시,2023. 8. 5. 0:13,full-text,,74d4772f3d14bdb08c2462f9766b93182fdb305d291a1b1b2cd17007bb2d7644,1
223175230797,https://blog.naver.com/PostView.naver?blogId=agapeuni&logNo=223175230797&categoryNo=982,XML - XSLT 파일을 이용해 XML 데이터 choose 조건에 따라 표시,2023. 8. 5. 2:50,full-text,,7a1e2d093d62aa473c8528266f6a1b36223ca02d573c412a5b301c2919d9ca33,1
223175244965,https://blog.naver.com/PostView.naver?blogId=agapeuni&logNo=223175244965&categoryNo=982,XML - XSLT 파일의 apply-templates를 이용해 XML 데이터 표시,2023. 8. 5. 5:00,full-text,,fb2ef973469686fc3f7b942ac62d9598731cf04663518739f314bead96230153,1
223175282158,https://blog.naver.com/PostView.naver?blogId=agapeuni&logNo=223175282158&categoryNo=982,무채색 색상 테이블 - HEXA 값과 RGB 숫자를 표기,2023. 8. 5. 3:31,full-text,,5b3eaa991f4c27ae9cb4bfbcfe4b11c16358242aae090397a37f0bdcef59793b,1
223175300695,https://blog.naver.com/PostView.naver?blogId=agapeuni&logNo=223175300695&categoryNo=982,색상 테이블 - 138개의 색상값과 색상이름 그리고 색상표,2023. 8. 5. 7:00,full-text,,fae8cae72f7b84e41568aa03e34c9f35d834aa87d7c793beddada3b7c0366f31,1
223175613097,https://blog.naver.com/PostView.naver?blogId=agapeuni&logNo=223175613097&categoryNo=982,Float 속성 - 위치 지정 속성 Float에 관해 자세히 알아보자,2023. 8. 5. 16:21,full-text,,3ba9ca44e9703213649604dcfd2bc9963fc692f724a30971c582539aa3dd366f,1
223176778846,https://blog.naver.com/PostView.naver?blogId=agapeuni&logNo=223176778846&categoryNo=982,Selector - 선택자(Selector)에 대해서 한번 정리해 보자,2023. 8. 7. 9:50,full-text,,20b534b189616497dfbdf050ecd4ba364adb24c9db5840ea2cf55403c32d9933,1
223177563863,https://blog.naver.com/PostView.naver?blogId=agapeuni&logNo=223177563863&categoryNo=982,공통 CSS - common.css 파일을 체계적으로 관리,2023. 8. 7. 22:53,full-text,,271f2d89917a67a64cce7f89588bc2b016dddb5aa0e0efa4988aeeab9e53c2d8,1
223177590163,https://blog.naver.com/PostView.naver?blogId=agapeuni&logNo=223177590163&categoryNo=982,웹표준 마크업 - XHTML 1.0 Transitional,2023. 8. 7. 23:21,full-text,,798a70e266625b78ff46c1956d861f94f2176c0136350825b1395a55a53bb175,1
223177683954,https://blog.naver.com/PostView.naver?blogId=agapeuni&logNo=223177683954&categoryNo=982,IME 모드 설정 - IME와 inputmode로 입력 방식 제어,2023. 8. 8. 1:34,full-text,,80a41160ef37144fb13f3eb59187bd20b0ae42c8971709ed70baea6d50edb339,1
223180031039,https://blog.naver.com/PostView.naver?blogId=agapeuni&logNo=223180031039&categoryNo=982,"Kubernetes - 쿠버네티스 개념부터 설치, 실행까지",2023. 8. 10. 14:04,full-text,,0e8b23151c9d9c421d05dd9b09b67063b98f03b97fe9c0d329e88a4216b0b778,1
223181579181,https://blog.naver.com/PostView.naver?blogId=agapeuni&logNo=223181579181&categoryNo=982,Position 속성 - position 속성에 대한 설명과 예제 화면,2023. 8. 12. 3:25,full-text,,5e47499c4169e29a65e298fcfa87d5ddb31e948361c8688c70330b6395b70a14,1
223181594305,https://blog.naver.com/PostView.naver?blogId=agapeuni&logNo=223181594305&categoryNo=982,"Float, Clear 속성 - float, clear 속성에 대한 설명과 예제 화면",2023. 8. 12. 4:51,full-text,,178e9cb81b26c777bf76da17d6691aeefef9402e55b58290fd02ec8bbe7318a1,1
223181595486,https://blog.naver.com/PostView.naver?blogId=agapeuni&logNo=223181595486&categoryNo=982,말줄임 처리 - text-overflow를 사용하여 말줄임 구현,2023. 8. 12. 9:00,full-text,,918a04d49636e1d657a86c81317a2f755df26946c95922e4ed7518e91df90455,1
223181600131,https://blog.naver.com/PostView.naver?blogId=agapeuni&logNo=223181600131&categoryNo=982,CSS 튜토리얼 - CSS로 만드는 크리스마스 트리 장식,2023. 8. 12. 11:10,full-text,,288276bf20c9a7781818cfe441a195caabc1320ce17de7c80023f0143fb2ada1,1
223183451572,https://blog.naver.com/PostView.naver?blogId=agapeuni&logNo=223183451572&categoryNo=982,"에디트 플러스 - 빈 줄 지우기, 줄 앞/끝 공백 제거",2023. 8. 14. 16:31,full-text,,ea35b0da58f828e6ee611b4c483833abbc746da4ff65c02be272258639f63e34,1
223183473496,https://blog.naver.com/PostView.naver?blogId=agapeuni&logNo=223183473496&categoryNo=982,에디트 플러스 - 공백 문자를 모두 표시하고 색상을 조절,2023. 8. 14. 16:53,full-text,,67a0a48c664f887c320c48db8c0cc14c0bea2e07d3f9967ef7631e48c51d9d36,1
223183613084,https://blog.naver.com/PostView.naver?blogId=agapeuni&logNo=223183613084&categoryNo=982,Bootstrap - 부트스트랩으로 웹페이지 만들기,2023. 8. 14. 19:47,full-text,,4d1ef90ca69bcc3594f4cea3338d0bb9dd5c7b92c69f40baf9a4ed01a339dcdc,1
223185650490,https://blog.naver.com/PostView.naver?blogId=agapeuni&logNo=223185650490&categoryNo=982,문서 타입 정의 - DTD 선언 방법과 네임스페이스 설정 정리,2023. 8. 17. 2:41,full-text,,c860c50dcd32aabd6d63235d3b02d4dca01009153bbdd9e133e82e893d7d189c,1
223185662043,https://blog.naver.com/PostView.naver?blogId=agapeuni&logNo=223185662043&categoryNo=982,JDBC - Java에서 Oracle DB 연결 테스트하기,2023. 8. 17. 3:35,full-text,,c97f74339c41a43b2bd33d32ae1ed2272c55d3009c32b83bf923772fd8404eba,1
223185662932,https://blog.naver.com/PostView.naver?blogId=agapeuni&logNo=223185662932&categoryNo=982,SQL 템플릿 - Oracle 개발자를 위한 SQL 템플릿 정리,2023. 8. 17. 3:40,full-text,,84597be79dba11d6d4362e436d8b7b3627c6b81c108c5111d61b5d8687c5b95a,1
223185663914,https://blog.naver.com/PostView.naver?blogId=agapeuni&logNo=223185663914&categoryNo=982,문자열 함수 - CONCAT부터 TRIM까지 문자열 함수 정리,2023. 8. 17. 6:00,full-text,,03301fb109b827452b9bf7d2b10b7a87150684949cf17a5b15acc9b7597bae2e,1
223185664516,https://blog.naver.com/PostView.naver?blogId=agapeuni&logNo=223185664516&categoryNo=982,Oracle 함수 - 날짜 차이 계산하는 사용자 정의 함수 만들기,2023. 8. 17. 8:10,full-text,,7778cbba3c7bdb4444fb7ab84db6bf027f384525ed7eb48f746de358ce8f2d3f,1
223185665288,https://blog.naver.com/PostView.naver?blogId=agapeuni&logNo=223185665288&categoryNo=982,"달력 자동 생성 - TO_DATE, CONNECT BY 활용하여 달력 출력",2023. 8. 17. 10:20,full-text,,5abedfcb2b9253dbbc3645a16dc427bf4b047b9119139dbb183d71317b8f210a,1
223187797949,https://blog.naver.com/PostView.naver?blogId=agapeuni&logNo=223187797949&categoryNo=982,"DB 설계 문서 - SQL로 테이블 목록, 테이블 정의서 만들기",2023. 8. 19. 14:26,full-text,,8e773b1532f4c8ba96aaca7adcb93efe486ea3619c2412bc85ebf01bcfee5947,1
223187801919,https://blog.naver.com/PostView.naver?blogId=agapeuni&logNo=223187801919&categoryNo=982,"Oracle 객체 조회 - 테이블, 뷰, 컬럼, 프로시저, 함수 확인",2023. 8. 19. 14:33,full-text,,d4bddd25de68940aeabdf41ebcdfcc1bc02aafb1ba554be9b6415d6c86cef708,1
223188752367,https://blog.naver.com/PostView.naver?blogId=agapeuni&logNo=223188752367&categoryNo=982,"집합 연산자 - UNION, UNION ALL, INTERSECT, MINUS",2023. 8. 20. 21:50,full-text,,924dec43a36dbf1251c63bcab68b9e67248771eacbefe706391d0012714ad951,1
223188787310,https://blog.naver.com/PostView.naver?blogId=agapeuni&logNo=223188787310&categoryNo=982,PL/SQL 예제 - MERGE와 CURSOR를 사용한 데이터 처리,2023. 8. 20. 22:32,full-text,,42371765e9b15fbcdf3ddaaa3b25d8565c4ce7b51296ea850b22b543a85d5a1d,1
223189561299,https://blog.naver.com/PostView.naver?blogId=agapeuni&logNo=223189561299&categoryNo=982,"Express 입문 - 안녕, 익스프레스 (Hello, Express)",2023. 8. 21. 19:00,full-text,,c51164a4552d99acb0554197962b46c3e2a0119fb38906f3702774ad6bfbaf36,1
223189568890,https://blog.naver.com/PostView.naver?blogId=agapeuni&logNo=223189568890&categoryNo=982,Express 라우팅 - URL 요청에 따라 응답 처리하기,2023. 8. 21. 21:00,full-text,,eb9deb08522795ec129b40b1126e27ff51b476429bb4d1ef750c05d2f7b41cc0,1
223194203182,https://blog.naver.com/PostView.naver?blogId=agapeuni&logNo=223194203182&categoryNo=982,Express 라우팅 - HTTP 요청에 대한 HTML 응답 처리하기,2023. 8. 26. 19:08,full-text,,7dbd59481b8cf37506d4fb55cde8cc2678dc863e3b9bfdb3d3722bd619eb0903,1
223195066876,https://blog.naver.com/PostView.naver?blogId=agapeuni&logNo=223195066876&categoryNo=982,express.static - 이미지·JS·CSS 정적 파일 보여주기,2023. 8. 27. 23:03,full-text,,4f53472b24a238b459dc1ee41d44118b14ccff3aa0eb64b0c49f1ce9d2eabb4d,1
223199489455,https://blog.naver.com/PostView.naver?blogId=agapeuni&logNo=223199489455&categoryNo=982,Express 뷰엔진 - EJS를 .html 파일로 사용하는 방법,2023. 9. 1. 11:59,full-text,,b75d00266fa47f968cd62b6b374b72f7520d9858f1360e000c22d909439dd139,1
223199520970,https://blog.naver.com/PostView.naver?blogId=agapeuni&logNo=223199520970&categoryNo=982,요청 파라미터 - req.param과 URL 모듈로 처리,2023. 9. 1. 14:30,full-text,,6824d23a595766c4c85fc029d031244330066909b977d9ff1bf81cf335e37d3c,1
223199524909,https://blog.naver.com/PostView.naver?blogId=agapeuni&logNo=223199524909&categoryNo=982,Nodeclipse - Eclipse에서 Node Express 프로젝트 설정,2023. 9. 1. 17:00,full-text,,9280decf88f7b5cc16d11d94d0e53f0b39ad4164bc4a2e892881c19677bd830b,1
223200423519,https://blog.naver.com/PostView.naver?blogId=agapeuni&logNo=223200423519&categoryNo=982,Vue CLI - Vue.js 개요 및 프로젝트 생성 준비,2023. 9. 2. 14:28,full-text,,dfbb5eaec8ad9654f4d7b0958e2ba208dc988f46e6118bb8d40ed4c08cf7d1d8,1
223201437400,https://blog.naver.com/PostView.naver?blogId=agapeuni&logNo=223201437400&categoryNo=982,Vue.js 입문 - Vue.js 기초 사용법과 컴포넌트 예제,2023. 9. 3. 22:33,full-text,,46898851e062c62c7a4a5e46a40c687b8176de4f6333ef982ba725680d13f255,1
223201590616,https://blog.naver.com/PostView.naver?blogId=agapeuni&logNo=223201590616&categoryNo=982,브라우저 엔진 - 웹킷(WebKit)이란 무엇인가?,2023. 9. 4. 2:19,full-text,,ee32ba64ab346f59d2f72066275495cd7666ca790f5da1c1c6749c2b54141ee7,1
223201596644,https://blog.naver.com/PostView.naver?blogId=agapeuni&logNo=223201596644&categoryNo=982,웹 브라우저 - 웹 브라우저의 종류와 특징을 알아보자,2023. 9. 4. 2:41,full-text,,6194b7c2ddbac990619adf78ca70fb59cdb1ba3ad929997ab26f4de634e991d1,1
223201620389,https://blog.naver.com/PostView.naver?blogId=agapeuni&logNo=223201620389&categoryNo=982,웹 브라우저 - 브라우저에서 지원하는 비디오/오디오 형식,2023. 9. 4. 8:30,full-text,,870731dcc81363c61a5e6adf694dee4b92bdf4750785f8509ce19faec19f9d8a,1
223201880616,https://blog.naver.com/PostView.naver?blogId=agapeuni&logNo=223201880616&categoryNo=982,"HTTP 상태코드 - HTTP 상태코드 정리 (1xx, 2xx, 3xx, 4xx, 5xx)",2023. 9. 4. 12:26,full-text,,aa374aeec27826e0875972bd5782fc4ef179fa8f0ba51855d84b3618f12525e2,1
223202646164,https://blog.naver.com/PostView.naver?blogId=agapeuni&logNo=223202646164&categoryNo=982,"HTTP 상태코드 - HTTP 상태코드 메시지 (1xx, 2xx, ..., 5xx)",2023. 9. 5. 6:46,full-text,,1d3c41213952e4258ba4ae4b4000e2856c008ffc6b49b178fcd2ecb08f6868bb,1
223214268626,https://blog.naver.com/PostView.naver?blogId=agapeuni&logNo=223214268626&categoryNo=982,우분투 설치 - VirtualBox 위에 Ubuntu 22.04.3 설치,2023. 9. 18. 1:39,full-text,,87b2914cd2dabab2dd1ca3542123e3cf46a79cf85729b15f8353eaa342989907,1
223221550308,https://blog.naver.com/PostView.naver?blogId=agapeuni&logNo=223221550308&categoryNo=982,Vue.js 시작 - CDN과 다운로드 방식으로 Vue 설정,2023. 9. 25. 23:11,full-text,,9e648cb126ddbdb2c3eb66d6a79b1994dca0b06db25baae9f41a009d60e87138,1
223221680528,https://blog.naver.com/PostView.naver?blogId=agapeuni&logNo=223221680528&categoryNo=982,Vue.js 입문 - Vue 인스턴스 만들고 데이터 출력까지,2023. 9. 26. 3:11,full-text,,611e78a4a68a9c41293149d79d507303ca0888362c31b204c44a3700af432cde,1
223221969463,https://blog.naver.com/PostView.naver?blogId=agapeuni&logNo=223221969463&categoryNo=982,v-model 활용법 - 폼 입력값을 데이터와 연결하는 방법,2023. 9. 26. 12:40,full-text,,538a15588819a694d2fc059223feb0b70527c06d904c88ad00b15f9d97fbafe3,1
223222054963,https://blog.naver.com/PostView.naver?blogId=agapeuni&logNo=223222054963&categoryNo=982,v-on 사용법 - 디렉티브를 사용해서 이벤트와 연결,2023. 9. 26. 14:11,full-text,,148ae29abe7c25387390881df7516bd1131df24d93bb647e16986f7fd4362bdb,1
223225795991,https://blog.naver.com/PostView.naver?blogId=agapeuni&logNo=223225795991&categoryNo=982,엑셀 출력 - 엑셀로 변환하는 mso-number-format 사용법,2023. 10. 1. 20:49,full-text,,fe32aca776ff689e4b12fb1678d12a1c296a65053bb0d669aabad7c22046d37b,1
223225799935,https://blog.naver.com/PostView.naver?blogId=agapeuni&logNo=223225799935&categoryNo=982,<optgroup> 태그 - <select> 태그 선택 목록을 그룹화하기,2023. 10. 1. 20:55,full-text,,d7dcab1e696ae140bd17fe0e4e3543f33d1f65ee97a03094f9841d1013ec40ae,1
223225812698,https://blog.naver.com/PostView.naver?blogId=agapeuni&logNo=223225812698&categoryNo=982,"<textarea> 속성 - cols, rows, overflow, wrap,",2023. 10. 1. 21:15,full-text,,61f6c857e2758ddb4936d7b5fb1183f199e05f47ab446ad936b314b45a7eab1c,1
223230099230,https://blog.naver.com/PostView.naver?blogId=agapeuni&logNo=223230099230&categoryNo=982,"컴퓨터 메모리 - DDR, DDR2, DDR3, DDR4, DDR5 메모리",2023. 10. 6. 21:09,full-text,,73e14c776ac17550290ac094973b307efcc05d9202fcc05a0f4299f0585fed87,1
223230206898,https://blog.naver.com/PostView.naver?blogId=agapeuni&logNo=223230206898&categoryNo=982,Common Code - 공통코드를 선택박스(Select)에 표시하기,2023. 10. 6. 23:43,full-text,,b35bb60d583b9a357a5eda5463aa0ef206075c5be11b4ee70164328339756135,1
223230209962,https://blog.naver.com/PostView.naver?blogId=agapeuni&logNo=223230209962&categoryNo=982,Spring 폼 태그 - <form:form> <form:select>,2023. 10. 6. 23:47,full-text,,fded416c259c427178270e43708f1962a30ba7c92cc67f40783c0e48f2f8a498,1
223230252746,https://blog.naver.com/PostView.naver?blogId=agapeuni&logNo=223230252746&categoryNo=982,ExcelView - Spring에서 POI로 구현한 엑셀 다운로드,2023. 10. 7. 0:55,full-text,,e5d18c712fc1c9c80915473a014761fa4dbef9b6e76cfc7d36ec9d46dcf72c84,1
223230261386,https://blog.naver.com/PostView.naver?blogId=agapeuni&logNo=223230261386&categoryNo=982,SpringBoot - Gradle 프로젝트 생성부터 HelloController 까지,2023. 10. 7. 1:12,full-text,,fb66a3c3c86b09f074e40f8675d1f65a24afe35da74a5d4234a9f0fbf1995981,1
223230264981,https://blog.naver.com/PostView.naver?blogId=agapeuni&logNo=223230264981&categoryNo=982,SpringBoot - Spring Data JPA 실습 예제,2023. 10. 7. 1:50,full-text,,536939d772c2dbd3a93acb787702188a84abbc0dac301fbc3f24ca67b9050d13,1
223230267016,https://blog.naver.com/PostView.naver?blogId=agapeuni&logNo=223230267016&categoryNo=982,SpringBoot - Spring Initializer로 프로젝트를 생성,2023. 10. 7. 2:30,full-text,,951f3f96c7110e6848aa93cfda7371914ce964b1838d3529eb95ba712a020397,1
223230277896,https://blog.naver.com/PostView.naver?blogId=agapeuni&logNo=223230277896&categoryNo=982,"JDBC 설정 - Oracle, MySQL, DB2 등 DB 연결 정보",2023. 10. 7. 3:30,full-text,,3cebea3167e893b6c0503a2c725f4f97a8f68a40e2cf04b4533acda8ff104f0e,1
223230284643,https://blog.naver.com/PostView.naver?blogId=agapeuni&logNo=223230284643&categoryNo=982,Java Excel Library - JXL로 엑셀 파일 쓰고 읽는 방법,2023. 10. 7. 4:30,full-text,,d5d84f3954148ba92084ef163dde639a57add3c6e35adcff97deff7093b615d8,1
223230303625,https://blog.naver.com/PostView.naver?blogId=agapeuni&logNo=223230303625&categoryNo=982,FileinfoHelper - 폴더 내 파일의 크기와 라인 수 자동 계산기,2023. 10. 7. 5:30,full-text,,732e708823a61c530ea7424a84da81cd632e541d332ca3ea00dc057a4c7bbf53,1
223230306415,https://blog.naver.com/PostView.naver?blogId=agapeuni&logNo=223230306415&categoryNo=982,페이징 처리 - PagingHelper로 페이지네이션 구현,2023. 10. 7. 7:00,full-text,,054d7340c663a8797a10d0d64633a4469c4579214a20a90252178fd084b56268,1
223230309660,https://blog.naver.com/PostView.naver?blogId=agapeuni&logNo=223230309660&categoryNo=982,채팅앱 - Socket을 활용한 텍스트 채팅앱 구현,2023. 10. 7. 9:10,full-text,,a717e86944459bf386fa095a0e2668450c35ce5741bbc9fd946ab94894431ed8,1
223230495605,https://blog.naver.com/PostView.naver?blogId=agapeuni&logNo=223230495605&categoryNo=982,Jazzlib - Java에서 한글 깨짐 없이 Zip/Unzip,2023. 10. 7. 12:46,full-text,,e39f2516fcf0f731bf273e5920d30695c2f80bba77ceb9e33730922beac1ee30,1
223230511477,https://blog.naver.com/PostView.naver?blogId=agapeuni&logNo=223230511477&categoryNo=982,JavaFX - BarChart와 PieChart 그리기,2023. 10. 7. 14:30,full-text,,fefa4018500cbf80c654b0b29c51f6c512a70d7f9c6cee043d35b3dc0a9d783f,1
223230761758,https://blog.naver.com/PostView.naver?blogId=agapeuni&logNo=223230761758&categoryNo=982,아두이노 우노 R4 출시 (Minima / WiFi 버전) - Uno R3과 다른 점,2023. 10. 7. 21:06,full-text,,49e8aa44132b0f596ef049c26a488b4d497bde95f935939986a85fe4f99adbd8,1
223232346689,https://blog.naver.com/PostView.naver?blogId=agapeuni&logNo=223232346689&categoryNo=982,데이터 시각화 - 여러 함수를 그래프로 표시해 보자,2023. 10. 10. 4:43,full-text,,f8c2d1db87686fc5f5fab502a3cba0a9c342c4f2f3139525e33b75bceebc726e,1
223235178978,https://blog.naver.com/PostView.naver?blogId=agapeuni&logNo=223235178978&categoryNo=982,HTML 태그 제거 - 정규표현식과 라이브러리를 사용,2023. 10. 12. 23:59,full-text,,dfc3925b1454d57959b0a79401c4996e7717c944b7b94d00281d443fd7f33675,1
223235250843,https://blog.naver.com/PostView.naver?blogId=agapeuni&logNo=223235250843&categoryNo=982,웹페이지 구조 - HTML5 시맨틱 태그로 만드는 레이아웃,2023. 10. 13. 2:13,full-text,,29c76eb57e992e37a521ff2e3173ed7dc8bf02efe1ddbc1b39f8eee1ad87d50b,1
223235271374,https://blog.naver.com/PostView.naver?blogId=agapeuni&logNo=223235271374&categoryNo=982,WebWorker - 웹 워커로 자바스크립트 병렬 처리 테스트,2023. 10. 13. 4:30,full-text,,8ee3148f37c8d92d1acea1194aad00cd78f0623416a1f3c2cb7fe4228705046d,1
223236205420,https://blog.naver.com/PostView.naver?blogId=agapeuni&logNo=223236205420&categoryNo=982,HTML5 Canvas - Canvas로 다양한 도형 그리는 법,2023. 10. 14. 2:19,full-text,,d81e2960cb38738d635335816233accc728e687c5a06daf1dfedce4159b2a716,1
223236537020,https://blog.naver.com/PostView.naver?blogId=agapeuni&logNo=223236537020&categoryNo=982,웹 브라우저 변천사 - 1991년부터 2008년까지 웹 브라우저 변천사,2023. 10. 14. 16:02,full-text,,10898199457b76ee7ee2286e33be281527984b8501b1dad72f15f7e9ae8be638,1
223236573022,https://blog.naver.com/PostView.naver?blogId=agapeuni&logNo=223236573022&categoryNo=982,브라우저 점유율 - 전 세계 브라우저 점유율 (2023-10-14 기준),2023. 10. 14. 18:20,full-text,,b4f03dea154d0d716a9a1fe99d88dfc37a5039b557c277233b158a274f30c43c,1
223236600247,https://blog.naver.com/PostView.naver?blogId=agapeuni&logNo=223236600247&categoryNo=982,웹 브라우저 - 웹 브라우저 기술 발전을 한 눈에 볼 수 있는 사이트,2023. 10. 14. 20:30,full-text,,c88f14a5fa412e0741967141490fc1250f6e5abc866aa8089f60ce10d163b78a,1
223236893295,https://blog.naver.com/PostView.naver?blogId=agapeuni&logNo=223236893295&categoryNo=982,다양한 시각화 - 주피터 노트북에서 그래프로 다양한 시각화,2023. 10. 15. 1:54,full-text,,5030412632d0095dafc22de7ec647a77bb2cd954f474f136df48ded908288481,1
223239632671,https://blog.naver.com/PostView.naver?blogId=agapeuni&logNo=223239632671&categoryNo=982,자바(Java) 개발자는 익숙하지 않은 파이썬(Python)의 표현 #2,2023. 10. 18. 2:56,full-text,,92ecc6f3bdd4e06df321eb6bfb1c09b99ebbf26f6de8a43ed0971ced636e0925,1
223253264105,https://blog.naver.com/PostView.naver?blogId=agapeuni&logNo=223253264105&categoryNo=982,Pillow(PIL) - 다양한 이미지 효과 쉽게 적용하기,2023. 11. 2. 5:36,full-text,,6c3b2c79babdd8e324c48485fb3a43a71b99967d25f04cda3ab7108472eb6bdb,1
223262241335,https://blog.naver.com/PostView.naver?blogId=agapeuni&logNo=223262241335&categoryNo=982,WordCloud - 반복되는 텍스트로 WordCloud 만들기,2023. 11. 12. 0:10,full-text,,34e0aaf1174a63caabadd1b124aeb0671a1987e2d34faebecfbdec44cb1df015,1
223291015946,https://blog.naver.com/PostView.naver?blogId=agapeuni&logNo=223291015946&categoryNo=982,웹 브라우저 - 웹표준과 접근성 그리고 HTML5,2023. 12. 13. 5:30,full-text,,69e82fab20e866b497dfa928e9999fdff4d08543e484892890acfbf78696cf3e,1
223291018860,https://blog.naver.com/PostView.naver?blogId=agapeuni&logNo=223291018860&categoryNo=982,"HTTP 프로토콜 - URL 구조, 요청/응답 메시지, 메서드 정리",2023. 12. 13. 7:40,full-text,,04b8c98989fdafa0c454f4db29958318c72197766c3499d62aaf7c4d8fc88677,1
223293185165,https://blog.naver.com/PostView.naver?blogId=agapeuni&logNo=223293185165&categoryNo=982,인터넷 속도 - 국내 사이트와 외국 사이트 인터넷 속도 측정,2023. 12. 15. 4:44,full-text,,1c88ef1d264831a98ef063a4af226d8e1ac246cd1a42448060bff2c63d895f58,1
223327940484,https://blog.naver.com/PostView.naver?blogId=agapeuni&logNo=223327940484&categoryNo=982,Generator - 마이바티스 생성기 사용법 정리,2024. 1. 19. 23:36,full-text,,643ef073de9457d4cbced6835cec7c30a8e4bab2d707a04a01116074b0e41418,1
223327971390,https://blog.naver.com/PostView.naver?blogId=agapeuni&logNo=223327971390&categoryNo=982,Query Mapping - iBATIS로 빠르게 배우는 쿼리 매핑,2024. 1. 20. 0:12,full-text,,0258a9da2f2da68a19a40d7be6665476a95a0b632dbe1c3a605e103fc4823d25,1
223328015790,https://blog.naver.com/PostView.naver?blogId=agapeuni&logNo=223328015790&categoryNo=982,iBATIS - 실행 절차부터 파일 구성까지 살펴보자,2024. 1. 20. 1:25,full-text,,bca76740049c9e22ba576bc77f58818cfc3c30e02b9dbba83bdb702df8fecf32,1
223328250015,https://blog.naver.com/PostView.naver?blogId=agapeuni&logNo=223328250015&categoryNo=982,Abator - iBATIS용 코드 제너레이션 도구,2024. 1. 20. 12:07,full-text,,4601305c3172f7881f341e68728e227eee2aa2911e6c60c511aeb3ee40ebf646,1
223328258625,https://blog.naver.com/PostView.naver?blogId=agapeuni&logNo=223328258625&categoryNo=982,iBATIS - SQL 로그를 보기 편하게 포멧 적용,2024. 1. 20. 12:21,full-text,,00a134d477922b4748bb7008f7808d886685118591e67cecca1774fbf5ce01aa,1
223331850348,https://blog.naver.com/PostView.naver?blogId=agapeuni&logNo=223331850348&categoryNo=982,"Hello World - 안녕, 노드 제이에스 (Hello, Node.js)",2024. 1. 24. 2:04,full-text,,55b0765c20763d39a6229f513aaab6fc8ee03fc9a2ce385637165904312c7a35,1
223345626439,https://blog.naver.com/PostView.naver?blogId=agapeuni&logNo=223345626439&categoryNo=982,라즈베리 파이 - 칸반 애플리케이션 실행 환경 구축,2024. 2. 6. 10:45,full-text,,c0c13c3ffbc53bb361b72ebca2ab4c0c215bc4823729df9e55725df484e833f7,1
223346917039,https://blog.naver.com/PostView.naver?blogId=agapeuni&logNo=223346917039&categoryNo=982,라즈베리 파이 - Ubuntu 22.04.3 LTS 설치하기,2024. 2. 7. 12:47,full-text,,a3548c615a08c38dbfad833cfa4ab4c14fc6c278ae29309d010bf60159980b53,1
223349585534,https://blog.naver.com/PostView.naver?blogId=agapeuni&logNo=223349585534&categoryNo=982,Jenkins - 프로젝트 수동빌드와 자동빌드를 수행,2024. 2. 10. 8:39,full-text,,896499da1f287b6cca99c2831c5758e69310db00e9dec4187b552c22d01bb9b0,1
223356319744,https://blog.naver.com/PostView.naver?blogId=agapeuni&logNo=223356319744&categoryNo=982,"Docker Compose - 프론트부터 백엔드, DB까지 자동 실행",2024. 2. 17. 10:32,full-text,,e8af3323bfbfaac4474255afa9acce284162aa47196f770b9b6ac913a26b8c54,1
223359374403,https://blog.naver.com/PostView.naver?blogId=agapeuni&logNo=223359374403&categoryNo=982,"Autorun 설정 - 윈도우 명령창에서 리눅스의 ls, ll 사용",2024. 2. 20. 12:32,full-text,,6d42727310db7cec2c0fc8fa1adbe64a29ecd32bd4629c068577b786aba7d621,1
223362741610,https://blog.naver.com/PostView.naver?blogId=agapeuni&logNo=223362741610&categoryNo=982,microSD 복사 - Win32 Disk Imager v1.0,2024. 2. 23. 12:28,full-text,,45f6dbbe6f04a2365f49cc048483b17e41e72d83142d88a64112658a6c2fdb66,1
223403955838,https://blog.naver.com/PostView.naver?blogId=agapeuni&logNo=223403955838&categoryNo=982,Chart.js - 최신 웹을 위한 유연한 차트 라이브러리,2024. 4. 3. 3:00,full-text,,4020ca67fc27437f4769058ff90809a466646d22181f408981411d9296aabbf0,1
223408830619,https://blog.naver.com/PostView.naver?blogId=agapeuni&logNo=223408830619&categoryNo=982,iBATIS - iBATIS 설정과 DB별 Like 검색구문,2024. 4. 8. 3:49,full-text,,265103d94bd1500ceb464b011580b78f291dc193b920fc10de2d93885cee1fcd,1
223408837292,https://blog.naver.com/PostView.naver?blogId=agapeuni&logNo=223408837292&categoryNo=982,iBATIS - JDBC와 연동하는 단계별 작업 과정,2024. 4. 8. 4:22,full-text,,292c73d2230f5c6289740eea3c1b5385cf74b9d2660602619e256193f62e182a,1
223421532885,https://blog.naver.com/PostView.naver?blogId=agapeuni&logNo=223421532885&categoryNo=982,"Git - CVS와 SVN은 작별, Git에 대해 알아보자",2024. 4. 20. 15:06,full-text,,d1384088389967c23b2f2f804726115482189fd6807b3e1488b0612caec5a25c,1
223421590898,https://blog.naver.com/PostView.naver?blogId=agapeuni&logNo=223421590898&categoryNo=982,Git - Git 설치와 설정 그리고 설치 확인,2024. 4. 20. 16:23,full-text,,01272529d92755423e26a488b9d729eb258718b1d3dc26d6ae18f232e09cf15e,1
223421683907,https://blog.naver.com/PostView.naver?blogId=agapeuni&logNo=223421683907&categoryNo=982,"Git - 작업 디렉터리, 스테이징, 로컬/원격 저장소 이해",2024. 4. 20. 18:28,full-text,,4ca949deef82a8a28ad3279da0019dd4b896d51ab0a756f18889290f59f3d5f2,1
223441986711,https://blog.naver.com/PostView.naver?blogId=agapeuni&logNo=223441986711&categoryNo=982,VS Code 꿀팁 - Snippet으로 빠르게 컴포넌트 템플릿 만들기,2024. 5. 10. 3:54,full-text,,8c387ef70606315d3859d9befd6d1f4fdfd0805c64eca786086452f911315cc5,1
223443335962,https://blog.naver.com/PostView.naver?blogId=agapeuni&logNo=223443335962&categoryNo=982,Statcounter - GlobalStats 무료 통계 도구,2024. 5. 11. 13:09,full-text,,c93f0f7a8ce32d906eec6cc6eef1a839f16c324ef31d08392a1dc00bb7f3b865,1
223444638507,https://blog.naver.com/PostView.naver?blogId=agapeuni&logNo=223444638507&categoryNo=982,Eclipse - 이클립스를 설치하고 폴더를 압축하여 이동,2024. 5. 13. 0:01,full-text,,a4d37e0299ecf693dd2012de6c743d9e227ca80ea7f82663bf4a587ec649b296,1
223474182158,https://blog.naver.com/PostView.naver?blogId=agapeuni&logNo=223474182158&categoryNo=982,NumPy - 과학 계산을 위한 필수 라이브러리,2024. 6. 10. 2:21,full-text,,cf90ec46df3aa9b705499d608d2b0a13575d1c9c0ae66bfe0762ee85d60bc7cd,1
223474194571,https://blog.naver.com/PostView.naver?blogId=agapeuni&logNo=223474194571&categoryNo=982,Pandas - 데이터 분석을 위한 필수 라이브러리,2024. 6. 10. 3:01,full-text,,cd88988782e23944b8da92f5cbcd797fc3fc844272ba6c721c8f61cd3a5ea0a7,1
223495894549,https://blog.naver.com/PostView.naver?blogId=agapeuni&logNo=223495894549&categoryNo=982,전자정부 프레임워크 - eGovFrame v3.9 설치부터 예제 실행,2024. 6. 30. 6:31,full-text,,792c613b830fcb5538be98590822c84c8d3da57897cad12d6166d06aea847242,1
223495896571,https://blog.naver.com/PostView.naver?blogId=agapeuni&logNo=223495896571&categoryNo=982,전자정부 프레임워크 - HSQL 대신 MariaDB로 변경,2024. 6. 30. 8:40,full-text,,2c4f3d4b3d2e6adce76b06d4cf06709610733448bad708f1cad8f47aaa6ec796,1
223495899805,https://blog.naver.com/PostView.naver?blogId=agapeuni&logNo=223495899805&categoryNo=982,전자정부 프레임워크 - eGovFrame 웹 프로젝트 구축,2024. 6. 30. 10:50,full-text,,35a12ef8bde56e173b450244e92b75641839a18835732dd37d802cbe5294c653,1
223496570628,https://blog.naver.com/PostView.naver?blogId=agapeuni&logNo=223496570628&categoryNo=982,iBator - 소스코드 생성 툴의 간단한 사용법,2024. 6. 30. 21:34,full-text,,7b4df623209404957ba72620d1b1c3d37b632f1e3729cca5f2212717251e2a7d,1
223496584830,https://blog.naver.com/PostView.naver?blogId=agapeuni&logNo=223496584830&categoryNo=982,iBATIS - LIKE 구문과 동적 SQL을 사용할 때,2024. 6. 30. 21:45,full-text,,72041ef47545ca1ffb3306ab55a7c120c3c96423ab78ebad40d438244eaa082d,1
223496593687,https://blog.naver.com/PostView.naver?blogId=agapeuni&logNo=223496593687&categoryNo=982,"iBATIS - WHERE 문에서 LIKE 조건, IN 조건",2024. 6. 30. 21:52,full-text,,9ee411a5003b65230ef66193c0d6471623d5ef4e2cf368e86dad5be5a07c8e09,1
223496610647,https://blog.naver.com/PostView.naver?blogId=agapeuni&logNo=223496610647&categoryNo=982,MyBatis CRUD - Spring 연동부터 CRUD 테스트까지,2024. 6. 30. 22:04,full-text,,182c390b4c2ca501857ef6338099a10690c64c2a8d98ef40dc2f30bf6b3113e3,1
223607630676,https://blog.naver.com/PostView.naver?blogId=agapeuni&logNo=223607630676&categoryNo=982,파일과 디렉토리 - 소프트 링크와 하드 링크를 알아보자,2024. 10. 5. 10:43,full-text,,3d3242e6e9312833ceed6a8afb75d9e906dc15bc7a79542e0787479b687e9c28,1
223610960221,https://blog.naver.com/PostView.naver?blogId=agapeuni&logNo=223610960221&categoryNo=982,Ollama 사용법 - 로컬 LLM을 쉽게 실행하는 방법,2024. 10. 8. 6:41,full-text,,8eac23ca72e03a5ec46f69f6ff5220cc641e953eb02094d50971d384ec02a0c2,1
223654267574,https://blog.naver.com/PostView.naver?blogId=agapeuni&logNo=223654267574&categoryNo=982,Pi4J 새로운 소식 (V.2) - Pi4J 2.0의 새로운 기능은 무엇인가?,2024. 11. 10. 10:29,full-text,,3ac354daa6760a3c7079ff03578255094800d241b97fdd957f8d2ac44bda81d2,1
223659150453,https://blog.naver.com/PostView.naver?blogId=agapeuni&logNo=223659150453&categoryNo=982,"Gradle - 프로젝트 준비, 환경 설정, 배포 가이드",2024. 11. 13. 18:05,full-text,,6710dc5077f8112cbb26d21d5110af1318d357fa3e8df75d775b050f538aea9c,1
223705308592,https://blog.naver.com/PostView.naver?blogId=agapeuni&logNo=223705308592&categoryNo=982,Git - git reset 옵션이 어떻게 다른가?,2024. 12. 25. 23:04,full-text,,c795754670b8f18f4b2ebd5eb4f51ea043dc992c635b95dcceeb46cd314fc81a,1
223730715895,https://blog.naver.com/PostView.naver?blogId=agapeuni&logNo=223730715895&categoryNo=982,"NVIDIA GPU - V100, A100, H100에 대해 알아보자",2025. 1. 19. 17:46,full-text,,ffbf864a3ccaed30492be5cd4ed3e97e0c5ee6912f716513825860f8e8ef8614,1
223762203256,https://blog.naver.com/PostView.naver?blogId=agapeuni&logNo=223762203256&categoryNo=982,테스트 및 성능 도구 - Java에서 테스트 및 성능을 검증하는 도구,2025. 2. 16. 9:17,full-text,,3336c0a3214342c31a5831c05e2de88eb85dd36f918b30499b0872b19766ac7c,1
223762526482,https://blog.naver.com/PostView.naver?blogId=agapeuni&logNo=223762526482&categoryNo=982,Color - 누구나 손쉽게 사용할 수 있는 색상 사이트 3곳 추천,2025. 2. 16. 16:52,full-text,,cdc5267a0bad0a9ed79fe8085d8ef2976c3d1a662c4844aeb5f1b23fea546321,1
223764455374,https://blog.naver.com/PostView.naver?blogId=agapeuni&logNo=223764455374&categoryNo=982,TIOBE Index - TIOBE 프로그래밍 언어별 순위 (2025년 2월 기준),2025. 2. 18. 9:51,full-text,,2efc48a38f622cf617c657a8170f674255ae988435dc1457db9a68086ffd20e9,1
223769368717,https://blog.naver.com/PostView.naver?blogId=agapeuni&logNo=223769368717&categoryNo=982,Node.js - 문자열과 객체를 출력하는 console.log(),2025. 2. 22. 9:37,full-text,,8d344325329eae58af08e16c6a26ab963698de11a91c2ad6c72e69956f49085c,1
223769566463,https://blog.naver.com/PostView.naver?blogId=agapeuni&logNo=223769566463&categoryNo=982,"전역 개념 정리 - 전역변수, 전역함수, 전역객체 완전 정복",2025. 2. 22. 13:54,full-text,,00c4444d53f6bc500a8fa003ff888505bae22f20d38caaa0335f0076789093af,1
223769724616,https://blog.naver.com/PostView.naver?blogId=agapeuni&logNo=223769724616&categoryNo=982,모듈 만들기 - exports와 require로 함수 불러오기 예제,2025. 2. 22. 17:07,full-text,,52b426d63055c5793d39f96b0782c95ea92c8ea0d8fa28b0470f24dbbdfd729b,1
223776760757,https://blog.naver.com/PostView.naver?blogId=agapeuni&logNo=223776760757&categoryNo=982,AI 허브(Hub) - 누구나 쉽게 활용할 수 있는 AI 데이터,2025. 2. 27. 17:43,full-text,,d9cfee713652cf49f53917c330a9cc65f0bd33073e160e69b70da249387f66fb,1
223779630953,https://blog.naver.com/PostView.naver?blogId=agapeuni&logNo=223779630953&categoryNo=982,리눅스 라이선스 - 오픈소스 소프트웨어에서 사용되는 라이선스,2025. 3. 1. 16:19,full-text,,3bfa60833222fec2b1971fd5311ef762a19544312cb3dc6984c5806bbdaf03d4,1
223831238164,https://blog.naver.com/PostView.naver?blogId=agapeuni&logNo=223831238164&categoryNo=982,개발자 설문조사 - Programmers 온라인 설문조사 (2023년),2025. 4. 13. 3:13,full-text,,5e889ec8e18c7b6512ce8a24e9bf680ce9ed7dfaa5f039080c6f4d02dd68a4a7,1
223835326901,https://blog.naver.com/PostView.naver?blogId=agapeuni&logNo=223835326901&categoryNo=982,개발자 팁 - 유용한 Oracle 팁 10가지 정리,2025. 4. 16. 11:01,full-text,,1aba7e35981bad5d20b73bfc93fef8273309a73bc507132cbc8d094f2b79f216,1
223835452065,https://blog.naver.com/PostView.naver?blogId=agapeuni&logNo=223835452065&categoryNo=982,PL/SQL - 오라클 개발자를 위한 PL/SQL 개념과 예제,2025. 4. 16. 12:16,full-text,,aebcd83ed6e5556ff601f31ba95e3455be61c96055ca51a4a52cfab22f01081b,1
223835492456,https://blog.naver.com/PostView.naver?blogId=agapeuni&logNo=223835492456&categoryNo=982,PL/SQL - PL/SQL 블럭 구조와 종류별 사용법 정리,2025. 4. 16. 14:00,full-text,,74ad4f06008f00c60d50da44c31d42644623cfc1660dfc7e45743e961a477f7a,1
223835506789,https://blog.naver.com/PostView.naver?blogId=agapeuni&logNo=223835506789&categoryNo=982,PL/SQL - PL/SQL 데이터형 및 변수 선언 이해하기,2025. 4. 16. 13:00,full-text,,581f6298383f89faec5d30bf8a6b5aec5d1af38daba9d279bd71c96668c13461,1
223835532795,https://blog.naver.com/PostView.naver?blogId=agapeuni&logNo=223835532795&categoryNo=982,PL/SQL - PL/SQL에서 자주 사용하는 연산자 정리,2025. 4. 16. 15:00,full-text,,24924a219f7abb89563d68a37cd9e0ae29c668672ef4d4f745f738e62280063d,1
223835542674,https://blog.naver.com/PostView.naver?blogId=agapeuni&logNo=223835542674&categoryNo=982,PL/SQL - PL/SQL 함수의 정의와 사용법,2025. 4. 16. 16:00,full-text,,b9837c2271064fcf610fa137dfc4a0867288b39d36e59f1ac23972e85904521d,1
223835560621,https://blog.naver.com/PostView.naver?blogId=agapeuni&logNo=223835560621&categoryNo=982,PL/SQL - Oracle 패키지의 이해와 실무 활용법,2025. 4. 16. 17:00,full-text,,b003d8c0adf76b231b7d14d01d29627d25edc595690d52867f69eba133cc35c8,1
223835574460,https://blog.naver.com/PostView.naver?blogId=agapeuni&logNo=223835574460&categoryNo=982,PL/SQL - PL/SQL 제어문과 반복문의 이해,2025. 4. 16. 18:00,full-text,,c89606735443bae55f1337ca1a998f60e3e492abfd022193e65ae1fb0b9d1150,1
223835597018,https://blog.naver.com/PostView.naver?blogId=agapeuni&logNo=223835597018&categoryNo=982,PL/SQL - SQL을 보다 강력하게 만드는 내장 함수,2025. 4. 16. 19:00,full-text,,a8975e4c9d3d182f284201cb1d5923fdaa173d62dbdfb5f7155babe2db16524e,1
223835613433,https://blog.naver.com/PostView.naver?blogId=agapeuni&logNo=223835613433&categoryNo=982,PL/SQL - Oracle 변환 함수의 이해와 활용,2025. 4. 16. 20:00,full-text,,9d1f7c441af1cdd8d15b072d9debfcf1ea86594b5b6d7d552b627673948e5ae8,1
223839591971,https://blog.naver.com/PostView.naver?blogId=agapeuni&logNo=223839591971&categoryNo=982,w3cschool  - MySQL 튜토리얼 실행할 때 유용한 팁,2025. 4. 19. 12:32,full-text,,d34b8771ef41287c3fd8bef690a1dc6c36c6a7a9fcbf8fefb0e9d7af4be2e0ee,1
223839611311,https://blog.naver.com/PostView.naver?blogId=agapeuni&logNo=223839611311&categoryNo=982,"crypto 모듈 - 해시코드 생성, 문자열 암호화 및 복호화",2025. 4. 19. 14:00,full-text,,000866550188dd183cd05768e75a67947d34803e953fe3e8e1b07169e8e43c0d,1
223839818977,https://blog.naver.com/PostView.naver?blogId=agapeuni&logNo=223839818977&categoryNo=982,os 모듈 - 운영체제부터 CPU까지 시스템 정보 확인,2025. 4. 19. 18:05,full-text,,b5d69bb673092865ba92a66be6857a6ce0e154375779fab775fc6f4960e07f81,1
223839977464,https://blog.naver.com/PostView.naver?blogId=agapeuni&logNo=223839977464&categoryNo=982,url 모듈 - URL을 객체로 쉽게 파싱하는 방법,2025. 4. 19. 22:11,full-text,,6041f06b440b04c9c683b26b83925d55e241d7a8835dfb327be8da9a2f89ff0c,1
223839989631,https://blog.naver.com/PostView.naver?blogId=agapeuni&logNo=223839989631&categoryNo=982,querystring 모듈 - 쿼리스트링 파싱과 문자열 변환 예제,2025. 4. 19. 22:28,full-text,,859ea5e6fed81bd96b70662aa128548fcf01ec4255c0a2c79350ed6e5ec83ae2,1
223840008136,https://blog.naver.com/PostView.naver?blogId=agapeuni&logNo=223840008136&categoryNo=982,process 객체 - 사용자 정의 이벤트 생성과 호출 예제,2025. 4. 19. 22:54,full-text,,44c8c57f2ed447c60de1f8083103de00495d4a03084264d0083fbb3907d0d114,1
223840718488,https://blog.naver.com/PostView.naver?blogId=agapeuni&logNo=223840718488&categoryNo=982,"fs 모듈 - 파일 쓰기, 읽기, 존재여부 확인까지",2025. 4. 20. 21:54,full-text,,4c73f8d3c8df41045a2e900965106dc28094a180a82d9a1504e8272ba5062330,1
223851802277,https://blog.naver.com/PostView.naver?blogId=agapeuni&logNo=223851802277&categoryNo=982,"웹1.0, 웹2.0, 웹3.0 - 인터넷의 변화, 어디까지 왔는가",2025. 5. 1. 2:47,full-text,,c2eb04d0e54133618edf6be242f08ceb7964dc3e0f661b4af879d80c32612115,1
223852360075,https://blog.naver.com/PostView.naver?blogId=agapeuni&logNo=223852360075&categoryNo=982,모두를 위한 웹 - 웹 표준과 웹 접근성의 개념과 실천,2025. 5. 1. 16:58,full-text,,ca7ed6a3253020d7ffb323a0346f4943d58d910909fefaa3d9cb04ef60d4cc9b,1
223852437818,https://blog.naver.com/PostView.naver?blogId=agapeuni&logNo=223852437818&categoryNo=982,웹 서버와 WAS - 웹 서버와 WAS는 어떻게 다를까?,2025. 5. 1. 18:19,full-text,,98fce6a9973ef3fd7ec626467c2321c7ff1ba5e892ce977e794e44159476491e,1
223853742904,https://blog.naver.com/PostView.naver?blogId=agapeuni&logNo=223853742904&categoryNo=982,UI와 UX - 사용자 인터페이스 vs 사용자 경험,2025. 5. 2. 21:51,full-text,,069f20a54e48ba30b11d8adf2a74025287dfd9e23528709b98bbf94a59fc1cd3,1
223854082197,https://blog.naver.com/PostView.naver?blogId=agapeuni&logNo=223854082197&categoryNo=982,PL/SQL - 프로시저(Procedure)와 패키지(Package),2025. 5. 3. 9:24,full-text,,668bae4fad394dd8e49589ea28e2cfee219a33f84f3c83091823f95ca4950d67,1
223854113646,https://blog.naver.com/PostView.naver?blogId=agapeuni&logNo=223854113646&categoryNo=982,PL/SQL - 패키지(Package)의 개념과 활용법,2025. 5. 3. 11:00,full-text,,0e61b5741ba24e87716462f3c333b8c738303b9d893389bec5f94bdae881446d,1
223854144120,https://blog.naver.com/PostView.naver?blogId=agapeuni&logNo=223854144120&categoryNo=982,PL/SQL - %ROWTYPE과 %TYPE의 활용,2025. 5. 3. 12:00,full-text,,355b948f6dda9c744ea7f75b9e4f1cc683d1443df3f991373606ffd5663b031a,1
223854206375,https://blog.naver.com/PostView.naver?blogId=agapeuni&logNo=223854206375&categoryNo=982,PL/SQL - 커서(Cursor)의 개념과 활용 방법,2025. 5. 3. 13:00,full-text,,a14fb7a85e2881033627de4762e297578033df2a7f57877bb520abc3697bfca8,1
223854302407,https://blog.naver.com/PostView.naver?blogId=agapeuni&logNo=223854302407&categoryNo=982,PL/SQL - 커서와 FOR UPDATE 절의 활용,2025. 5. 3. 14:47,full-text,,db44ed99d6737bb629597de18d6b103eb7680f5c90eac1773f8310c0429f7c5b,1
223854321718,https://blog.naver.com/PostView.naver?blogId=agapeuni&logNo=223854321718&categoryNo=982,PL/SQL - LOB(Large Object)란 무엇인가?,2025. 5. 3. 16:00,full-text,,c868b6c0088362b717cb10601f49166e013edfe0a0fc7b6ce4db8158ad3b705c,1
223854443535,https://blog.naver.com/PostView.naver?blogId=agapeuni&logNo=223854443535&categoryNo=982,PL/SQL - BFILE과 DBMS_LOB 패키지의 활용,2025. 5. 3. 17:55,full-text,,0e41f590ad2ca565a88644c1ebf4fc841d33174d3926351877822de779e46f75,1
223854462177,https://blog.naver.com/PostView.naver?blogId=agapeuni&logNo=223854462177&categoryNo=982,PL/SQL - Collection 개념 및 실용적 활용,2025. 5. 3. 19:10,full-text,,7c587e8ce5bb8a0963a886689fd5b30021cf9f30b60981e14d2a31c652f0c7f8,1
223854467700,https://blog.naver.com/PostView.naver?blogId=agapeuni&logNo=223854467700&categoryNo=982,PL/SQL - 가변 크기 배열(VARRAY) 사용법,2025. 5. 3. 20:20,full-text,,075f4aaf0526dd51924580bbe57a760c15b518713d4f6ced776b701fa45faab9,1
223854481253,https://blog.naver.com/PostView.naver?blogId=agapeuni&logNo=223854481253&categoryNo=982,PL/SQL - 중첩 테이블(Nested Table),2025. 5. 3. 21:30,full-text,,69834dc8b7d1223768f94408a81dd9be6257d2255f96fa23c17e3f4e075a24be,1
223854486953,https://blog.naver.com/PostView.naver?blogId=agapeuni&logNo=223854486953&categoryNo=982,PL/SQL - 트리거(Trigger),2025. 5. 3. 22:40,full-text,,9d22b60196cd94790b561db1b52fd4163c48f09f5ed558d5b6a622ba9b4c90f2,1
223854491239,https://blog.naver.com/PostView.naver?blogId=agapeuni&logNo=223854491239&categoryNo=982,PL/SQL - 예외와 예외 처리,2025. 5. 3. 23:50,full-text,,7e54cf8dd8ae07cf704f1abc7cf63cf15f115dd616836fd55586d0b8c57e8dd1,1
223859530125,https://blog.naver.com/PostView.naver?blogId=agapeuni&logNo=223859530125&categoryNo=982,net 모듈 - 서버·클라이언트 TCP 통신 구현하기,2025. 5. 8. 23:14,full-text,,0df7037156680239ff8cd635425a275ef2ab0a7e0020e0ac47bf00a500d0d6fc,1
223926609753,https://blog.naver.com/PostView.naver?blogId=agapeuni&logNo=223926609753&categoryNo=982,socket.io - 실시간 소켓 통신 구현하기,2025. 7. 8. 21:22,full-text,,e51ce478c9ff8a0e17e806f8b8f92328390eeb18eaa00ea4175a65ae1663e71f,1
223926626225,https://blog.naver.com/PostView.naver?blogId=agapeuni&logNo=223926626225&categoryNo=982,"http 모듈 - 간단한 HTTP 서버 text, html 출력",2025. 7. 8. 21:40,full-text,,5e30ad5f1a8854eb8fbab1102c9b905db257c7fe78bcbbd6d951e3f7e97c286f,1
223926753784,https://blog.naver.com/PostView.naver?blogId=agapeuni&logNo=223926753784&categoryNo=982,http 모듈 - 웹에서 GET/POST 요청 처리하기,2025. 7. 8. 23:54,full-text,,e89ad2ed6861bff7408586de10f2baee99e5733583eea1c887362f24a57773cd,1
223938900705,https://blog.naver.com/PostView.naver?blogId=agapeuni&logNo=223938900705&categoryNo=982,http 모듈 - 요청 URL 분기 처리,2025. 7. 18. 23:10,full-text,,d457c82b6838094cee7721c4e3560341309fdca2be7c5e0893e004639cb07fd3,1
223938933738,https://blog.naver.com/PostView.naver?blogId=agapeuni&logNo=223938933738&categoryNo=982,JSON 파일 - Node.js에서 JSON 파일 다루기,2025. 7. 18. 23:50,full-text,,0453ff7378ba308e5fc41f513b571ddef3eb2c0e20ec27c0350897a3c80b3510,1
223951385347,https://blog.naver.com/PostView.naver?blogId=agapeuni&logNo=223951385347&categoryNo=982,Ollama 설치 - Windows에 설치하는 방법,2025. 7. 29. 17:19,full-text,,9efd24f8676f96eb9c005374cf19dc0a54719bf86725dec556b414ae3000789a,1
223951477150,https://blog.naver.com/PostView.naver?blogId=agapeuni&logNo=223951477150&categoryNo=982,netstat 명령어 - Windows에서 포트 확인 방법,2025. 7. 29. 18:38,full-text,,0ff923503844631f3e66568d9b927a123bf25902204eca6eb66cf40b7a5217cd,1
223965964929,https://blog.naver.com/PostView.naver?blogId=agapeuni&logNo=223965964929&categoryNo=982,Ollama 모델 - GPT-OSS 다운로드와 실행 가이드,2025. 8. 10. 23:31,full-text,,cdb35230ae6b54ba1fcf60fe95b6e1ed5f83ad729acf04a066921a773b871e17,1
223987109927,https://blog.naver.com/PostView.naver?blogId=agapeuni&logNo=223987109927&categoryNo=982,Python 버전 관리 - pyenv 설치와 활용법 총정리,2025. 8. 28. 23:17,full-text,,138fb79773f013d97ac5a648e02d19d06106e870da3314504aefa6dfa59f805c,1
224033495101,https://blog.naver.com/PostView.naver?blogId=agapeuni&logNo=224033495101&categoryNo=982,"네이밍 규칙 - snake, camel, pascal, kebab",2025. 10. 6. 19:46,full-text,,84c4644a6fb37ed35730c152db79aa3a8fa07a62d65e89da7c3ebed28b7f46bb,1
224109445152,https://blog.naver.com/PostView.naver?blogId=agapeuni&logNo=224109445152&categoryNo=982,청색 LED - 현대 조명의 출발점이 된 기술 혁신 이야기,2025. 12. 14. 18:26,full-text,,aa85b234d9142dc7aa65dd03c943928a0f46551f06128a7abb6be7a1216d269a,1
224114679861,https://blog.naver.com/PostView.naver?blogId=agapeuni&logNo=224114679861&categoryNo=982,마우스 테스트 - 온라인에서 마우스 클릭과 스크롤 확인,2025. 12. 18. 21:50,full-text,,e6f05bd17af8a4b9e85fafc31235126b54bb9f5ed58b7249e56a7f1c590a8399,1
224288021496,https://blog.naver.com/PostView.naver?blogId=agapeuni&logNo=224288021496&categoryNo=982,TIOBE Index - TIOBE 프로그래밍 언어별 순위 (2026년 5월 기준),2026. 5. 17. 12:30,full-text,,70aba5761b52964c90b237eb4ec1ea14b20356d2db0d4c140c3666e3622464b4,1
224315055344,https://blog.naver.com/PostView.naver?blogId=agapeuni&logNo=224315055344&categoryNo=982,동적 메뉴 구현 - display 속성으로 제어하는 방법,2026. 6. 13. 22:29,full-text,,faad483040010a356a5aac302e360565424089bb431789db3a9ee39f18179397,1
224321901685,https://blog.naver.com/PostView.naver?blogId=agapeuni&logNo=224321901685&categoryNo=982,인공지능 개발 - 자주 사용하는 파이썬 라이브러리,2026. 6. 20. 18:11,full-text,,bf7b12b236bcda0250de94f7b14e37feb203f709451f32551620833163118d91,1
224321920792,https://blog.naver.com/PostView.naver?blogId=agapeuni&logNo=224321920792&categoryNo=982,파이썬과 AI - AI 개발에서 파이썬을 많이 사용하는 이유,2026. 6. 20. 18:47,full-text,,3d789d3386f256ef50935e2112bdc7ab81fbccb63116472e63ef43fa42d1e4b6,1
224376509256,https://blog.naver.com/PostView.naver?blogId=agapeuni&logNo=224376509256&categoryNo=982,옵시디언 지식관리 - 개발 경험을 개인 지식베이스로 만드는 방법,37분 전,full-text,,35b5df8e866c310447627ae25645e9c3856b259a7f9a250f92e2bd06ea73eefe,1
