log_no,url,title,published,status,error,body_hash,notes
60174659320,https://blog.naver.com/PostView.naver?blogId=agapeuni&logNo=60174659320&categoryNo=1213,[독서·노트] 회사가 당신에게 알려주지 않는 50가지 비밀 - 1 of 2,2012. 11. 1. 0:36,full-text,,a485b3b5088791282ee993b22c6f0a03eec6e11efc6f9fdfaa2c873833de52f0,1
60174660207,https://blog.naver.com/PostView.naver?blogId=agapeuni&logNo=60174660207&categoryNo=1213,[독서·노트] 회사가 당신에게 알려주지 않는 50가지 비밀 - 2 of 2,2012. 11. 1. 0:50,full-text,,e98cd69b752da2a90757bc3b58c83e564fe33a7419ba472dae3aceccba73aed6,1
220178323894,https://blog.naver.com/PostView.naver?blogId=agapeuni&logNo=220178323894&categoryNo=1213,[독서-01] 48분 기적의 독서법 - 48분으로 인생 업그레이드,2014. 11. 11. 19:06,full-text,,8e1b9e6d3d6d75f5b97da6880c7272360ade96c8fa167251e096850237037178,1
220180044057,https://blog.naver.com/PostView.naver?blogId=agapeuni&logNo=220180044057&categoryNo=1213,[독서-02] 마켓플레이스 크리스천 - 지역과 사회를 위한 사업,2014. 11. 13. 13:30,full-text,,6d122fba012f79113e2950e4bc01913e4f39e7c10b90703546b9bb54ebb599d6,1
220180772808,https://blog.naver.com/PostView.naver?blogId=agapeuni&logNo=220180772808&categoryNo=1213,[독서-03] 파인애플 스토리 - 분노를 다스리는 사람으로 변화,2014. 11. 14. 3:02,full-text,,002b7f025613c645c8d6eb50135557522a1324a8562e312932dc90435887b853,1
220183203429,https://blog.naver.com/PostView.naver?blogId=agapeuni&logNo=220183203429&categoryNo=1213,[독서-04] 기억의 법칙 25가지 - 저자가 실제로 경험한 방법,2014. 11. 16. 23:45,full-text,,ae67fba799eb6cbed4a7fdb9f468415ee0de912ca0147fde7f156def336c673e,1
220183394462,https://blog.naver.com/PostView.naver?blogId=agapeuni&logNo=220183394462&categoryNo=1213,[독서-05] 성공을 부르는 기억의 힘 - 뇌가 기억하기 편하도록,2014. 11. 17. 9:26,full-text,,93dfc8aff67023bcb3ba389120550ffd84ef7f3cf563f6cd143f06f5df2de906,1
220184688689,https://blog.naver.com/PostView.naver?blogId=agapeuni&logNo=220184688689&categoryNo=1213,[독서-06] 잠자기 전 30분 - 내일이 바뀌는 새로운 습관,2014. 11. 18. 13:49,full-text,,758d98fa705917b1557869388403ccdbc6d90dab7d2d5d2bc53c16089378adec,1
220185481365,https://blog.naver.com/PostView.naver?blogId=agapeuni&logNo=220185481365&categoryNo=1213,[독서-07] 아침 30분 - 성공하는 사람은 아침시간을 활용한다,2014. 11. 19. 9:13,full-text,,0a761bad8f366fb3e260e53ee9ca8c8e26ab4ed62ec718a5bd17beb081d8c026,1
220189221924,https://blog.naver.com/PostView.naver?blogId=agapeuni&logNo=220189221924&categoryNo=1213,[독서-08] 그들은 어떻게 읽었을까 - 삶을 보다 풍요롭게,2014. 11. 23. 4:37,full-text,,97250eb22bcf0eac12e0aa6a9544da53a9a1dfdd7193474b7aeb2af44afebf08,1
220190156814,https://blog.naver.com/PostView.naver?blogId=agapeuni&logNo=220190156814&categoryNo=1213,[독서-09] 마시멜로 이야기 -  눈앞의 마시멜로를 참는 훈련,2014. 11. 24. 10:36,full-text,,dac6d3fe18cd9220728a8ddcaee0785d8f8ba0b80d1fbb9967217bffad86e9bf,1
220190310605,https://blog.naver.com/PostView.naver?blogId=agapeuni&logNo=220190310605&categoryNo=1213,[독서-10] 잡담이 능력이다 - 마음을 열고 가벼운 대화로 시작,2014. 11. 24. 13:17,full-text,,4222c193b69df42a8bf46f24317a9520ca06daf7092f54cdd71be69722b8b13f,1
220190959312,https://blog.naver.com/PostView.naver?blogId=agapeuni&logNo=220190959312&categoryNo=1213,[독서-11] 누구나 인재다 - 유대인의 교육을 다시금 바라본다,2014. 11. 24. 23:35,full-text,,2e898402354f51aac31c863316ac513f89ccce24a1637b6a259dde9603c7d26b,1
220191986180,https://blog.naver.com/PostView.naver?blogId=agapeuni&logNo=220191986180&categoryNo=1213,[독서-12] 죽을 때 후회하는 스물다섯 가지 - 후회 없는 인생,2014. 11. 25. 23:18,full-text,,2de86049322d23e5b1b841be4e392e3f285d5bf0b86fea9531af1750d42220d7,1
220193000811,https://blog.naver.com/PostView.naver?blogId=agapeuni&logNo=220193000811&categoryNo=1213,주부독서 연구소 - 1000권 읽기 참고도서 목록,2014. 11. 26. 22:57,full-text,,de9d1770c26adb3d897c57df930de10d1f1c6e18b31d1456157e6199b60f843f,1
220193006399,https://blog.naver.com/PostView.naver?blogId=agapeuni&logNo=220193006399&categoryNo=1213,교양필독도서 - 신학대 공동 교양필독도서 100권,2014. 11. 26. 23:03,full-text,,702b1e162078cfad077326067540226f24a000720aca9a3c6d59a5bbef59eaca,1
220193035887,https://blog.naver.com/PostView.naver?blogId=agapeuni&logNo=220193035887&categoryNo=1213,[독서-13] 내일이 내 생애 마지막 날이라면 - 의미있게 살자,2014. 11. 26. 23:31,full-text,,50f4138aaeaa2eb95b0cb263368db73774a05e657f08e9c80263f96631643d2e,1
220194079808,https://blog.naver.com/PostView.naver?blogId=agapeuni&logNo=220194079808&categoryNo=1213,[독서-14] 생각대로 살지 않으면 사는 대로 생각하게 된다,2014. 11. 27. 23:48,full-text,,14628cc87559a83742cc57d4c3cfa0d7b02495e2dbd530dd06202ea8b1abe94c,1
220194649666,https://blog.naver.com/PostView.naver?blogId=agapeuni&logNo=220194649666&categoryNo=1213,[독서-15] 뇌를 알면 행복이 보인다 - 나는 누구인가?,2014. 11. 28. 15:58,full-text,,00fadb7664b1d6bc5dd84efd714a9e83fafe480421edcd151419402f4e694cea,1
220195784519,https://blog.naver.com/PostView.naver?blogId=agapeuni&logNo=220195784519&categoryNo=1213,[독서-16] 생각대로 살지 않으면 사는 대로 생각하게 된다 2,2014. 11. 29. 22:15,full-text,,e3d61d7ec027b4a2a4d633b7983bf4095c039d3d7572fb2eafce49c1f4355173,1
220196573622,https://blog.naver.com/PostView.naver?blogId=agapeuni&logNo=220196573622&categoryNo=1213,[독서-17] 생각대로 살지 않으면 사는 대로 생각하게 된다 3,2014. 11. 30. 21:44,full-text,,5aa46d125d0b5833c32ced9ae94d74c5ed3be49ef81b3ce56fc93d1f1ff931fc,1
220197766601,https://blog.naver.com/PostView.naver?blogId=agapeuni&logNo=220197766601&categoryNo=1213,[독서-18] 삶은 속도가 아니라 방향이다 - 인생은 길고 먼 항해,2014. 12. 1. 23:35,full-text,,fe53ca67aa7bee9996cbce6c41c2d0cf555db460407c318ea88487988717e7c1,1
220198173771,https://blog.naver.com/PostView.naver?blogId=agapeuni&logNo=220198173771&categoryNo=1213,[독서-19] 바보 빅터 - 자신에 대한 신뢰가 내면모습을 결정,2014. 12. 2. 13:09,full-text,,f7666c638c07f2f80d16a7bda2d3c75bab789094d79b46571719907b70387e9c,1
220199846092,https://blog.naver.com/PostView.naver?blogId=agapeuni&logNo=220199846092&categoryNo=1213,[독서-20] 퇴직을 디자인하라 - 기다리지 말고 미리 준비하라,2014. 12. 3. 23:39,full-text,,1991cc738a788da029671eb83898677ba6660706a21da3d525a06abddfcc3709,1
220200872282,https://blog.naver.com/PostView.naver?blogId=agapeuni&logNo=220200872282&categoryNo=1213,[독서-21] 마시멜로 두번째 이야기 - 잠깐의 성공에 도취금지,2014. 12. 4. 23:39,full-text,,fe809ec09200b3a46bdf2f6e014454358495402ec5997f62a0204b513727f52d,1
220202266588,https://blog.naver.com/PostView.naver?blogId=agapeuni&logNo=220202266588&categoryNo=1213,[독서-22] 누가 내 치즈를 옮겼을까 - 변화를 두려워하지 말라,2014. 12. 6. 15:36,full-text,,fec0921085af338ac716113d1a41f928a9ebaec42e4377f7f2c1ce21853025c7,1
220203384507,https://blog.naver.com/PostView.naver?blogId=agapeuni&logNo=220203384507&categoryNo=1213,[독서-23] 김병완의 초의식 독서법 - 삶에 남도록 책을 읽어라,2014. 12. 7. 23:08,full-text,,b0f627dca069e1a57e597cfd7b33e674b1359e29275b5f4501f1672b58d9046b,1
220205489461,https://blog.naver.com/PostView.naver?blogId=agapeuni&logNo=220205489461&categoryNo=1213,[독서-24] 10년 후 길을 잃지 않기 위한 중년지도 - 준비하자,2014. 12. 9. 23:45,full-text,,07d7280bb927cb39437e23c9c7f3c91ae1b9b03301193fd6584c967ef41d6459,1
220207159952,https://blog.naver.com/PostView.naver?blogId=agapeuni&logNo=220207159952&categoryNo=1213,[독서-25] 서른에 읽었으면 변했을 책들 - 지금도 늦지 않았다,2014. 12. 11. 17:15,full-text,,3d150e15e1668a86fb95b65e71561d1e3942a3da6d20bb6a3b052195c623838f,1
220210222990,https://blog.naver.com/PostView.naver?blogId=agapeuni&logNo=220210222990&categoryNo=1213,[독서-26] 마시멜로 세 번째 이야기 - 하나씩 실천에 옮겨간다,2014. 12. 15. 5:07,full-text,,26e6f5ff30e21cb5dd7a5ed4ad2ed5ef05062a04c86c19d8634d7432e43899c9,1
220211592441,https://blog.naver.com/PostView.naver?blogId=agapeuni&logNo=220211592441&categoryNo=1213,[독서-27] 99℃ - 인생의 시간동안 삶의 온도를 1℃씩 올리자,2014. 12. 16. 13:51,full-text,,ccfe8a95939147eec7528ea3a4e49ca7481fac10722e4f0d853216e844880547,1
220212453636,https://blog.naver.com/PostView.naver?blogId=agapeuni&logNo=220212453636&categoryNo=1213,[독서-28] 경제수명 2050시대 - 나이를 뛰어넘는 새로운 삶,2014. 12. 17. 10:43,full-text,,ce92cd93c5c8efbbc00fbf31db2f2c45733da5023d70fd4baea131d02efc2bc5,1
220214860400,https://blog.naver.com/PostView.naver?blogId=agapeuni&logNo=220214860400&categoryNo=1213,[독서-29] 40대에 다시 쓰는 인생 스타팅노트 - 8가지 F 기억,2014. 12. 19. 16:47,full-text,,481bfc96636f5cef6317510b84c6a500155dead04e6203ca837fffe42fa8ea05,1
220221337949,https://blog.naver.com/PostView.naver?blogId=agapeuni&logNo=220221337949&categoryNo=1213,"[독서-30] 40대, 다시 한번 공부에 미쳐라 - 평생공부의 시대",2014. 12. 26. 19:48,full-text,,5b847468123357f2db12141bbee33cd644f8656beb68deec1b853edb96e7cfff,1
220231315631,https://blog.naver.com/PostView.naver?blogId=agapeuni&logNo=220231315631&categoryNo=1213,[독서-31] 신의 열애 - 하나님의 연애편지와 같은 이야기,2015. 1. 6. 12:34,full-text,,e0e0fc2bec692863e1b27d9eec687538b02d47af14b7e0bc312227d3a8d09f37,1
220244964652,https://blog.naver.com/PostView.naver?blogId=agapeuni&logNo=220244964652&categoryNo=1213,[독서-32] 뇌를 움직이는 메모 - 지나간 메모도 검토해보자,2015. 1. 19. 13:06,full-text,,2b0edaf0f22171ccc68a732d1b32bcf0f1973608ad2daed3ff8db0a146e83514,1
220256839614,https://blog.naver.com/PostView.naver?blogId=agapeuni&logNo=220256839614&categoryNo=1213,[독서-33] 책수련 - 지금은 독서가 선택이 아닌 필수가 되었다,2015. 1. 29. 23:49,full-text,,1eb50c3b39fac5073c2115a7a4ccb894c74f1b86e305ede2852f1f77e5bbf807,1
220281092427,https://blog.naver.com/PostView.naver?blogId=agapeuni&logNo=220281092427&categoryNo=1213,[독서-34] 거의 모든 인터넷의 역사 - 내용이 잘 정리된 서적,2015. 2. 23. 20:14,full-text,,1daae5dedb6225f59c19d18041ad26a0cc4e8a400b0628056a632ddac7cd0a84,1
220287636796,https://blog.naver.com/PostView.naver?blogId=agapeuni&logNo=220287636796&categoryNo=1213,[독서-35] 창문 넘어 도망친 100세 노인 - 한편의 영화처럼,2015. 3. 2. 2:21,full-text,,2a48df219935c7f01512fbd9b193348615e5ebd743faed124f61c864da313541,1
220290346151,https://blog.naver.com/PostView.naver?blogId=agapeuni&logNo=220290346151&categoryNo=1213,[독서-36] 그 발 앞에 엎디어 - 참된 진리로 예배를 드린다,2015. 3. 4. 19:50,full-text,,d93d6a128900d77bb7868de4af668d3bd8b6e8b9d0d2a7e23150c718a0e95458,1
220296272466,https://blog.naver.com/PostView.naver?blogId=agapeuni&logNo=220296272466&categoryNo=1213,[독서-37] 원고지 10장을 쓰는 힘 - 글쓰는 능력을 키워나가라,2015. 3. 10. 22:55,full-text,,5e4f5d96dd7880c5a1df87a810379ce20b13fc1b71b708983915063b377260d3,1
220316338022,https://blog.naver.com/PostView.naver?blogId=agapeuni&logNo=220316338022&categoryNo=1213,[독서-38] 지금은 싸워야 할 때 - 영의 속박을 끊어버려라,2015. 3. 31. 12:17,full-text,,e7c727c5fc6d3e814a1226b50efd9e3eb0e92f24c0d5f505b7e18a4c9695f008,1
220319682011,https://blog.naver.com/PostView.naver?blogId=agapeuni&logNo=220319682011&categoryNo=1213,[독서-39] 백세코딩 - 실패하지 않고 행복한 삶을 보내기 위해,2015. 4. 3. 15:12,full-text,,96512d9a6af4c4e20b0432200b80b3957b636dbeaa97a020be6697fc6d1fadb2,1
220326652551,https://blog.naver.com/PostView.naver?blogId=agapeuni&logNo=220326652551&categoryNo=1213,[독서-40] 왕의 재정 - 내 삶의 진정한 주인 바꾸기,2015. 4. 10. 15:25,full-text,,1d7e3fc7a5f13e64ba1f78f1dbc29e36f172e1bb840810b8f3a83728f27ee931,1
220331609569,https://blog.naver.com/PostView.naver?blogId=agapeuni&logNo=220331609569&categoryNo=1213,"[독서-41] 왕의 재정학교,워크북 - 돈의 노예에서 벗어나기",2015. 4. 15. 17:06,full-text,,2a7763805d6f82cf55dd1be2d5e389218300068658bfa81b75791d7e7f66ddb2,1
220331659941,https://blog.naver.com/PostView.naver?blogId=agapeuni&logNo=220331659941&categoryNo=1213,[독서-42] 오직 읽기만 하는 바보 - 중요한 것은 독서 기술이다,2015. 4. 15. 17:52,full-text,,3c9025876547025da237ace6735e579f23c332d3942600cf763bb45e56417384,1
220337894907,https://blog.naver.com/PostView.naver?blogId=agapeuni&logNo=220337894907&categoryNo=1213,"[독서-43] 아브라함의 종교 - 유대교, 기독교, 이슬람교",2015. 4. 22. 2:00,full-text,,8c82e58ca80a366c6116f66a5ed8d18a46a6f6d8373d9dfafc96485999b46309,1
220339836322,https://blog.naver.com/PostView.naver?blogId=agapeuni&logNo=220339836322&categoryNo=1213,"[독서-44] 행복하게 나이 드는 법 78 - 인생의 여정, 중간쯤 온 당신",2015. 4. 23. 23:34,full-text,,60a51a928c694ac35d26ee45f1d92ebcf57b9d7100c9adbdbb75d046f1666bcd,1
220342767893,https://blog.naver.com/PostView.naver?blogId=agapeuni&logNo=220342767893&categoryNo=1213,[독서-45] 운명을 바꾸는 기적의 책쓰기 40 - 책을 쓰는 저자,2015. 4. 27. 12:52,full-text,,ec5040989f464ff99e11662963f4cd45f58d22d81b0b65a4ee2bdda03b33ace9,1
220344895162,https://blog.naver.com/PostView.naver?blogId=agapeuni&logNo=220344895162&categoryNo=1213,[독서-46] 프로그래머가 되기 전에 알았더라면 좋았을 것들,2015. 4. 29. 13:07,full-text,,a2452d72fcd4ab504cedef72adb1f8a2ff2560dc8d488814cdf9c5dd967cd7a9,1
220351175220,https://blog.naver.com/PostView.naver?blogId=agapeuni&logNo=220351175220&categoryNo=1213,[독서-47] 프로그래머로 사는 법 - 당신을 위한 안내서,2015. 5. 6. 10:16,full-text,,56674dd896743d135a45fce29e6c8a160bbabe3055ba78e6f8a8494aef7afd59,1
220368598387,https://blog.naver.com/PostView.naver?blogId=agapeuni&logNo=220368598387&categoryNo=1213,[독서-48] 칸반과 스크럼 - 칸반과 스크럼의 정수를 취하다,2015. 5. 24. 2:22,full-text,,11ae2809ffc369247964cc7d4e94b5f9ac87ad780c4f23d76177f94ca85316de,1
220373435485,https://blog.naver.com/PostView.naver?blogId=agapeuni&logNo=220373435485&categoryNo=1213,"[독서-49] 프로그래머 철학을 만나다- 자존감, 지속적 발전",2015. 5. 29. 5:44,full-text,,fecb23b35fd0b993229859da8b711c75e35ac6d00f86c1a87cd74740631a250c,1
220379657369,https://blog.naver.com/PostView.naver?blogId=agapeuni&logNo=220379657369&categoryNo=1213,[독서-50] 블로그로 꿈을 이루는 법 - 꿈을 이루어 주는 공간,2015. 6. 4. 13:08,full-text,,90323e2e400e6dcc2e54d52cb1b29fb907193557d00800b717f86a81e8b71744,1
220386721031,https://blog.naver.com/PostView.naver?blogId=agapeuni&logNo=220386721031&categoryNo=1213,[독서-51] 하루 10분 독서의 힘 - 인생을 바꾸는 시간,2015. 6. 11. 13:09,full-text,,c38a53db9ebe34f6722be0fe40400cf6b84333c0e8749df0db02bda58645360e,1
220387589507,https://blog.naver.com/PostView.naver?blogId=agapeuni&logNo=220387589507&categoryNo=1213,"[독서-52] 한국인이 가장 좋아하는 명시 100선 - 사랑, 추억, 쓸쓸함, 그리움",2015. 6. 12. 8:25,full-text,,9195a8066c1d9bbce55523726caa3d62ed2cacdade70b0ea8342c55db4533973,1
220388621587,https://blog.naver.com/PostView.naver?blogId=agapeuni&logNo=220388621587&categoryNo=1213,[독서-53] How to Study 공부책 - 올바른 공부 습관과 방법,2015. 6. 13. 5:54,full-text,,7d673ab9b7f44c73d8d91d14fd6953c254e0256e75b6ebbd23f0e76c8355168b,1
220390240130,https://blog.naver.com/PostView.naver?blogId=agapeuni&logNo=220390240130&categoryNo=1213,서울대 권장도서 - 이 책을 모두 읽은 사람이 있을까?,2015. 6. 15. 1:20,full-text,,60317f0b19c505dea479b8fd7da75252cb6e30500d02c08570b9dcb03ca30a63,1
220391285450,https://blog.naver.com/PostView.naver?blogId=agapeuni&logNo=220391285450&categoryNo=1213,[독서-54] 나무를 심은 사람 - 한 인간의 참된 가치를 발견하기,2015. 6. 16. 0:00,full-text,,8a8983d531f142c5a9d657643523d7fa0d96f06081b8560eecfef11d9e6c5132,1
220396383217,https://blog.naver.com/PostView.naver?blogId=agapeuni&logNo=220396383217&categoryNo=1213,[독서-55] 꿈꾸는 다락방 1 - 생생하기 꿈꾸면 이루어진다,2015. 6. 20. 23:53,full-text,,6e91d43a101a96417e2f89848492b8591ef2e0e0eb200ea5fe7379c6ee28f95f,1
220396718100,https://blog.naver.com/PostView.naver?blogId=agapeuni&logNo=220396718100&categoryNo=1213,[독서-56] 학문의 즐거움 - 끈기있는 일본 수학자의 이야기,2015. 6. 21. 13:32,full-text,,ba374e7d764087277a029ec5dd5572f3f1c921b9c0653fedd098c6bd95493676,1
220399673248,https://blog.naver.com/PostView.naver?blogId=agapeuni&logNo=220399673248&categoryNo=1213,[독서-57] 미움받을 용기 - 자유롭고 행복한 삶을 위하여,2015. 6. 24. 8:59,full-text,,822df3e66dc351799896a0970650404f90d59da44c0ef22ac074d5179a3186f3,1
220401606550,https://blog.naver.com/PostView.naver?blogId=agapeuni&logNo=220401606550&categoryNo=1213,[독서-58] 세계철학 백과사전 - 만화보다 더 재미있는 철학,2015. 6. 25. 22:37,full-text,,f073e374fbe06bfd053bb25243a01148818689c6eeda688007e69b1a430090fc,1
220404307409,https://blog.naver.com/PostView.naver?blogId=agapeuni&logNo=220404307409&categoryNo=1213,[독서-59] 써먹는 서양 철학 - 철학에 대한 입문서로 적절,2015. 6. 28. 23:22,full-text,,9d687578e1874b62a973f0adb8de78d6f02b574660560c20e626961537f3828d,1
220404346816,https://blog.naver.com/PostView.naver?blogId=agapeuni&logNo=220404346816&categoryNo=1213,[독서-60] 큰 바위 얼굴 - 얼굴을 닮은 사람은 누구일까?,2015. 6. 29. 0:03,full-text,,63844f0db18de387e481b0d76325e314648722c9e30826b4a3a381f002de4dae,1
220404435587,https://blog.naver.com/PostView.naver?blogId=agapeuni&logNo=220404435587&categoryNo=1213,[독서-61] 독서 천재가 된 홍대리 1 - 운명을 바꾸는 책 읽기,2015. 6. 29. 3:03,full-text,,27aabce1627e4cf0b18199a8b7d7ad90eec1d0ba8f46b2b75a609f89dc83888a,1
220404836657,https://blog.naver.com/PostView.naver?blogId=agapeuni&logNo=220404836657&categoryNo=1213,[독서-62] Simply Bible - 하나님 나라 관점으로 읽는 성경,2015. 6. 29. 14:26,full-text,,5232403b895011882933e9430383475cf0221a0cb7ea1ed6d4b8e098bfde5301,1
220406572751,https://blog.naver.com/PostView.naver?blogId=agapeuni&logNo=220406572751&categoryNo=1213,[독서-63] 갈매기의 꿈 - 가장 높이 나는 새가 가장 멀리 본다,2015. 7. 1. 1:11,full-text,,fd88ecb2e29f65ebfaba604593413f0a4d0d3cd3f46481dfc88ab8973956457e,1
220407401536,https://blog.naver.com/PostView.naver?blogId=agapeuni&logNo=220407401536&categoryNo=1213,[독서-64] 독서 천재가 된 홍대리 2 - 성공을 만드는 책읽기,2015. 7. 1. 20:32,full-text,,758248f1303883e74b2ac0b69cc73bccbd6bf79d602b6580297403e6d8c813f1,1
220409474787,https://blog.naver.com/PostView.naver?blogId=agapeuni&logNo=220409474787&categoryNo=1213,[독서-65] 한국의 메모 달인들 - 14인 메모광들의 성공신화,2015. 7. 3. 19:28,full-text,,63767c75ffa315511897acc08dc0b22e0adad5edfd23f552535509f4ad2e3468,1
220412394022,https://blog.naver.com/PostView.naver?blogId=agapeuni&logNo=220412394022&categoryNo=1213,[독서-66] 나는 브랜드다 - 당신의 꿈을 완성하는 개인브랜드,2015. 7. 7. 0:56,full-text,,fb1128e4450207b7cc61e1790da348f7091c202f9116dc84904e954dd66b2e84,1
220413290523,https://blog.naver.com/PostView.naver?blogId=agapeuni&logNo=220413290523&categoryNo=1213,[독서-67] 스펜서 존슨의 행복 - 당신은 지금 행복하십니까?,2015. 7. 7. 21:04,full-text,,ce1aaa5bcf68c2e43f4325d41cda4ff5669403582597fccebabe65defb5bef13,1
220418075036,https://blog.naver.com/PostView.naver?blogId=agapeuni&logNo=220418075036&categoryNo=1213,[독서-68] 스펜서 존슨의 선택 - 합리적인 이성과 넓은 통찰력,2015. 7. 12. 21:40,full-text,,29726b3a4945304b5fb1b18647c3f1ed853610a728dfdee765fc8c15644c4706,1
220419427456,https://blog.naver.com/PostView.naver?blogId=agapeuni&logNo=220419427456&categoryNo=1213,[독서-69] 삶의 마지막에 마주치는 10가지 질문 - 천명의 죽음,2015. 7. 14. 6:33,full-text,,373a68a508cf780e88556ad71539eff0712b3976e2d5c730c205f5c510ad8975,1
220422844410,https://blog.naver.com/PostView.naver?blogId=agapeuni&logNo=220422844410&categoryNo=1213,[독서-70] 40대에 하지 않으면 안될 50가지 - 행복한 40대,2015. 7. 17. 12:17,full-text,,fd1f565999abf2c58352e95ceb7bb1f75271113a0abb91843f01b73ce08160d6,1
220425078196,https://blog.naver.com/PostView.naver?blogId=agapeuni&logNo=220425078196&categoryNo=1213,[독서-71] 3년 후 당신이 후회하지 않기 위해 꼭 해야 할 일들,2015. 7. 19. 23:56,full-text,,261e69fdd0dce2849fa8b388201868b45d401cdf4b76ead67e7b85f6a16b7c6c,1
220431448989,https://blog.naver.com/PostView.naver?blogId=agapeuni&logNo=220431448989&categoryNo=1213,[독서-72] 지금 바로 실행하라 Now - 성공하는 1%의 시간,2015. 7. 25. 23:54,full-text,,bc49ed109d65a5515b14955b50ab2c73df08012cb36459c4a5f1fb8efaee7d58,1
220432332637,https://blog.naver.com/PostView.naver?blogId=agapeuni&logNo=220432332637&categoryNo=1213,[독서-73] 7번 읽기 공부법 - 책을 머리속에 통째로 복사하기,2015. 7. 27. 2:23,full-text,,f3b884381db9a8b5fd7a9dc5e9b724cd2721d72ea158f0ac30fd7c23812dfd5e,1
220437920188,https://blog.naver.com/PostView.naver?blogId=agapeuni&logNo=220437920188&categoryNo=1213,[독서-74] 야베스의 기도 - 삶을 기적으로 채우는 기도의 원리,2015. 8. 1. 11:28,full-text,,fadc042ff1a158f11ed889f5520245d7056179edc2de10ec67802485e289734b,1
220441106203,https://blog.naver.com/PostView.naver?blogId=agapeuni&logNo=220441106203&categoryNo=1213,[독서-75] 앨빈 토플러의 생각을 읽자 - 21세기 인문학 교과서,2015. 8. 4. 21:16,full-text,,b58b246a0459b2e1c685ab1005320d27d42fae7ae0b6349449a781c28defc4a5,1
220449181100,https://blog.naver.com/PostView.naver?blogId=agapeuni&logNo=220449181100&categoryNo=1213,[독서-76] 늘 급한 일로 쫓기는 삶 - 진정한 자유를 누리는 법,2015. 8. 12. 23:26,full-text,,6db924b868d418b93b32ece69b7485e3bf9791d891cd9518373709b722f86927,1
220457673984,https://blog.naver.com/PostView.naver?blogId=agapeuni&logNo=220457673984&categoryNo=1213,[독서-77] 김병완의 책 쓰기 혁명 - 독서보다 강한 명품 인생,2015. 8. 21. 14:05,full-text,,cb0381dccdf46cffa2987567349c67791f59725d12976b431b89dd6bdd2e558a,1
220462226327,https://blog.naver.com/PostView.naver?blogId=agapeuni&logNo=220462226327&categoryNo=1213,[독서-78] 표 - 송명희 대환난소설,2015. 8. 26. 8:58,full-text,,9d3fac0303eea7bcf1f4d565f9983fd01b083d81a1b5b74b23f4c1d1b6acdc0e,1
220462521064,https://blog.naver.com/PostView.naver?blogId=agapeuni&logNo=220462521064&categoryNo=1213,기흥/흥덕도서관 - 오늘도 퇴근 후에 도서관에 간다,2015. 8. 26. 17:10,full-text,,33b770bead1dd30bf6ac3b13c685e650ac1a4089465d6dc834850f2e6ef88752,1
220463179560,https://blog.naver.com/PostView.naver?blogId=agapeuni&logNo=220463179560&categoryNo=1213,[독서-79] 슬로리딩 - 생각을 키우는 힘,2015. 8. 27. 1:04,full-text,,3623da91c8d12233ff0765bd1d6715070fe1a9d78f9de769c03e1c576d3f0ea1,1
220466497238,https://blog.naver.com/PostView.naver?blogId=agapeuni&logNo=220466497238&categoryNo=1213,[독서-80] 지금 당장 도서관으로 가라 - 삼천 권 독서의 힘,2015. 8. 30. 17:47,full-text,,7234b714054022788ca0b729325da7eecce28dd2f666c11f0836fbd807e5c9b5,1
220470482493,https://blog.naver.com/PostView.naver?blogId=agapeuni&logNo=220470482493&categoryNo=1213,"[독서-81] 천국으로 가는 마지막 길, 휴거 - 재림 소설",2015. 9. 3. 13:57,full-text,,d8cc74cd3a92f4eadf29d7d4bb1a431f4fc6f1f3987407150b0a2765a25f16d3,1
220472333469,https://blog.naver.com/PostView.naver?blogId=agapeuni&logNo=220472333469&categoryNo=1213,"[독서-82] 그대, 스스로를 고용하라 - 진정한 나와 대면하라",2015. 9. 5. 11:22,full-text,,b6cb196e12048512df3d4f576d004ec9f32590103aa5525cb0c62917d9b44a4d,1
220476149688,https://blog.naver.com/PostView.naver?blogId=agapeuni&logNo=220476149688&categoryNo=1213,"[독서-83] 나이 서른에 책 3,000권을 읽어봤더니 - 성장의 힘",2015. 9. 9. 11:01,full-text,,9f459f4a04b28bf2138497d4b8c80c22b838d967d288b4f58b10a508a8a68200,1
220477811750,https://blog.naver.com/PostView.naver?blogId=agapeuni&logNo=220477811750&categoryNo=1213,[독서-84] 꿈을 이루는 기술 - 미래를 꿈꾸는 당신을 위해,2015. 9. 10. 21:28,full-text,,3ae9df50008d178d64627e16f80458fc5fe0fad814cd6206a531cee221a6eeba,1
220481694258,https://blog.naver.com/PostView.naver?blogId=agapeuni&logNo=220481694258&categoryNo=1213,[독서-85] 생존 독서력 - 악착같이 읽어야 살아남는다!,2015. 9. 15. 8:21,full-text,,c04da509a75466c421a254d6ab8fdc173960b9dcd3015b9aefcef3e5dc9b52e4,1
220483831323,https://blog.naver.com/PostView.naver?blogId=agapeuni&logNo=220483831323&categoryNo=1213,"[독서-86] 인생의 차이를 만드는 독서법, 본깨적",2015. 9. 17. 9:18,full-text,,a2a992f7d3890d8e9885fa0e4e24b931bd3762003070b39ff50a6d30e30e025d,1
220486392691,https://blog.naver.com/PostView.naver?blogId=agapeuni&logNo=220486392691&categoryNo=1213,[독서-87] 쓰는 힘은 읽는 힘  - 글쓰기가 만만해지는 독서법,2015. 9. 19. 23:41,full-text,,e72e281a3deb77002c69899313a74f48dcfaadf4bf4bf7ceb8a43a3703a346e5,1
220487241437,https://blog.naver.com/PostView.naver?blogId=agapeuni&logNo=220487241437&categoryNo=1213,"[독서-88] 읽기의 힘, 듣기의 힘 - 읽기와 듣기로 세상과 소통",2015. 9. 21. 0:59,full-text,,2541255e027f2253bdfbb2975f3774521d7e68f8822005917ce17295eb7466a9,1
220491440377,https://blog.naver.com/PostView.naver?blogId=agapeuni&logNo=220491440377&categoryNo=1213,"[독서-89] 성공을 바인딩하라 - 기적의 노트, 3P 바인더 비밀",2015. 9. 25. 2:32,full-text,,88fd05f6b8fd82bd0154e11f4e88392dc0b1780ac2cc453b9174db77644daa09,1
220497447096,https://blog.naver.com/PostView.naver?blogId=agapeuni&logNo=220497447096&categoryNo=1213,[독서-90] 성취의 법칙 - 성공적인 인생을 살겠다고 맹세하라,2015. 10. 2. 14:30,full-text,,be2550caa2c37d830d9f78ec9bfbd5fd4fcfca876dfe109f10587dac5c4bc157,1
220501453723,https://blog.naver.com/PostView.naver?blogId=agapeuni&logNo=220501453723&categoryNo=1213,[독서-91] 두개의 문 - 미래를 바꾸는 두가지 선택,2015. 10. 6. 21:25,full-text,,030c26cce719c5c46756a12bdaf6369e2691aa2be63985c39b08c1977f827b4d,1
220503534123,https://blog.naver.com/PostView.naver?blogId=agapeuni&logNo=220503534123&categoryNo=1213,[독서-92] 10미터만 더 뛰어봐! - 쓰러져도 다시 일어서라,2015. 10. 8. 23:12,full-text,,24e3c3cd4004d07e86dce121cce058afaabe162428c705b7ca9f7e5f2c9acb19,1
220507978013,https://blog.naver.com/PostView.naver?blogId=agapeuni&logNo=220507978013&categoryNo=1213,[독서-93] 나는 이렇게 될 것이다 - 구본형의 자기경영,2015. 10. 13. 23:12,full-text,,173756e2ffb2c062e9ec9cf21362478fbe36fdcac90fe5a65983c5a11ba0fd34,1
220510495726,https://blog.naver.com/PostView.naver?blogId=agapeuni&logNo=220510495726&categoryNo=1213,[독서-94] IoT(사물인터넷) 지식능력검정,2015. 10. 16. 14:03,full-text,,8734fdd24ea24462036ee48290a5ea4548c05daaf76c501ea9413d4a973812be,1
220511820425,https://blog.naver.com/PostView.naver?blogId=agapeuni&logNo=220511820425&categoryNo=1213,[독서-95] 사물 인터넷 - 모든 것이 연결되는 세상,2015. 10. 18. 0:34,full-text,,8560405d884380fdc8e333816edf6d208d21c0287168f8383a02025f53180dda,1
220515457413,https://blog.naver.com/PostView.naver?blogId=agapeuni&logNo=220515457413&categoryNo=1213,[독서-96] 사물인터넷 실천과 상상력 - 전에 없던 세상을 경험,2015. 10. 21. 18:26,full-text,,903408cf8704304614fc509841df899febbea93f42c9288b7652c8e99f6bbd9d,1
220519445810,https://blog.naver.com/PostView.naver?blogId=agapeuni&logNo=220519445810&categoryNo=1213,[독서-97] 10년후 일의 미래 - 지금 당장 불황을 끝내라,2015. 10. 26. 1:23,full-text,,efd83f1848fc2f5ce2d2dafb108323e31a0bd6fb4c9a22ccebfadf4c5219562c,1
220525674706,https://blog.naver.com/PostView.naver?blogId=agapeuni&logNo=220525674706&categoryNo=1213,"[독서-98] 스물아홉, 직장 밖으로 행군하다 - 1인 기업가",2015. 11. 1. 13:09,full-text,,a1791ff8e49f7daf110c268dbd07b5a1ca1d66a4f6b55a934753c4d7ab937fc5,1
220526625059,https://blog.naver.com/PostView.naver?blogId=agapeuni&logNo=220526625059&categoryNo=1213,"[독서-99] 마흔, 당신의 책을 써라 - 인생 2막을 준비, 책 쓰기",2015. 11. 2. 13:39,full-text,,70a747372998ab2d49093b41990a1728f9b1595dc622ef2db4c64e1db779a372,1
220529595980,https://blog.naver.com/PostView.naver?blogId=agapeuni&logNo=220529595980&categoryNo=1213,"[독서-100] 10년차 직장인, 사표 대신 책을 써라 - 한 권 쓰기",2015. 11. 5. 9:48,full-text,,8754871b408d53f171a9c8057811872b6b92eeb1361dbb0954cdb594ebcf7ad0,1
220537506335,https://blog.naver.com/PostView.naver?blogId=agapeuni&logNo=220537506335&categoryNo=1213,[독서-101] 블로그의 신 - 천만 방문자를 부르는 콘텐츠의 힘,2015. 11. 12. 23:50,full-text,,6643fa14ab61475fe71124f8aace6f5cf66abc8863324085ce0993d86057e16a,1
220537616365,https://blog.naver.com/PostView.naver?blogId=agapeuni&logNo=220537616365&categoryNo=1213,[독서-102] 천재적인 책쓰기로 억만장자가 되라,2015. 11. 13. 3:38,full-text,,19c4932a0d150e3e6021ea416a017d7509ae979bccd1e14417f10a069d598785,1
220544462216,https://blog.naver.com/PostView.naver?blogId=agapeuni&logNo=220544462216&categoryNo=1213,[독서-103] 십자가의 진실 - 죽을 만큼 사랑했다,2015. 11. 19. 23:32,full-text,,1a8f0649ecf0a329dcd957cdf5f58c4eb31c84a6bb2ac9681963e057df01c158,1
220549585818,https://blog.naver.com/PostView.naver?blogId=agapeuni&logNo=220549585818&categoryNo=1213,[독서-104] 하나님의 뜻을 아는 법 - 미니북 시리즈 1,2015. 11. 25. 12:28,full-text,,04b2b6517faa1f2642efd053834ac12c315553c66abada2012973dc10c0a3344,1
220555020878,https://blog.naver.com/PostView.naver?blogId=agapeuni&logNo=220555020878&categoryNo=1213,[독서-105] 조셉 머피 잠재의식의 힘 - 세계적인 베스트셀러,2015. 12. 1. 1:44,full-text,,47529267d29c84eff26bbd7e598bbf717d9db0b909ba17e9f0a4638e6b9fe139,1
220565966923,https://blog.naver.com/PostView.naver?blogId=agapeuni&logNo=220565966923&categoryNo=1213,[독서-106] 소프트웨어 강국으로 가자 - 위기의 한국 경제,2015. 12. 12. 0:56,full-text,,45ecafeffcdea33c26e85d06f2f0386f5c0e3f51421163b354604c32abd61208,1
220574750937,https://blog.naver.com/PostView.naver?blogId=agapeuni&logNo=220574750937&categoryNo=1213,[독서-107] 길 끝에서 길 찾기 - 인생을 바꾸는 독서법,2015. 12. 21. 17:53,full-text,,62e65a8dc853f445907a9d82260a4b572f38d654e5f11157b702117e3e6b06fe,1
220576399883,https://blog.naver.com/PostView.naver?blogId=agapeuni&logNo=220576399883&categoryNo=1213,[독서-108] 부자 자격증 - 부자들의 잘 되는 습관 22가지,2015. 12. 23. 11:05,full-text,,fd37c967190ee9abd791b13084363caf367f369ebe85914fdd70cdce39920efc,1
220580386870,https://blog.naver.com/PostView.naver?blogId=agapeuni&logNo=220580386870&categoryNo=1213,"[독서-109] IT 엔지니어의 투잡, 책 내기 - 행복한 글쓰기",2015. 12. 28. 2:36,full-text,,3819378605b52ff56c47b47022d62a9b6db6c69839925846ae9ce296864509dd,1
220583279795,https://blog.naver.com/PostView.naver?blogId=agapeuni&logNo=220583279795&categoryNo=1213,[독서-110] 보물지도 - 당신의 소중한 꿈을 이루는,2015. 12. 30. 22:24,full-text,,180a7f8eee4587b43bc610454208870a7f9b69fb7e90c3b5f4dc5ea6cb17140c,1
220590309425,https://blog.naver.com/PostView.naver?blogId=agapeuni&logNo=220590309425&categoryNo=1213,[독서-111] 폰더 씨의 위대한 하루 - 7가지 인생이야기 선물,2016. 1. 7. 13:21,full-text,,ae2061725a99e6cf4bd8e8e41381800a05e901472164d4f5e8a533370d26e658,1
220596214310,https://blog.naver.com/PostView.naver?blogId=agapeuni&logNo=220596214310&categoryNo=1213,한국십진분류표 - 검색 사이트와 보기 편한 이미지,2016. 1. 13. 14:37,full-text,,ce561aa8fbbb6758ec6e5f32124c10d6da3095f1f7dd994245ad0fcb26f3c863,1
220600075477,https://blog.naver.com/PostView.naver?blogId=agapeuni&logNo=220600075477&categoryNo=1213,[독서-112] 독서와 바인더로 인생을 설계하라 - 성공의 열쇠,2016. 1. 17. 16:06,full-text,,a7e22727a54866a02ce8755e6d553c40ede91a3d5db1f0a7e1c5876af76dd5e6,1
220603706412,https://blog.naver.com/PostView.naver?blogId=agapeuni&logNo=220603706412&categoryNo=1213,[독서-113] 잠자기 전 1분 정리 공부법 - 오래 기억하는 방법,2016. 1. 20. 22:33,full-text,,9560f56e5df3b3acff05e0bbd0dd6b5fe9d07c10788b43cf09dae5e4bddf9b1c,1
220604824510,https://blog.naver.com/PostView.naver?blogId=agapeuni&logNo=220604824510&categoryNo=1213,[독서-114] 일독일행 독서법 -  문제아를 CEO로 만든 독서,2016. 1. 21. 23:02,full-text,,59bd53942bf61f576a4a9f756619b6a4d7bf89b1ded5085194c92e670ee4447e,1
220608630967,https://blog.naver.com/PostView.naver?blogId=agapeuni&logNo=220608630967&categoryNo=1213,[독서-115] 종이 위의 기적 쓰면 이루어진다 -  놀라지 마라,2016. 1. 25. 23:46,full-text,,70a5104edd8943f67847cdf89b4bcf6b15641318ff9d0c60f563bce840353e7b,1
220615535347,https://blog.naver.com/PostView.naver?blogId=agapeuni&logNo=220615535347&categoryNo=1213,[독서-116] 10년후 - 10년 후 나는 내 삶에 만족하고 있을까?,2016. 2. 1. 21:40,full-text,,1b349696d7a76d5f2716389102d14b8bf0379ad3a7d778e95e4a1e47d0713399,1
220615538977,https://blog.naver.com/PostView.naver?blogId=agapeuni&logNo=220615538977&categoryNo=1213,[독서-117] 사탄의 비밀 - Satan's Dirty Little Secret,2016. 2. 1. 21:44,full-text,,d3361740a2f674a8be52bf6820dfbdfb396ead12f28ac18e944a943787fc569f,1
220615568989,https://blog.naver.com/PostView.naver?blogId=agapeuni&logNo=220615568989&categoryNo=1213,[독서-118] 하버드의 생각수업 - 하버드는 무엇을 가르치는가,2016. 2. 1. 22:14,full-text,,e2e6fe907dcc9cf1aad1cf94969b42214c09a608910d2d67358d3622f98979e1,1
220623357187,https://blog.naver.com/PostView.naver?blogId=agapeuni&logNo=220623357187&categoryNo=1213,[독서-119] 사람은 무엇으로 성장하는가 - 포기하지 마라,2016. 2. 11. 8:33,full-text,,3449c3f7db60552d1d9cd1616fc8484c8436b9e34c8c91fe23770c40e8d52462,1
220624771608,https://blog.naver.com/PostView.naver?blogId=agapeuni&logNo=220624771608&categoryNo=1213,[독서-120] 공부의 기본 - 일본 최고의 수재들이 권하는,2016. 2. 12. 14:21,full-text,,f93c3682c04291693942fc640f0f2051a58bf2331bdb0340c2ab3107985a2e83,1
220627517676,https://blog.naver.com/PostView.naver?blogId=agapeuni&logNo=220627517676&categoryNo=1213,[독서-121] 1만 시간의 법칙 - 성실함과 노력에도 전략이 필요,2016. 2. 15. 14:00,full-text,,6b0446f0123c70728b3b498da97879ae691cdf034e32ba85d36b3c24b9135aa7,1
220628849578,https://blog.naver.com/PostView.naver?blogId=agapeuni&logNo=220628849578&categoryNo=1213,[독서-122] The ONE Thing - 복잡한 세상을 이기는 단순함,2016. 2. 16. 17:01,full-text,,99d99bf1f9766f0b19a0177222c50be2b2c758dbc605bed228c7ee4783e2c35a,1
220629910521,https://blog.naver.com/PostView.naver?blogId=agapeuni&logNo=220629910521&categoryNo=1213,[독서-123] 혼자 있는 시간의 힘 - 기대를 현실로 바꾸는,2016. 2. 17. 16:36,full-text,,ccf1a9b3575399a3d35bd1a37ab3e8280dd33fa4bee00b3cc6e70067fb4db504,1
220629929991,https://blog.naver.com/PostView.naver?blogId=agapeuni&logNo=220629929991&categoryNo=1213,독서의 목표 - 잔이 넘쳐흐를 때까지 독서를 삶에 채워나가자!,2016. 2. 17. 16:53,full-text,,f7019343d0f00cdfe9b1f9187ddfea99267a9630a3607b18f2fccdeab3759046,1
220634446740,https://blog.naver.com/PostView.naver?blogId=agapeuni&logNo=220634446740&categoryNo=1213,[독서-124] 내가 알고 있는 걸 당신도 알게 된다면,2016. 2. 22. 13:03,full-text,,75be483ebe078c782f9a876edc89c10b8f9285d6a62aed1adf039cbb5064d9ab,1
220636690219,https://blog.naver.com/PostView.naver?blogId=agapeuni&logNo=220636690219&categoryNo=1213,[독서-125] 포토 리딩 - 책을 10배 빨리 읽는 독서기술,2016. 2. 24. 13:30,full-text,,c17fa5ebe0b7dae553cbedb0a6949395abce3fcf27c1fb26f41eb907b8c47ddb,1
220638875675,https://blog.naver.com/PostView.naver?blogId=agapeuni&logNo=220638875675&categoryNo=1213,[독서-126] 내 인생의 기적은 한 권의 책에서 시작되었다,2016. 2. 26. 14:55,full-text,,d5ab40e43b8201fe658250658f9bdd5b61c757c4cc8b1bed66c50fcbeab05abf,1
220641584142,https://blog.naver.com/PostView.naver?blogId=agapeuni&logNo=220641584142&categoryNo=1213,[독서-127] 독서는 절대 나를 배신하지 않는다 - 교수 공부법,2016. 2. 29. 15:46,full-text,,cb840895cc550c53071d7f9629575052bbbd674b0cf01b2ea327826f84526fbf,1
220641606792,https://blog.naver.com/PostView.naver?blogId=agapeuni&logNo=220641606792&categoryNo=1213,[독서-128] 누구나 천재가 될 수 있는 한가지 법칙,2016. 2. 29. 16:05,full-text,,1799aa0596d940b0be75d3f822243ac4e2f6e74cd7b8ecf90e56d564e5158e9c,1
220642167150,https://blog.naver.com/PostView.naver?blogId=agapeuni&logNo=220642167150&categoryNo=1213,[독서-129] 나미야 잡화점의 기적 - 히가시노 게이코 장편소설,2016. 3. 1. 2:53,full-text,,f407144542300f317a2e31c7ce9138adf00aaad315bbb8e699c2a5314bed2a88,1
220644361418,https://blog.naver.com/PostView.naver?blogId=agapeuni&logNo=220644361418&categoryNo=1213,[독서-130] 회사에서 꼭 필요한 최소한의 독서법,2016. 3. 3. 13:23,full-text,,2b415865c3223d2f69d0f545dcce94ac9948a83623a19ed56abcfb095dad9080,1
220645837791,https://blog.naver.com/PostView.naver?blogId=agapeuni&logNo=220645837791&categoryNo=1213,[독서-131] 미운오리새끼의 출근 - 안데르센에게 배우는 지혜,2016. 3. 4. 22:37,full-text,,405a4cb338c549005f803af03d3f5fa43a04e3800643038b056b26272c98f8c3,1
220646688107,https://blog.naver.com/PostView.naver?blogId=agapeuni&logNo=220646688107&categoryNo=1213,"[독서-132] 책먹는 독서 - 책, 읽지만 말고 제대로 소화하라!",2016. 3. 5. 23:32,full-text,,31117b3a64794eba3b6cc1927c35503e3b8444474b47d6ab956b3740fed33d0f,1
220647571632,https://blog.naver.com/PostView.naver?blogId=agapeuni&logNo=220647571632&categoryNo=1213,[독서-133] 영웅호걸 삼국지 - 처세술과 리더십을 배우는,2016. 3. 7. 1:22,full-text,,683b1252f875a4490d451f2249656f02317c57b6f9c16e9e9f94c4e1385b6f9c,1
220648016008,https://blog.naver.com/PostView.naver?blogId=agapeuni&logNo=220648016008&categoryNo=1213,[독서-134] 칼 비테의 자녀교육 불변의 법칙 - 자녀교육서,2016. 3. 7. 14:59,full-text,,1d988d7c109de75012b76aefdf565cc967c2b7dc3ddaee8ea367c0e793f8acd1,1
220649022083,https://blog.naver.com/PostView.naver?blogId=agapeuni&logNo=220649022083&categoryNo=1213,"[독서-135] 소크라테스의 변명, 크리톤, 파이돈 - 법과 죽음",2016. 3. 8. 14:33,full-text,,bfd012cdcf58badf186afeca2da10025da8e2e7d9109d559b52578da74621ce6,1
220651362297,https://blog.naver.com/PostView.naver?blogId=agapeuni&logNo=220651362297&categoryNo=1213,"[독서-136] 주여, 사탄의 왕관을 벗었나이다 - 전 단군교 교주",2016. 3. 10. 20:32,full-text,,081a1cb0dee4d3bae4e474226e0806305e75ae1b329558cf9b72363d486d4da2,1
220653620334,https://blog.naver.com/PostView.naver?blogId=agapeuni&logNo=220653620334&categoryNo=1213,[독서-137] 응답받는 기도의 비결 - 미니북 시리즈 2,2016. 3. 13. 15:18,full-text,,8b030fa9dade78b9b50489767d151051020d559d867a738ff0f7c4228567525c,1
220657071843,https://blog.naver.com/PostView.naver?blogId=agapeuni&logNo=220657071843&categoryNo=1213,[독서-138] 곁에 두고 읽는 서양철학사 - 50인의 철학자,2016. 3. 16. 23:54,full-text,,934995751c71eafbee8df93b23dbfacf7f86d8c4268b6baaa0c28a3242c55e5b,1
220657702158,https://blog.naver.com/PostView.naver?blogId=agapeuni&logNo=220657702158&categoryNo=1213,"[독서-139] 3색볼펜 읽기 공부법 - 요약 B, 핵심 R, 관심 G",2016. 3. 17. 17:58,full-text,,dc220ec4a5ad0f76b545d2775e2d197688986e1f7fa4c413195d06c4b8615eb9,1
220660940999,https://blog.naver.com/PostView.naver?blogId=agapeuni&logNo=220660940999&categoryNo=1213,[독서-140] 그리스도인의 고난 - 미니북 시리즈 3,2016. 3. 21. 13:13,full-text,,c62d0950b4a6f8f87f73b6899878d3e48bcf5a3c8ce3a6b76f1222d295218abe,1
220665467364,https://blog.naver.com/PostView.naver?blogId=agapeuni&logNo=220665467364&categoryNo=1213,[독서-141] 뼛속까지 내려가서 써라 - 혁명적인 글쓰기 방법론,2016. 3. 25. 23:30,full-text,,272c56597102db418449b9cea883bd18e282988864b9a18fc4fd152e78879246,1
220668177109,https://blog.naver.com/PostView.naver?blogId=agapeuni&logNo=220668177109&categoryNo=1213,[독서-142] 포커스리딩 - 1%핵심을 잡으면 99%가 보인다,2016. 3. 29. 8:51,full-text,,59dbd7fb73c9c67acdb6d408eb68a0a912d5561d3388722cd4cec7b5e1c32c34,1
220669226254,https://blog.naver.com/PostView.naver?blogId=agapeuni&logNo=220669226254&categoryNo=1213,독서의 삶 - 인생이라는 거대한 바다를 독서로 항해한다,2016. 3. 30. 9:59,full-text,,04eff551b3c15cd64d7487658c7b69b8339a231b634c5de36e384b86ce16445b,1
220670849817,https://blog.naver.com/PostView.naver?blogId=agapeuni&logNo=220670849817&categoryNo=1213,[독서-143] 패스트리딩 - 핵심을 간파하는 비즈니스 독서법,2016. 3. 31. 21:39,full-text,,4bb0c6000f8830d97b9f68b05a729a080f35948c317b8641cb41679cd7dc0ae2,1
220673629400,https://blog.naver.com/PostView.naver?blogId=agapeuni&logNo=220673629400&categoryNo=1213,"[독서-144] 중보기도, 이렇게 하라 - 미니북 시리즈 4",2016. 4. 4. 9:00,full-text,,5e31cde4b297377d7fda5aee6ffe4810a355f5afaca8c31a749c8982a5d1b900,1
220674749529,https://blog.naver.com/PostView.naver?blogId=agapeuni&logNo=220674749529&categoryNo=1213,[독서-145] 파워블로그 비밀노트 - 1000명을 부르는 힘,2016. 4. 5. 11:07,full-text,,05938ce09baf45622aa125143008d6ed36889ea929684dffc4dbb793444fb47a,1
220682835752,https://blog.naver.com/PostView.naver?blogId=agapeuni&logNo=220682835752&categoryNo=1213,[독서-146] 프로페셔널의 조건 - 어떻게 자기 실현을 하는가?,2016. 4. 14. 9:30,full-text,,e05c55c0f0f49daf16d159ad6c58050840e9f4c204071c2a25687e31cc81e5ed,1
220685982847,https://blog.naver.com/PostView.naver?blogId=agapeuni&logNo=220685982847&categoryNo=1213,[독서-147] 절세노하우 - 개인사업자들이 꼭 알아야 할,2016. 4. 17. 22:22,full-text,,0b047c436bfd88c1d2cdbf8ba23aec22782e871a3282bc95ae21a07abe933147,1
220689893998,https://blog.naver.com/PostView.naver?blogId=agapeuni&logNo=220689893998&categoryNo=1213,[독서-148] 사피엔스 - 유인원에서 사이보그까지의 인간 역사,2016. 4. 21. 22:28,full-text,,dbe52f39ae92da069838cebce4ad3c545c55bd40d2f802ac8437bc952154bd0d,1
220691173835,https://blog.naver.com/PostView.naver?blogId=agapeuni&logNo=220691173835&categoryNo=1213,[독서-149] 지적 대화를 위한 넓고 얕은 지식 : 현실 편,2016. 4. 23. 12:20,full-text,,fc5418cb92fb21c89ee80d21c7f820af115bc4801b37642e7c09eae228171e19,1
220691187073,https://blog.naver.com/PostView.naver?blogId=agapeuni&logNo=220691187073&categoryNo=1213,[독서-150] 지적 대화를 위한 넓고 얕은 지식 : 현실너머 편,2016. 4. 23. 12:42,full-text,,164cdd8688052c10b1e734cfafa5c5366bd8657fb1c18fcc6f6bbbf0cb71dac5,1
220692423737,https://blog.naver.com/PostView.naver?blogId=agapeuni&logNo=220692423737&categoryNo=1213,[독서-151] 1년에 1000권 읽는 독서 멘토링 - 100가지 비법,2016. 4. 25. 1:12,full-text,,3e8e86222e05647bea93b957afc1b70ea0674b32850f9c69f54824c5a5319b12,1
220693705078,https://blog.naver.com/PostView.naver?blogId=agapeuni&logNo=220693705078&categoryNo=1213,[독서-152] 스토리식 기억법 - 억지로 외우지 않아도 기억되는,2016. 4. 26. 12:19,full-text,,77f3fedbf5f77f9a5b5ee294bf09e4084213e40726742ea210a37896392d0348,1
220693714018,https://blog.naver.com/PostView.naver?blogId=agapeuni&logNo=220693714018&categoryNo=1213,[독서-153] 세인트존스의 고전 100권 공부법 - 진짜 공부,2016. 4. 26. 12:31,full-text,,afc4b7866e6bf865327903d6e5ae96b9a068fb5ee06aa4855be89633dd4d0a2c,1
220694890411,https://blog.naver.com/PostView.naver?blogId=agapeuni&logNo=220694890411&categoryNo=1213,[독서-154] 패턴리딩 - 실용 독서의 뉴 패러다임,2016. 4. 27. 16:04,full-text,,22c128cc80ebb5fc3e34f8f761a71ee9538dd53503ea2fe20121391067a23228,1
220699694723,https://blog.naver.com/PostView.naver?blogId=agapeuni&logNo=220699694723&categoryNo=1213,[독서-155] 무일푼 막노동꾼인 내가 글을 쓰는 이유,2016. 5. 3. 1:35,full-text,,0fa61f1ae9f398be802ec8018230cf090c8b590805749baf219fda85987c542f,1
220699829236,https://blog.naver.com/PostView.naver?blogId=agapeuni&logNo=220699829236&categoryNo=1213,[독서-156] 미라클 모닝 - 당신의 하루를 바꾸는 기적,2016. 5. 3. 9:47,full-text,,5efda29ed9f4b63ddc4fcf622a44439b00d361bc31e6f08bc52ee1754ac147e5,1
220704545321,https://blog.naver.com/PostView.naver?blogId=agapeuni&logNo=220704545321&categoryNo=1213,[독서-157] 시민의 교양 - 보통 사람들을 위한 현실 인문학,2016. 5. 9. 2:04,full-text,,8d28f1e9d7c192541c6ada8f25e5f86559b8d9e662ca91c89273e42a7add82f4,1
220705487090,https://blog.naver.com/PostView.naver?blogId=agapeuni&logNo=220705487090&categoryNo=1213,"[독서-158] 네트워크 마케팅, 스타트-업! - 신규사업자",2016. 5. 10. 0:47,full-text,,7aa589368a3640ac7fc0d227bd288ee26d06ff8643b9e37f9a1888eca2f5b795,1
220705882652,https://blog.naver.com/PostView.naver?blogId=agapeuni&logNo=220705882652&categoryNo=1213,[독서-159] 내 치즈는 내가 옮긴다 - 변화된 생존 전략,2016. 5. 10. 15:07,full-text,,f760de1cc9af0a0e446a232096ba865414b3fcd7aa02f5a39e665a6c4cd28c1a,1
220705902224,https://blog.naver.com/PostView.naver?blogId=agapeuni&logNo=220705902224&categoryNo=1213,[독서-160] 청소부 밥 - 오랜지색 수첩과 녹차 두 잔을 준비,2016. 5. 10. 15:25,full-text,,8c5e9022de7d52f68c6ee8212000f904e56b182340a36638a052f84662a768dc,1
220708603164,https://blog.naver.com/PostView.naver?blogId=agapeuni&logNo=220708603164&categoryNo=1213,[독서-161] 1%만 바꿔도 인생이 달라진다 - 인생 리모델링,2016. 5. 13. 12:52,full-text,,c7cee375d48457bcd3180c58cecf1418cceb0b7e605261d95141abd952adb886,1
220712123142,https://blog.naver.com/PostView.naver?blogId=agapeuni&logNo=220712123142&categoryNo=1213,[독서-162] 돌이켜 회개하라 - 당신의 구원을 다시 확인하라,2016. 5. 17. 16:56,full-text,,e057f18bd887da1e4f1a4ed3a6ed968af340eefef380949a73cff08133632068,1
220716478204,https://blog.naver.com/PostView.naver?blogId=agapeuni&logNo=220716478204&categoryNo=1213,[독서-163] 익숙한 것과의 결별 - 대량 실업시대의 자기 혁명,2016. 5. 22. 22:06,full-text,,01a22ac37bf89bdc3abef983c276fa1400dc82bd4ee58b96bf3f864017ee077a,1
220716538871,https://blog.naver.com/PostView.naver?blogId=agapeuni&logNo=220716538871&categoryNo=1213,[독서-164] 죽음의 수용소에서 - 죽음조차 희망으로 만들다,2016. 5. 22. 23:13,full-text,,5e70b0ee219cea62454354f7c9b69ee64121c667d217f21511912438fef9b4f6,1
220717978839,https://blog.naver.com/PostView.naver?blogId=agapeuni&logNo=220717978839&categoryNo=1213,[독서-165] 종이 한 장으로 요약하는 기술 - 한 장의 마법,2016. 5. 24. 14:30,full-text,,bac2a21a930ca0b65a8399edbd6244654e436b512ae018efd2509fe56ff40382,1
220720728751,https://blog.naver.com/PostView.naver?blogId=agapeuni&logNo=220720728751&categoryNo=1213,[독서-166] 아들러와 프로이트의 대결 - 두 거장의 심리학,2016. 5. 27. 14:42,full-text,,259ec62cade1df454dd82406469ad63039a7592f0304fb44442f48ce7814a370,1
220726473760,https://blog.naver.com/PostView.naver?blogId=agapeuni&logNo=220726473760&categoryNo=1213,[독서-167] 나는 무엇으로 사는가 - 자기를 발견하는 안내서,2016. 6. 3. 6:59,full-text,,8fb85df6a677ce0c04bcb39fa136e9cc63f4de0aac99c038188f8b753cb17dfc,1
220726768380,https://blog.naver.com/PostView.naver?blogId=agapeuni&logNo=220726768380&categoryNo=1213,[독서-168] 미움받을 용기2 - 사랑과 진정한 자립을 위해,2016. 6. 3. 14:06,full-text,,053b1ff72afa4a610f2b38c15dfed1ef7bf1cfc5290ab9d7aca6739adb9d6ef4,1
220727592954,https://blog.naver.com/PostView.naver?blogId=agapeuni&logNo=220727592954&categoryNo=1213,[독서-169] 삶이 고통스러울 때 - 고통에 대한 하나님의 입장,2016. 6. 4. 15:10,full-text,,1a342af66be452b0497f649b49caa8d33eb6650d708d1aa9e221ddda0e875a04,1
220729954890,https://blog.naver.com/PostView.naver?blogId=agapeuni&logNo=220729954890&categoryNo=1213,[독서-170] 모든 것을 새롭게 - 하나님을 경험하라,2016. 6. 7. 16:57,full-text,,65939f853f9e0950713051d0b19eeb269ffc881d01d8363db3ddce3fda5306a8,1
220731604574,https://blog.naver.com/PostView.naver?blogId=agapeuni&logNo=220731604574&categoryNo=1213,"[독서-171] 우동 한 그릇, 마지막 손님 - 감동에 목마른 시대",2016. 6. 9. 12:08,full-text,,99d5ad686b1481f3390f0c60c0380d88e6b3263773cba914547cfb11a7a35afe,1
220732406268,https://blog.naver.com/PostView.naver?blogId=agapeuni&logNo=220732406268&categoryNo=1213,[독서-172] 백만불짜리 습관 - 부자의 습관이 삶을 바꾼다,2016. 6. 10. 9:16,full-text,,fa0854339781e911b6c1d0ba74f6b87dc7703bb7ee81619c4b123791ab1ac7ab,1
220736861770,https://blog.naver.com/PostView.naver?blogId=agapeuni&logNo=220736861770&categoryNo=1213,[독서-173] 목표 그 성취의 기술 - 원하는 것을 빨리 얻는 기술,2016. 6. 15. 12:54,full-text,,dbe0ed16f45c21fc53e86d47a4dff46abfe0900d4f08c0b3bf099f6e0281dc75,1
220742567612,https://blog.naver.com/PostView.naver?blogId=agapeuni&logNo=220742567612&categoryNo=1213,[독서-174] 밀리언달러 티켓 - 비행기에서 만난 백만장자,2016. 6. 22. 0:09,full-text,,768cd5e4d4bc54af891148596d991cd4f6ed7ef56617aec332a31c025d035e2b,1
220742583194,https://blog.naver.com/PostView.naver?blogId=agapeuni&logNo=220742583194&categoryNo=1213,[독서-175] 왜 네트워크 마케팅인가? - 강의 10년을 정리,2016. 6. 22. 0:32,full-text,,aaefe782f2b24aaf9aeeea5d78280d6d2bd62446ea4dacfe2a296a0ad571fa76,1
220746759349,https://blog.naver.com/PostView.naver?blogId=agapeuni&logNo=220746759349&categoryNo=1213,[독서-176] 네트워크 마케팅에서 성공하는 70가지 법칙,2016. 6. 27. 4:21,full-text,,41277c5063eb2794bca2a50eaf95799400fcb13c4034d15cc03bf2cad36d42ea,1
220746761716,https://blog.naver.com/PostView.naver?blogId=agapeuni&logNo=220746761716&categoryNo=1213,[독서-177] 끌리는 사람의 백만불짜리 매력 - 최고의 경쟁력,2016. 6. 27. 4:40,full-text,,a31c7592c2d904fb70cc48d722030c576b3e2d062ab6c38ce03875bb9c6cb723,1
220747836721,https://blog.naver.com/PostView.naver?blogId=agapeuni&logNo=220747836721&categoryNo=1213,[독서-178] 네트워크 마케팅 유통의 판을 바꾸다,2016. 6. 28. 10:19,full-text,,9f01e4b557871544bdaf8c1c3a7649292ee049cd316bee1ac5e223c24a6ea0f0,1
220750619093,https://blog.naver.com/PostView.naver?blogId=agapeuni&logNo=220750619093&categoryNo=1213,[독서-179] 위대한 기업의 7가지 경영 습관 - 기업경영 황금률,2016. 7. 1. 9:03,full-text,,7b6b94d7a8981e039a0cf2373b60f2a0e31c443e5fa7928c46835eda71a73a62,1
220750668278,https://blog.naver.com/PostView.naver?blogId=agapeuni&logNo=220750668278&categoryNo=1213,[독서-180] 네트워크 마케팅 프로가 되는 7단계 - 성공 비결,2016. 7. 1. 10:13,full-text,,23daeef7a85e8b6582c9b0005cd57b072665c1a4646fac6c57d5f2bc3b2f06f0,1
220753209901,https://blog.naver.com/PostView.naver?blogId=agapeuni&logNo=220753209901&categoryNo=1213,[독서-181] 네트워크마케팅 초기사업자 행동백서 - 행동지침,2016. 7. 4. 15:06,full-text,,74261bc6a7196aee30de6204ebd24abfb02dedeea2314abc7096cccffce9983b,1
220761048224,https://blog.naver.com/PostView.naver?blogId=agapeuni&logNo=220761048224&categoryNo=1213,[독서-182] 네트워크 마케팅 시스템을 알면 성공한다,2016. 7. 13. 13:42,full-text,,c7996a7de3d6df7e0477b7df7891fcdc9e101f03ce504ab7de0146a59d93af2b,1
220761075595,https://blog.naver.com/PostView.naver?blogId=agapeuni&logNo=220761075595&categoryNo=1213,[독서-183] 무엇이 당신을 부자로 만드는가 - 증명된 성공비밀,2016. 7. 13. 14:10,full-text,,80dd2d94dcf0a65094248dfc2675971b7db69972890a66b637f407d79a93dbd7,1
220761093623,https://blog.naver.com/PostView.naver?blogId=agapeuni&logNo=220761093623&categoryNo=1213,[독서-184] 연금술사 - 자아의 신화를 찾아가는 영혼의 연금술,2016. 7. 13. 14:29,full-text,,7bd0d7ec883d5d24f8a4e4f43dff6b7b778e9db8c3f9ffbf49c1c75c27e1008c,1
220761220206,https://blog.naver.com/PostView.naver?blogId=agapeuni&logNo=220761220206&categoryNo=1213,[독서-185] 혼자 힘으로 부자가 된 사람들의 21가지 성공비밀,2016. 7. 13. 16:36,full-text,,e972281de53e1caa3c25aed43b5d466e43222db1dcb04513dec5b0a048696dc9,1
220761255146,https://blog.naver.com/PostView.naver?blogId=agapeuni&logNo=220761255146&categoryNo=1213,[독서-186] 돈을 쓰면서 돈을 버는 프로슈머 마케팅,2016. 7. 13. 17:10,full-text,,47481f01fbfb59d022a8d8de1989757e231ed15c9c518dd7142f3fac88a0ec4e,1
220773489311,https://blog.naver.com/PostView.naver?blogId=agapeuni&logNo=220773489311&categoryNo=1213,[독서-187] 머리좋은 사람이 돈 못 버는 이유 - 신선한 충격,2016. 7. 28. 5:55,full-text,,45a175726899910a7f35258d352a86257c0c0b43ab2a03387340a416202b68a2,1
220773491643,https://blog.naver.com/PostView.naver?blogId=agapeuni&logNo=220773491643&categoryNo=1213,[독서-188] 나는 한번 읽은 책은 절대 잊어버리지 않는다,2016. 7. 28. 6:09,full-text,,7bbf55878f7664112eee3fc5b1493102dadd4080414307d0efdb94a18b58f15b,1
220872130547,https://blog.naver.com/PostView.naver?blogId=agapeuni&logNo=220872130547&categoryNo=1213,[독서-189] 어느날 400억원의 빚을 진 남자 - 포기하지 말라,2016. 11. 27. 22:10,full-text,,b08f87a653bbfea1a113c641ecc36f158dd3d863d1ab94fe7a223f86c786f5f5,1
220883282902,https://blog.naver.com/PostView.naver?blogId=agapeuni&logNo=220883282902&categoryNo=1213,[독서-190] 당신은 겉보기에 노력하고 있을 뿐 - 청춘의 인생,2016. 12. 11. 15:57,full-text,,e7cd4386e01dad2c74099f6b9aaf5db432e89cc985a8865544e480c28f088235,1
220902039462,https://blog.naver.com/PostView.naver?blogId=agapeuni&logNo=220902039462&categoryNo=1213,[독서-191] 예수님의 보혈 - 하나님의 가장 첫 번째 우선순위,2017. 1. 3. 23:28,full-text,,4370a7a868d44612b4fa25c260da31269b27d50348c939f23ac16c96aebe22dd,1
220955754033,https://blog.naver.com/PostView.naver?blogId=agapeuni&logNo=220955754033&categoryNo=1213,[독서-192] 저작권 별별 이야기 - 만화로 보는 저작권 판례,2017. 3. 11. 21:47,full-text,,5fcec9cccf006440548d6b17c088890968681bc3ec653126b3f3b2aef0943e20,1
220961001719,https://blog.naver.com/PostView.naver?blogId=agapeuni&logNo=220961001719&categoryNo=1213,[독서-193] 내 작은 출판사 시작하기 - 1인 창업의 모든 것,2017. 3. 18. 10:24,full-text,,b9cf6236d16269bacf6a692e815cb2308e6d6e48ad0470807585e7245f18e609,1
220969680268,https://blog.naver.com/PostView.naver?blogId=agapeuni&logNo=220969680268&categoryNo=1213,[독서-194] 왕의 음성 - 하나님의 음성을 듣는 삶,2017. 3. 29. 4:54,full-text,,4d7e14cfd9c0a087a796e32188c879bb595849557d4c3e5eaf99481036ef670c,1
220971462743,https://blog.naver.com/PostView.naver?blogId=agapeuni&logNo=220971462743&categoryNo=1213,[독서-195] 최강 공부법 - 직장인을 위한 신개념 공부 지침서,2017. 3. 31. 7:01,full-text,,3db0fa6db65e130714a1253d0b8074dc877b10935e03ed105df1b4008aab258d,1
220977445438,https://blog.naver.com/PostView.naver?blogId=agapeuni&logNo=220977445438&categoryNo=1213,[독서-196] 35세를 위한 체크리스트 - 삶의 터닝 포인트!,2017. 4. 7. 12:23,full-text,,91b48752b4a4723e33ad996e6872aeb78ecb2245734ab61616c353264bce793d,1
220978647216,https://blog.naver.com/PostView.naver?blogId=agapeuni&logNo=220978647216&categoryNo=1213,[독서-197] 남자 나이 45세 - 인생 후반전을 위한 터닝 포인트,2017. 4. 9. 2:14,full-text,,b3559f987d1d80832e13927fb9739443541a067f4703b4f8f5b2029952790e03,1
220979792475,https://blog.naver.com/PostView.naver?blogId=agapeuni&logNo=220979792475&categoryNo=1213,[독서-198] 명문대 가는 고등학생 공부 비법 - 나도 갈 수 있다,2017. 4. 10. 16:54,full-text,,20552ca79d717a06a88d228ee94f2bf99fb7da5839465496f05dc15c3ce12cb5,1
220981509704,https://blog.naver.com/PostView.naver?blogId=agapeuni&logNo=220981509704&categoryNo=1213,[독서-199] 내가 공부하는 이유 - 일본 교수의 평생 공부법,2017. 4. 12. 15:42,full-text,,2bff92e704247e087644606aceb3249b1ea7af2a16793dfa70184f27161f47c3,1
220982670672,https://blog.naver.com/PostView.naver?blogId=agapeuni&logNo=220982670672&categoryNo=1213,[독서-200] 완벽한 공부 - 모든 공부의 최고의 지침서,2017. 4. 13. 21:36,full-text,,5a1657982448c024852adcf4bf5a62db1d48b1f77270188a4cc0ae1b99faf7c5,1
220984282920,https://blog.naver.com/PostView.naver?blogId=agapeuni&logNo=220984282920&categoryNo=1213,[독서-201] 미라클 모닝 - 당신의 하루를 바꾸는 기적,2017. 4. 16. 1:47,full-text,,9aba4dbb5f5c520feacb5f0b731bdf588a6e4e0c2111e1588b16a55d8fa2a23e,1
220985487898,https://blog.naver.com/PostView.naver?blogId=agapeuni&logNo=220985487898&categoryNo=1213,[독서-202] 웹 기획자가 알아야 할 서비스 글쓰기의 모든 것,2017. 4. 17. 17:46,full-text,,afdf2e8df708a23af4832629eade1269e133db15d5d456fe223c140057f77b50,1
220986203512,https://blog.naver.com/PostView.naver?blogId=agapeuni&logNo=220986203512&categoryNo=1213,[독서-203] 비정규직 - 비정규직은  무엇이 문제인가?,2017. 4. 18. 15:31,full-text,,f5f30fc0f0b52895f11b65d658839d80d9276292c592e96aea2323c1d618b29c,1
220986478545,https://blog.naver.com/PostView.naver?blogId=agapeuni&logNo=220986478545&categoryNo=1213,[독서-204] 만화로 배우는 가르치는 기술 - 누구나 배울 수 있다,2017. 4. 18. 20:56,full-text,,b5ac08ac099ee3607e041a53f67f538999dc3b4cc25853397d49e3aee4978396,1
220987466147,https://blog.naver.com/PostView.naver?blogId=agapeuni&logNo=220987466147&categoryNo=1213,[독서-205] 충분하고도 넘치는 하나님 - 엘샤다이,2017. 4. 19. 23:33,full-text,,936e7bc7458c3debae8f11732f2cf6bbced04f0005e70d368be00973d3d5e375,1
220987974737,https://blog.naver.com/PostView.naver?blogId=agapeuni&logNo=220987974737&categoryNo=1213,[독서-206] 탄탄한 문장력 - 읽기 쉬운 정교한 글쓰기 법칙 20,2017. 4. 20. 15:31,full-text,,518c998585b9fd0d2cf52ff85962b7eae3af18748d8998eb4d5d631a4d5d3276,1
220989198371,https://blog.naver.com/PostView.naver?blogId=agapeuni&logNo=220989198371&categoryNo=1213,[독서-207] 1만권 독서법 - 한 권의 책은 하나의 세상을 연다,2017. 4. 22. 0:02,full-text,,4d2ed520ae43aa5408ecc1b45b08271d45cd7321b4583b9b5ce7010eafc42a7f,1
220989262431,https://blog.naver.com/PostView.naver?blogId=agapeuni&logNo=220989262431&categoryNo=1213,[독서-208] 수만 가지 책 100% 활용법 - 88가지 실천 독서법,2017. 4. 22. 3:02,full-text,,dd44f117db8f6963d527aaec992d7cfe2f25c618293566cd5e17dae2e9a35b29,1
220989648861,https://blog.naver.com/PostView.naver?blogId=agapeuni&logNo=220989648861&categoryNo=1213,[독서-209] 인간의 세 가지 본성 - 케네스 해긴 목사의 가르침,2017. 4. 22. 20:19,full-text,,a2fb52f2f3cc0b6dff154ce3ddae2ee59deadb998cab89c7eb7a8b5578edee70,1
220990433185,https://blog.naver.com/PostView.naver?blogId=agapeuni&logNo=220990433185&categoryNo=1213,[독서-210] Head First HTML and CSS - 웹 표준 학습법,2017. 4. 24. 2:23,full-text,,d4430489964ad8dffa68f13c9b9ef585f8da1a6acbf4b46ab355243bbb8a15e2,1
220990699365,https://blog.naver.com/PostView.naver?blogId=agapeuni&logNo=220990699365&categoryNo=1213,[독서-211] 웹 표준 가이드 - HTML5 + CSS3,2017. 4. 24. 12:55,full-text,,56c6adea1e26955c6a8fa8b42a5177d8b7fd210b9c9de368b9cf31a9400f44d7,1
220990844203,https://blog.naver.com/PostView.naver?blogId=agapeuni&logNo=220990844203&categoryNo=1213,[독서-212] 모던 웹 디자인을 위한 HTML5 + CSS3 입문,2017. 4. 24. 15:40,full-text,,3da54376b40d4f9d502759933a705806cdfe343b50d858a7c8abb3c1b1397e2b,1
220991057109,https://blog.naver.com/PostView.naver?blogId=agapeuni&logNo=220991057109&categoryNo=1213,[독서-213] Head First HTML5 Programming,2017. 4. 24. 19:54,full-text,,2aaa89c3af91eac872f356b3ad98ced2a42a17e3d9008b34c9fbe591b3d83201,1
220991115539,https://blog.naver.com/PostView.naver?blogId=agapeuni&logNo=220991115539&categoryNo=1213,[독서-214] Pro HTML5 Programming - 차세대 표준 API,2017. 4. 24. 21:18,full-text,,7d47507f712d83b8df893eb916fc00eeab3d18a23a54155af32ad82166103d08,1
220991308457,https://blog.naver.com/PostView.naver?blogId=agapeuni&logNo=220991308457&categoryNo=1213,[독서-215] Pro CSS and HTML Design Patterns,2017. 4. 25. 3:02,full-text,,4fe037183ec86f70ee2c8c97c09b03bfdb479f9554214cf64e40db7b3cbe6ceb,1
220991649555,https://blog.naver.com/PostView.naver?blogId=agapeuni&logNo=220991649555&categoryNo=1213,[독서-216] Head First JavaScript - 대화형 웹 앱의 시작,2017. 4. 25. 14:30,full-text,,7d3a6265c597a0d9eb48b1ee54ff538856fbc4efef96b41e8e928646c1f49d98,1
220991776450,https://blog.naver.com/PostView.naver?blogId=agapeuni&logNo=220991776450&categoryNo=1213,[독서-217] 자바스크립트 for 웹2.0 - 웹 애플리케이션의 변화,2017. 4. 25. 16:45,full-text,,b46e576a93a2f4a35a0bf65cb32571122d4bf616cfa59a422ced8560173186c4,1
220991910113,https://blog.naver.com/PostView.naver?blogId=agapeuni&logNo=220991910113&categoryNo=1213,[독서-218] Pro JavaScript Techniques - 존 레식,2017. 4. 25. 19:34,full-text,,73ff3da7ab59ab0b72e54ede2f8bd1998e4b46d0860d3d7244ac01c2192b5c12,1
220992111075,https://blog.naver.com/PostView.naver?blogId=agapeuni&logNo=220992111075&categoryNo=1213,[독서-219] 프로 자바스크립트 테크닉 - 고급 개발자를 위한,2017. 4. 26. 0:40,full-text,,02ae60054905d6c62e53403cedddaada1998756c0fcae55ee3712c47657bd5d6,1
220992123970,https://blog.naver.com/PostView.naver?blogId=agapeuni&logNo=220992123970&categoryNo=1213,[독서-220] 자바스크립트 핵심 가이드 - 자바스크립트의 정수,2017. 4. 26. 1:05,full-text,,ac3ddbff0f7a9d66b273f87b6216c791be9dc4dbfac7e4c88011bf6b9ab848ba,1
220992151723,https://blog.naver.com/PostView.naver?blogId=agapeuni&logNo=220992151723&categoryNo=1213,[독서-221] 자바스크립트 완벽 가이드 - Definitive Guide,2017. 4. 26. 2:37,full-text,,0d6b43d57407e1eedfb69dd129b46828a756a3ec2c30bcd4a6922752d614390a,1
220992425371,https://blog.naver.com/PostView.naver?blogId=agapeuni&logNo=220992425371&categoryNo=1213,[독서-222] 자바스크립트 성능 최적화 - 느린 코드를 개선,2017. 4. 26. 13:11,full-text,,fd57db3c8f08982ad0299618a1b505c7ba00a8d7dfbb71c957b7c723589f74e6,1
220992695949,https://blog.naver.com/PostView.naver?blogId=agapeuni&logNo=220992695949&categoryNo=1213,[독서-223] Head Rush Ajax - 비동기 프로그래밍 학습법,2017. 4. 26. 18:14,full-text,,aae693841c8c8bef51b6cbf26365e368292b2ac6f992e94bd478ff4d8dda9c9a,1
220992790333,https://blog.naver.com/PostView.naver?blogId=agapeuni&logNo=220992790333&categoryNo=1213,[독서-224] Head First jQuery - 누구나 쉽게 배울 수 있는,2017. 4. 26. 20:46,full-text,,0d37c07739cf59cad375ff53a4cef7448e4a79374b1d8407a5a6eeff6359f535,1
220992795801,https://blog.naver.com/PostView.naver?blogId=agapeuni&logNo=220992795801&categoryNo=1213,[독서-225] 프로그래밍 jQuery in Action - jQuery의 기본서,2017. 4. 26. 20:56,full-text,,f574abad9769c47cf0225ed769d5ab9bade581c86645cad62e94fd9f120ed667,1
220993274531,https://blog.naver.com/PostView.naver?blogId=agapeuni&logNo=220993274531&categoryNo=1213,[독서-226] 실전 jQuery 쿡북 - 19인의 jQuery 코어 개발자,2017. 4. 27. 13:15,full-text,,8776e992e8ea560d33ce1011823ba405e03ce06dd45998dba02981e74b1490a2,1
220993414633,https://blog.naver.com/PostView.naver?blogId=agapeuni&logNo=220993414633&categoryNo=1213,[독서-227] 사전처럼 바로 찾아 쓰는 jQuery - 해결 길잡이,2017. 4. 27. 15:55,full-text,,a8987eb0e45b1a88b50fd7ce0674a7c34ba1849385c189023a98d12c125eeeda,1
220993635526,https://blog.naver.com/PostView.naver?blogId=agapeuni&logNo=220993635526&categoryNo=1213,[독서-228] 모던 웹을 위한 JavaScript + jQuery 입문,2017. 4. 27. 20:47,full-text,,4ae88abc813f61d03bb04ba414ea122d0104e4f71da616fee8e1db0e8213c514,1
220993683127,https://blog.naver.com/PostView.naver?blogId=agapeuni&logNo=220993683127&categoryNo=1213,[독서-229] jQuery Mobile inside - 스마트함을 더하다,2017. 4. 27. 21:58,full-text,,01d1210a23afbcfafe3dcb3e55b756b0ef1b82c65ab5bb367a148d633a268190,1
220993844038,https://blog.naver.com/PostView.naver?blogId=agapeuni&logNo=220993844038&categoryNo=1213,[독서-230] 이제 시작이야! jQuery 모바일 - Up & Running,2017. 4. 28. 4:13,full-text,,e4744b1ad9a196a60284ae90b324268e12121e6f1573a6112219bfd379b67e55,1
220994556599,https://blog.naver.com/PostView.naver?blogId=agapeuni&logNo=220994556599&categoryNo=1213,[독서-231] JSP를 이용한 웹서버 구축 - 실무지침서,2017. 4. 28. 23:57,full-text,,ada8079570420f6059e9126d7df45b547061bf5e90744ce943af2133db72efdd,1
220994565645,https://blog.naver.com/PostView.naver?blogId=agapeuni&logNo=220994565645&categoryNo=1213,[독서-232] JSP Servlet - 삼성멀티캠퍼스 기획시리즈,2017. 4. 29. 0:12,full-text,,3ae278217f344a780573d8cf0e0212c0e26b1038b17609ba5248381dc2d7a998,1
220995116991,https://blog.naver.com/PostView.naver?blogId=agapeuni&logNo=220995116991&categoryNo=1213,[독서-233] Head First Servlets JSP - 상상력 자극 학습법,2017. 4. 29. 23:12,full-text,,aed23f367c819259044ecf7d5b7638bdce64994c4153a736b7fe989604fdea9b,1
220995224369,https://blog.naver.com/PostView.naver?blogId=agapeuni&logNo=220995224369&categoryNo=1213,[독서-234] 서블릿 JSP 자바 웹 프로그래밍 완성 - 핵심 정리,2017. 4. 30. 4:02,full-text,,9859f2717f2f36b1347e31695ac94e118aae83221161bcc0509cc0583ae014cd,1
220995258396,https://blog.naver.com/PostView.naver?blogId=agapeuni&logNo=220995258396&categoryNo=1213,[독서-235] 쉽게 따라하는 자바 웹 개발 - 자바 웹 개발의 비법,2017. 4. 30. 7:54,full-text,,29fb0bd17a19e08855d1f7628776dea59ef41f7c26bfc40fa4409e701afae210,1
220996265628,https://blog.naver.com/PostView.naver?blogId=agapeuni&logNo=220996265628&categoryNo=1213,[독서-236] 열혈강의 자바 웹 개발 워크북 - 개발자 로드맵,2017. 5. 1. 18:14,full-text,,159e0183604f5dd50c70ed4a67b2c7fa5c9ac296fe4675ebaa7bfa887942b88e,1
220998733401,https://blog.naver.com/PostView.naver?blogId=agapeuni&logNo=220998733401&categoryNo=1213,[독서·노트] 나의 꿈 나의 인생 - 0. 생각에 따라 삶이 달라진다.,2017. 5. 5. 1:08,full-text,,f1d7e0cadd0ad37d3b130cd822a0f19b73296b4b6a0c0ff65c631a05256e2079,1
220998736790,https://blog.naver.com/PostView.naver?blogId=agapeuni&logNo=220998736790&categoryNo=1213,[독서·노트] 나의 꿈 나의 인생 - 1. 모든 것은 소망에서 출발한다.,2017. 5. 5. 1:16,full-text,,bb4c9e8d59038b5d6bae87c2185591dd857004a0954e23e784348c806d41074b,1
220998765778,https://blog.naver.com/PostView.naver?blogId=agapeuni&logNo=220998765778&categoryNo=1213,[독서·노트] 나의 꿈 나의 인생 - 2. 신념이 나를 움직인다.,2017. 5. 5. 2:52,full-text,,08b46426697e07585600b772db70afff2ad6525007b0e40fa9b035f99c7cbd27,1
220999099973,https://blog.naver.com/PostView.naver?blogId=agapeuni&logNo=220999099973&categoryNo=1213,[독서·노트] 나의 꿈 나의 인생 - 3. 자기암시에는 놀라운 힘이 있다.,2017. 5. 5. 17:59,full-text,,8e00a4b4229e994a1674b04e583f383dce51b72d06f96425030568be21047118,1
220999307005,https://blog.naver.com/PostView.naver?blogId=agapeuni&logNo=220999307005&categoryNo=1213,[독서·노트] 나의 꿈 나의 인생 - 4. 전문 지식을 활용한다.,2017. 5. 6. 0:25,full-text,,34147d135f47c55ee41a32a02131419fc81504b2f87e0a75bf5172ec2db90d4e,1
220999513184,https://blog.naver.com/PostView.naver?blogId=agapeuni&logNo=220999513184&categoryNo=1213,[독서·노트] 나의 꿈 나의 인생 - 5. 상상력에서 가능성이 나온다.,2017. 5. 6. 12:35,full-text,,4ff799a94308541a9da0b6f6a154bbcb5bd4b8b09ba669e78eea182c11388f73,1
220999913803,https://blog.naver.com/PostView.naver?blogId=agapeuni&logNo=220999913803&categoryNo=1213,[독서·노트] 나의 꿈 나의 인생 - 6. 행동할 수 있는 계획을 세운다.,2017. 5. 7. 1:10,full-text,,b5fda346e139debc3d7c79726d4f2d4068062f69eab548e1f7b34aee6ec0105f,1
221000929904,https://blog.naver.com/PostView.naver?blogId=agapeuni&logNo=221000929904&categoryNo=1213,[독서·노트] 나의 꿈 나의 인생 - 7. 결단은 신속히 한다.,2017. 5. 8. 15:38,full-text,,b7520e16bd57a0473d8991ebb8b1d1dd199b44e7dfe91358b3995dccb0a5cc25,1
221001376656,https://blog.naver.com/PostView.naver?blogId=agapeuni&logNo=221001376656&categoryNo=1213,[독서-237] 1시간에 1권 퀀텀독서법 - 하루 30분 3주간,2017. 5. 9. 3:36,full-text,,c75ae25bca3cf973571b26869d447f65f3192f91ee4ce6b19a99a3e73bdd749b,1
221003641765,https://blog.naver.com/PostView.naver?blogId=agapeuni&logNo=221003641765&categoryNo=1213,[독서·노트] 나의 꿈 나의 인생 - 8. 참고 견디는 마음을 키운다.,2017. 5. 11. 21:28,full-text,,b3b84befd830dd23c853437db1b19fa2a3a73930aac4cac5acdf626e3dfc2ecc,1
221004454625,https://blog.naver.com/PostView.naver?blogId=agapeuni&logNo=221004454625&categoryNo=1213,[독서-238] 스프링 2.5 프로그래밍 - 웹 개발자를 위한,2017. 5. 12. 21:03,full-text,,52269a83c3ac0e1133f1c4447b0a04bc7e6c20ae43d197d7b624e6b19ae4357b,1
221004596324,https://blog.naver.com/PostView.naver?blogId=agapeuni&logNo=221004596324&categoryNo=1213,[독서-239] 스프링 3.0 - 스프링 3.1 완벽호환,2017. 5. 13. 1:07,full-text,,ae91506cb458a622f327e4e39a8add2150cc827e6dc1ec0413168a9faff1fad7,1
221004940726,https://blog.naver.com/PostView.naver?blogId=agapeuni&logNo=221004940726&categoryNo=1213,[독서-240] 스프링 인 액션 - 이 책을 통해 스프링에 눈을 떴다,2017. 5. 13. 17:05,full-text,,b9193f8dd1282f0a6aa4aae3d33a8db428909e353f7c532c50657981f3dfe57f,1
221005213868,https://blog.naver.com/PostView.naver?blogId=agapeuni&logNo=221005213868&categoryNo=1213,"[독서-241] 토비의 스프링 3.1 - 이해와 원리, 기술과 선택",2017. 5. 14. 1:52,full-text,,52a970116c9eb218534ed2cf8dbe5ef3905f76886979db8f42d6f017da1940f7,1
221005668772,https://blog.naver.com/PostView.naver?blogId=agapeuni&logNo=221005668772&categoryNo=1213,[독서-242] 제조 IT 프로젝트 입문기 - PLM개념부터 구축까지,2017. 5. 14. 21:41,full-text,,32bacc5c97810173b8163ec4417930c988d2de8f7845dd76b7d6c4ce65ea2fc3,1
221005797497,https://blog.naver.com/PostView.naver?blogId=agapeuni&logNo=221005797497&categoryNo=1213,[독서-243] 스프링 4 코딩공작소 - 확실하게 배우는 입문서,2017. 5. 15. 0:47,full-text,,620d6a4b3b68b944299745ab2f0eb5ee05d6a97c57780a183fd6ee95a7b802d8,1
221006643205,https://blog.naver.com/PostView.naver?blogId=agapeuni&logNo=221006643205&categoryNo=1213,[독서-244] 거침없이 배우는 자바 파워 툴 - 자바 개발자의 책,2017. 5. 16. 1:17,full-text,,28d2c3c2acedf60893a3553c0587ce3336592fe5e7dcf66f4636a869301ab318,1
221007343567,https://blog.naver.com/PostView.naver?blogId=agapeuni&logNo=221007343567&categoryNo=1213,[독서-245] 자바 프로젝트 필수 유틸리티 - 편한 개발 환경,2017. 5. 16. 21:51,full-text,,a4a1fcc7101478b9cb25b461c45fa164889f7569abcedd086125bd8c7fef477a,1
221007469629,https://blog.naver.com/PostView.naver?blogId=agapeuni&logNo=221007469629&categoryNo=1213,[독서-246] 이클립스 프로젝트 필수 유틸리티 - 프로젝트 환경,2017. 5. 17. 0:52,full-text,,034ee6e6651167cbcbb5dac1911c0404142fa6a79acf831884e207daa7e8361d,1
221008329576,https://blog.naver.com/PostView.naver?blogId=agapeuni&logNo=221008329576&categoryNo=1213,[독서-247] JAVA 세상을 덮치는 이클립스 - 생산력 향상 도구,2017. 5. 18. 7:23,full-text,,fc84024cbf8850abfe4c0cc403a1917cf1cc75b45d2f12957155aacb5977223e,1
221009158560,https://blog.naver.com/PostView.naver?blogId=agapeuni&logNo=221009158560&categoryNo=1213,[독서-248] 이클립스 완전공략 - 오픈소스 자바통합 개발환경,2017. 5. 19. 7:19,full-text,,413b0ba8cb5711925c277d72e1a2798ca30dff176e46e0936c1bbf2de67f4fce,1
221009957708,https://blog.naver.com/PostView.naver?blogId=agapeuni&logNo=221009957708&categoryNo=1213,[독서-249] iBATIS 인 액션 - 강력한 SQL 매핑 프레임워크,2017. 5. 20. 8:11,full-text,,d2bcca94ada8582cc450820b85b562c0d2eed1f941f5da099f3079efc57aae03,1
221010973708,https://blog.naver.com/PostView.naver?blogId=agapeuni&logNo=221010973708&categoryNo=1213,[독서-250] 공부하는 그리스도인 - 그리스도인에게 공부란?,2017. 5. 21. 22:32,full-text,,c59165f53bd16db52a438df8c85c7bcbdb64edd77f9cf3bbb802130cfc822c51,1
221011067557,https://blog.naver.com/PostView.naver?blogId=agapeuni&logNo=221011067557&categoryNo=1213,[독서-251] 웹 개발자를 위한 웹을 지탱하는 기술 - 웹 기술들,2017. 5. 22. 0:55,full-text,,fe96e5a524c83a38c0d053e1b126cd6c7133b83796bdc4be02e32bdaed9306dd,1
221011723226,https://blog.naver.com/PostView.naver?blogId=agapeuni&logNo=221011723226&categoryNo=1213,[독서-252] 좋은 코드를 작성하는 기술 - 쉬운 코드 작성법,2017. 5. 22. 20:05,full-text,,67f421bd24f29006657d8672f69e85e0b4057633d5ba70265e1d4928a76e8db8,1
221011941278,https://blog.naver.com/PostView.naver?blogId=agapeuni&logNo=221011941278&categoryNo=1213,[독서-253] 마이바티스 프로그래밍 - 데이터베이스 프레임워크,2017. 5. 23. 1:32,full-text,,c4c8200f10fd80c304e10a5d8d3c1d3df1850b79981baa9c16489c53de88dc54,1
221015638954,https://blog.naver.com/PostView.naver?blogId=agapeuni&logNo=221015638954&categoryNo=1213,[독서-254] 쉽고 빠르게 익히는 CSS 3 - 퀵 스타트 가이드,2017. 5. 27. 20:47,full-text,,5de6ab257ebe7839ec3fc685540246a42cd84658d0645fc8db97ac24faaa4806,1
221015808767,https://blog.naver.com/PostView.naver?blogId=agapeuni&logNo=221015808767&categoryNo=1213,[독서-255] 스트럿츠 프로그래밍 - 파워유저가 알려주는,2017. 5. 28. 2:42,full-text,,91deb6941be9feb31a731f845f207d840616e098fe6c462803dc610ad003c4a2,1
221015887180,https://blog.naver.com/PostView.naver?blogId=agapeuni&logNo=221015887180&categoryNo=1213,[독서-256] 스트럿츠2 프로그래밍 입문 - 초/중급자 입문서,2017. 5. 28. 9:45,full-text,,f59887715e849ec235a0ed969964b6984173ea9e2768a0a4419bca0da77a6529,1
221016348571,https://blog.naver.com/PostView.naver?blogId=agapeuni&logNo=221016348571&categoryNo=1213,[독서-257] 스트럿츠2 프로그래밍 - 웹 개발 프레임워크,2017. 5. 28. 23:53,full-text,,2e66d474bee92bba8b07e0400c6c6a92b4fb92a9a3f062f01f239878c175a830,1
221017134080,https://blog.naver.com/PostView.naver?blogId=agapeuni&logNo=221017134080&categoryNo=1213,[독서-258] Head First Java - 재미 두배! 실력 두배! 학습법,2017. 5. 29. 22:21,full-text,,1942d885681289b00c572a874e17b12ea2157394f67f7c8950dde8690a8f9900,1
221017250062,https://blog.naver.com/PostView.naver?blogId=agapeuni&logNo=221017250062&categoryNo=1213,[독서-259] JAVA가 보이는 그림책 - JAVA 프로그래밍 입문서,2017. 5. 30. 1:15,full-text,,2be70e61a4c5a478c50bf37188edbfc8a1bf9c1dce3bb9dc75e6bced1be1d110,1
221018038330,https://blog.naver.com/PostView.naver?blogId=agapeuni&logNo=221018038330&categoryNo=1213,[독서-260] JAVA의 정석 - 자바의 기초부터 활용까지,2017. 5. 30. 23:42,full-text,,b1c33402b7851a825d0cd37202c59e15a1b862e3b6a099bf6403d8cf3a319d05,1
221018921068,https://blog.naver.com/PostView.naver?blogId=agapeuni&logNo=221018921068&categoryNo=1213,[독서-261] Professional Java - JDK 6 Edition,2017. 6. 1. 0:52,full-text,,c7dc718f2292075a5778985576773f13c808d5a59ef87ec03d7a88f5d54d1dd2,1
221020634443,https://blog.naver.com/PostView.naver?blogId=agapeuni&logNo=221020634443&categoryNo=1213,[독서-262] 자바 성능을 결정짓는 코딩 습관과 튜닝 이야기,2017. 6. 3. 8:52,full-text,,08bf6cfc35cdba735c3da49c7b1d96ff53b63618c1e292bab05318a4c95ec107,1
221023274092,https://blog.naver.com/PostView.naver?blogId=agapeuni&logNo=221023274092&categoryNo=1213,[독서-263] 칭찬은 고래도 춤추게 한다 - 칭찬 열풍 화제의 책,2017. 6. 7. 3:30,full-text,,863331481a9404f870d05ca88ec7433fb53f47a57656e18942a720c31d89483e,1
221025802400,https://blog.naver.com/PostView.naver?blogId=agapeuni&logNo=221025802400&categoryNo=1213,[독서-264] 자바스크립트 테스트와 디버깅 - 개발자 안내서,2017. 6. 10. 6:11,full-text,,f64a1c602a6edd51c278e9ff30eedc0f27027b2491bc4172849b68e9af391946,1
221025970219,https://blog.naver.com/PostView.naver?blogId=agapeuni&logNo=221025970219&categoryNo=1213,"[독서-265] Java Web Services - JAX-WS, SCA & ESB",2017. 6. 10. 13:31,full-text,,5d42123c25288a8849c7e0c443daabdce0e0360a04d9e4b894d9f7c69ed589d1,1
221026260375,https://blog.naver.com/PostView.naver?blogId=agapeuni&logNo=221026260375&categoryNo=1213,"[독서-266] Head First EJB - EJB가 당신의 머리 속으로, No~",2017. 6. 10. 22:50,full-text,,4f1ca2c8fa436ade1067a395e9432f7bff74cd4841a99b2c3651704bf8225273,1
221026967235,https://blog.naver.com/PostView.naver?blogId=agapeuni&logNo=221026967235&categoryNo=1213,[독서-267] Clean Code 클린 코드 - 애자일 소프트웨어 정신,2017. 6. 12. 1:53,full-text,,4861151477f6a65f39293fce34cedc1e4984ff23684161951821cdedaf28adf1,1
221034593989,https://blog.naver.com/PostView.naver?blogId=agapeuni&logNo=221034593989&categoryNo=1213,[독서-268] Head First Design Pattern - 스토리 패턴 학습법 (9점),2017. 6. 21. 21:21,full-text,,7214193f8feae2391cab6111a3da4f9847baf11c97f48d84204545db6b2482d8,1
221036834254,https://blog.naver.com/PostView.naver?blogId=agapeuni&logNo=221036834254&categoryNo=1213,[독서-269] JAVA 언어로 배우는 디자인 패턴 입문,2017. 6. 24. 23:54,full-text,,eef7b48c8e0eb219cd94f2660f980252f4f58ab16a68bdf59785774a718a75ad,1
221037432909,https://blog.naver.com/PostView.naver?blogId=agapeuni&logNo=221037432909&categoryNo=1213,[독서-270] 플라시보 - 유효성분은 없고 심리적 효과의 약,2017. 6. 26. 0:57,full-text,,f4690bd960e02c5adec8b54ea104a9d09f33b3876ec30d5c0640dfddfa1a5d0f,1
221044212740,https://blog.naver.com/PostView.naver?blogId=agapeuni&logNo=221044212740&categoryNo=1213,[독서-271] PM의 변 - 능력 없는 프로젝트 관리자의 변명,2017. 7. 5. 1:25,full-text,,b12a9220a2125e6403fcc028dd72f2a46a6872301025dbdb20c401e73c59538a,1
221045644509,https://blog.naver.com/PostView.naver?blogId=agapeuni&logNo=221045644509&categoryNo=1213,[독서-272] SI 프로젝트 전문가로 가는 길 - 과제 리더를 위해,2017. 7. 6. 20:45,full-text,,a1721c0c50844b164a4ed0ef7fcf9b5382056d85e652fb689328ede482a672d8,1
221052956392,https://blog.naver.com/PostView.naver?blogId=agapeuni&logNo=221052956392&categoryNo=1213,[독서-273] 일이 빠른 사람은 보이지 않는 곳에서 무엇을 할까,2017. 7. 17. 6:51,full-text,,8e609253393bc48c802009e4d97c1ea47ac0ec15769033da6c90cbf6722b31c9,1
221067180412,https://blog.naver.com/PostView.naver?blogId=agapeuni&logNo=221067180412&categoryNo=1213,[독서-274] 이펙티브 자바(Effective Java) 제2판 - 자바 SE6,2017. 8. 5. 1:09,full-text,,26b56a2ba0d5e985e39eb24875633a0403adefc3268352b42cda324403284666,1
221070914383,https://blog.naver.com/PostView.naver?blogId=agapeuni&logNo=221070914383&categoryNo=1213,[독서-275] 리눅스와 함께하는 라즈베리 파이 - 리눅스 활용법,2017. 8. 10. 11:53,full-text,,6a73998535edce295b25c895720b5e741c10f9e0b531de462a984787610cf5e1,1
221071478281,https://blog.naver.com/PostView.naver?blogId=agapeuni&logNo=221071478281&categoryNo=1213,[독서-276] 라즈베리파이 2로 만들어 보는 사물인터넷,2017. 8. 11. 1:13,full-text,,94358405cb7c2e5b5527a294a7e1be494b6898ceac1abddc4836eee171a62465,1
221073342161,https://blog.naver.com/PostView.naver?blogId=agapeuni&logNo=221073342161&categoryNo=1213,[독서-277] 라즈베리 파이 쿡북 - 레시피를 통해서 배운다,2017. 8. 14. 1:03,full-text,,cafd89bd5eaf12f2be285649396b0e7621bfbdcb6668ae5b4c5b79ead4261f5a,1
221074828862,https://blog.naver.com/PostView.naver?blogId=agapeuni&logNo=221074828862&categoryNo=1213,[독서-278] 모두의 라즈베리 파이 - 누구나 쉽게 배우는,2017. 8. 16. 3:05,full-text,,7bf5fc906584b802fe70ff2d342a59e94d89d3f625ca8773d62f362226b57aea,1
221078949100,https://blog.naver.com/PostView.naver?blogId=agapeuni&logNo=221078949100&categoryNo=1213,[독서-279] 꿈을 100만번 이루는 방법 - 꿈을 이루는 인생,2017. 8. 21. 19:33,full-text,,9f7f0a99e22577053076051adca2b42dfa6199324402a10b3508ae57b996c740,1
221079836670,https://blog.naver.com/PostView.naver?blogId=agapeuni&logNo=221079836670&categoryNo=1213,[독서-280] 라즈베리 파이 시작하기 - 신용카드만한 컴퓨터,2017. 8. 22. 21:26,full-text,,cfadd422134a30efe29c25296be388a4ddf845820cdb7b49538e2f8bd2c0d72a,1
221082364858,https://blog.naver.com/PostView.naver?blogId=agapeuni&logNo=221082364858&categoryNo=1213,[독서-281] 네트워크 마케팅 - 선입견을 버리면 기회가 되는,2017. 8. 26. 0:05,full-text,,46a38da11a7327ee7c6a3ec76290049e6c81df1da921b1dc57a23858f016ecd3,1
221082496493,https://blog.naver.com/PostView.naver?blogId=agapeuni&logNo=221082496493&categoryNo=1213,[독서-282] 라즈베리 파이 활용백서 - 실전 프로젝트 20개,2017. 8. 26. 9:13,full-text,,452a68a09f8927c547552fcdd38b66ee626bc8d2385ba2e7dff4d23e6eb2c3a6,1
221082571582,https://blog.naver.com/PostView.naver?blogId=agapeuni&logNo=221082571582&categoryNo=1213,[독서-283] 라즈베리 파이 스마트 라이프 - RPi에서 IoT까지,2017. 8. 26. 11:59,full-text,,c6259c035a358421f095e1a49ba90fbf303cd96e81f26e2225db2c38ce419498,1
221085019153,https://blog.naver.com/PostView.naver?blogId=agapeuni&logNo=221085019153&categoryNo=1213,[독서-284] 라즈베리 파이 프로그래밍 - 파이썬으로 시작하는,2017. 8. 29. 21:24,full-text,,13f4bf6a637d2a496a80b36f8d7fd425f92cf64b688c0aca8762af19b24f8278,1
221085824829,https://blog.naver.com/PostView.naver?blogId=agapeuni&logNo=221085824829&categoryNo=1213,[독서-285] 프로젝트로 배우는 라즈베리 파이 - 나의 프로젝트,2017. 8. 30. 21:15,full-text,,93b39f9a64b878d50aef3a6171e9dd06bc8279a1fc35a2347780c7b70d0b0069,1
221085981360,https://blog.naver.com/PostView.naver?blogId=agapeuni&logNo=221085981360&categoryNo=1213,[독서-286] 거침없이 배우는 라즈베리 파이 - 입문 지침서,2017. 8. 31. 1:28,full-text,,122e88a0bfa96ba5c4774f94e249a112caa045a5fdc0c38720a18023c68e69b1,1
221087478577,https://blog.naver.com/PostView.naver?blogId=agapeuni&logNo=221087478577&categoryNo=1213,[독서-287] 손에 잡히는 라즈베리 파이 - 두번째 개정판,2017. 9. 1. 23:25,full-text,,18e8e4371d5927bfdbe83c3821003f3df5206e2c492f4b5d23a3cbc48e6744da,1
221088118131,https://blog.naver.com/PostView.naver?blogId=agapeuni&logNo=221088118131&categoryNo=1213,[독서-288] 라즈베리 파이로 구현하는 사물 인터넷 프로젝트,2017. 9. 3. 2:17,full-text,,bcd807543a09f74060dc71059595f5a56e10937620a661be6fd28840964f0382,1
221090921232,https://blog.naver.com/PostView.naver?blogId=agapeuni&logNo=221090921232&categoryNo=1213,[독서-289] 사물인터넷을 품은 라즈베리 파이 - IoT의 모든 것,2017. 9. 6. 19:34,full-text,,dcec7f5b199fa9e95cf02b4cbf662fe64e41ba660f09018fdc7701da2345012d,1
221092585964,https://blog.naver.com/PostView.naver?blogId=agapeuni&logNo=221092585964&categoryNo=1213,[독서-290] 2016 다보스 리포트 - 인공지능발 4차 산업혁명,2017. 9. 8. 20:49,full-text,,6079511302373c43cae7f8ed98e2684fa174c7b02092397f835f67b0ac63f7ff,1
221095612712,https://blog.naver.com/PostView.naver?blogId=agapeuni&logNo=221095612712&categoryNo=1213,[독서-291] 소프트웨어 장인 - 프로페셔널 / 실용주의 / 자부심,2017. 9. 13. 3:59,full-text,,b8703646e215c4684f7a44d722d0c6e97b41cfdf9a4fe2d592f8832989662cca,1
221096246928,https://blog.naver.com/PostView.naver?blogId=agapeuni&logNo=221096246928&categoryNo=1213,[독서-292] 코딩시대 - 코드는 미래를 지배하는 언어가 된다,2017. 9. 13. 21:19,full-text,,00c7b11469fcad423125778a560d56e782bece25f3408fb5d27952922cba77c2,1
221104423155,https://blog.naver.com/PostView.naver?blogId=agapeuni&logNo=221104423155&categoryNo=1213,[독서-293] 자녀를 빛나게 하는 디톡스교육 - 인재 양육 비밀,2017. 9. 25. 3:46,full-text,,0f884372b7aea03bb1572867a67b800adac79d5bc75769c5a7651b6fe7d58766,1
221108521299,https://blog.naver.com/PostView.naver?blogId=agapeuni&logNo=221108521299&categoryNo=1213,[독서·노트] 나의 꿈 나의 인생 - 9. 유익한 협력자를 찾는다,2017. 9. 30. 13:34,full-text,,cca02d87627fa1250461b881e2e720736e0d2d1d9b8e48e5c7ddc87956337210,1
221109687032,https://blog.naver.com/PostView.naver?blogId=agapeuni&logNo=221109687032&categoryNo=1213,[독서-294] 실무에서 바로 통하는 자바 - 개발자를 위한 서적,2017. 10. 2. 15:28,full-text,,047a3b0ab5d517a385ccce382010a348ddbd97632d2214836dc9c6b341798290,1
221114370869,https://blog.naver.com/PostView.naver?blogId=agapeuni&logNo=221114370869&categoryNo=1213,[독서-295] 정말 천국은 있습니다! - 천국은 실존하는 곳이다,2017. 10. 11. 2:22,full-text,,a4cc5bd6874b1376dd262f6500d15da94b9d3ff62b60f01e780a60aa7c01de6c,1
221117831424,https://blog.naver.com/PostView.naver?blogId=agapeuni&logNo=221117831424&categoryNo=1213,[독서-296] 내가 본 천국 - 5일 동안의 천국여행 체험기,2017. 10. 16. 3:16,full-text,,b8898c10d8c5bebaf175a0b6e77a7a1bf8a82f86563e22f4d8d13328b510f0f3,1
221118635520,https://blog.naver.com/PostView.naver?blogId=agapeuni&logNo=221118635520&categoryNo=1213,[독서-297] 최신 IT 트렌드 - 그림한장으로 보고 배우는,2017. 10. 17. 3:15,full-text,,e566188b0b56ffc5564466ae9399bd2cce05ee02c3a31ec7f45bed2e9c119299,1
221122499464,https://blog.naver.com/PostView.naver?blogId=agapeuni&logNo=221122499464&categoryNo=1213,[독서-298] 오라클 11g+ PL/SQL 입문 - 프로그램 기본서,2017. 10. 22. 11:43,full-text,,7397d03cfe3821fb54290b7f8c170990412a81d8b47ae1f2942a0013da7ca3b3,1
221122829814,https://blog.naver.com/PostView.naver?blogId=agapeuni&logNo=221122829814&categoryNo=1213,[독서-299] Beginning Oracle Programming,2017. 10. 22. 22:14,full-text,,4f6a13d7f78922bf38f7e83df42487da39845cba9d55fea57c02abddab7f2f0a,1
221124418769,https://blog.naver.com/PostView.naver?blogId=agapeuni&logNo=221124418769&categoryNo=1213,[독서-300] 뇌를 자극하는 오라클 프로그래밍 - PL/SQL,2017. 10. 24. 20:32,full-text,,9b652ec2df45cea7439b0a38065d38c318bf83c3d9258b4328eba495b70ba010,1
221125442394,https://blog.naver.com/PostView.naver?blogId=agapeuni&logNo=221125442394&categoryNo=1213,[독서-301] 사물인터넷 - 클라우드와 빅데이터의 거대한 연결,2017. 10. 26. 3:24,full-text,,267fc8fb58d084e1e8e5070bee6bc4bb9af6aca91cd19a96bec26f9bf399fab3,1
221129025841,https://blog.naver.com/PostView.naver?blogId=agapeuni&logNo=221129025841&categoryNo=1213,[독서-302] 인공지능과 딥러닝 - 산업 구조의 변화와 혁신,2017. 10. 31. 2:29,full-text,,07260f2ac1e56103a3f95729097d4a4a89eb757a249dd98a3b1c0d7346abca69,1
221139366928,https://blog.naver.com/PostView.naver?blogId=agapeuni&logNo=221139366928&categoryNo=1213,[독서-303] 그들은 책 어디에 밑줄을 긋는가 - 고수들 독서법,2017. 11. 14. 1:50,full-text,,bca09f86446537c43850b5af8ffd5b527583f5f7666b83cc0a086fadf1aedd21,1
221143816761,https://blog.naver.com/PostView.naver?blogId=agapeuni&logNo=221143816761&categoryNo=1213,[독서-304] 1분 몰입 - 당신의 인생을 바꾸는 결정적 시간,2017. 11. 20. 1:58,full-text,,3d574caf6d702e23ad34116df8f30ad82a44a0af5d942c38008558162246b7ce,1
221148928616,https://blog.naver.com/PostView.naver?blogId=agapeuni&logNo=221148928616&categoryNo=1213,"[독서-305] PLM 전략 - CRM, SCM을 뛰어넘는 패러다임",2017. 11. 26. 17:44,full-text,,de46feccf5c547a82c028ecb158c5265c197404d9a700dea5ea71ee5c301e28b,1
221153826153,https://blog.naver.com/PostView.naver?blogId=agapeuni&logNo=221153826153&categoryNo=1213,[독서-306] 좋아하는 일 하면서 먹고살기 - 직장인들의 로망,2017. 12. 2. 19:37,full-text,,6e1ad773b5cfe914b4e1cb66d201cda0d94ee93338714cd613538d461ba5092f,1
221159503041,https://blog.naver.com/PostView.naver?blogId=agapeuni&logNo=221159503041&categoryNo=1213,[독서-307] 죽음보다 강한 사랑 손양원 - 당신을 찾아갑니다,2017. 12. 10. 1:09,full-text,,51fe6ef44f8876a2770f82008272bd7f5c08cd4648fecf626694af19e77101b2,1
221161740137,https://blog.naver.com/PostView.naver?blogId=agapeuni&logNo=221161740137&categoryNo=1213,[독서-308] 8주 완성! 고객이 몰려오는 블로그 마케팅,2017. 12. 13. 2:24,full-text,,db93295377a83fb465c9c6cb47ecbfe35eb51eaf5f64bd5a628c13b68054bca5,1
221167688137,https://blog.naver.com/PostView.naver?blogId=agapeuni&logNo=221167688137&categoryNo=1213,[독서·노트] 하버드 인생특강 - 1강. 마음가짐 (마이클 샌델),2017. 12. 20. 21:01,full-text,,ede38b813ed8dc34204790b842e40d97b80a373e0abf94f22802dba6d4a4ffb4,1
221167734332,https://blog.naver.com/PostView.naver?blogId=agapeuni&logNo=221167734332&categoryNo=1213,[독서·노트] 하버드 인생특강 - 2강. 처세 (로버트 머튼),2017. 12. 21. 8:10,full-text,,0098322c3bd7e063ff5dda86dcbc9eb40c78cd3d3fe2e0c4b1a2c215b3626dac,1
221167824766,https://blog.naver.com/PostView.naver?blogId=agapeuni&logNo=221167824766&categoryNo=1213,[독서·노트] 하버드 인생특강 - 3강. 경쟁 (앤서니 사이치),2017. 12. 22. 8:10,full-text,,1c1b87747fc95e6bbba25946ed24e2866bac06a10ffed416b2093ec3d294ea3e,1
221167831034,https://blog.naver.com/PostView.naver?blogId=agapeuni&logNo=221167831034&categoryNo=1213,[독서·노트] 하버드 인생특강 - 4강. 자신감 (마사 슈워츠),2017. 12. 23. 7:20,full-text,,5324ba848bcc00fea90a36a13abc7a01d33c97e0e41cc86048405c7c01d98166,1
221169386164,https://blog.naver.com/PostView.naver?blogId=agapeuni&logNo=221169386164&categoryNo=1213,[독서·노트] 하버드 인생특강 - 5강. 즐거움 (일레인 케이마크),2017. 12. 25. 7:20,full-text,,f235bc18a0639f724a303faf07ff92dca9b637b4eade4218c54a8def602bbfd6,1
221169386641,https://blog.naver.com/PostView.naver?blogId=agapeuni&logNo=221169386641&categoryNo=1213,[독서·노트] 하버드 인생특강 - 6강. 습관 (로자베스 모스 칸터),2017. 12. 26. 7:20,full-text,,1a7b3036fbf27c4e034b0a1439e275c602d3c9c1c793fa859efbf9a1b60868cb,1
221169664644,https://blog.naver.com/PostView.naver?blogId=agapeuni&logNo=221169664644&categoryNo=1213,[독서·노트] 하버드 인생특강 - 7강. 일 (라마 알렉산더),2017. 12. 27. 7:20,full-text,,6b79a2d13c270441fa8eb75d0bfbde0019a7200255a007a900eca18dd66bd8a9,1
221170229194,https://blog.naver.com/PostView.naver?blogId=agapeuni&logNo=221170229194&categoryNo=1213,[독서·노트] 하버드 인생특강 - 8강. 실패 (데릭 복),2017. 12. 28. 7:20,full-text,,18427c1c45cc1e48b2d4744816b603e07364d1461585a1cb27f2d73bb8472e3e,1
221170233435,https://blog.naver.com/PostView.naver?blogId=agapeuni&logNo=221170233435&categoryNo=1213,[독서·노트] 하버드 인생특강 - 9강. 성공 (닐 루덴스타인),2017. 12. 29. 7:20,full-text,,434a66d2e2cf77f761bf47b4bb7852ee6c86e14bf7e96191b3ccc75493a4fdd5,1
221175393777,https://blog.naver.com/PostView.naver?blogId=agapeuni&logNo=221175393777&categoryNo=1213,[독서-309] 아두이노 - 말하고 듣고 대화하는 피지컬 컴퓨팅,2018. 1. 1. 13:31,full-text,,faa17c01b1e57d73445e3d232b51cd9176541b6835faf9b7bd3080d67f9714a9,1
221175404120,https://blog.naver.com/PostView.naver?blogId=agapeuni&logNo=221175404120&categoryNo=1213,[독서-310] 쉽게 따라하는 아두이노 배우기 - 코딩 교육 시작,2018. 1. 1. 13:54,full-text,,676352217dd3829d1652786347c0f8dbc39d716899c8cc7b055e684dfbdd8ae0,1
221180861196,https://blog.naver.com/PostView.naver?blogId=agapeuni&logNo=221180861196&categoryNo=1213,[독서-311] 인생의 폭풍 속에서 하나님을 만나다 - 영혼의 닻,2018. 1. 9. 1:47,full-text,,081ba0287792a099b2493abf7deae5dee341f96d10cc251a9eefb8379e7c3dd7,1
221181560928,https://blog.naver.com/PostView.naver?blogId=agapeuni&logNo=221181560928&categoryNo=1213,[독서-312] 하버드 인생 특강 - 하버드 교수들의 인생수업,2018. 1. 9. 22:48,full-text,,a1a623b76e595c55ca98f3999a7a41a6b51c8128ed7f8a387e1189b92d4332c5,1
221184561923,https://blog.naver.com/PostView.naver?blogId=agapeuni&logNo=221184561923&categoryNo=1213,[독서-313] 모두의 아두이노 - 누구나 쉽게 배우며 실습하는,2018. 1. 14. 0:44,full-text,,098801f858028a10fa0c69e0fcde4668eeefa843d51313375268e361a714f04f,1
221185044368,https://blog.naver.com/PostView.naver?blogId=agapeuni&logNo=221185044368&categoryNo=1213,[독서-314] 익스플로링 아두이노 - 친절한 아두이노 활용법,2018. 1. 14. 22:17,full-text,,861c2d1d79cbdc03199489f6a7bc723a0ae7af35ed7aaabfd960abf58cc0f27c,1
221191022147,https://blog.naver.com/PostView.naver?blogId=agapeuni&logNo=221191022147&categoryNo=1213,[독서-315] 실천적 데이터 모델링 입문 - 최적 입문 레퍼런스,2018. 1. 22. 22:10,full-text,,98d2d1cb4fa2ce6afeb3e7f36a76ab282a2a963b1176fb7d847f2cf604de9c75,1
221200124240,https://blog.naver.com/PostView.naver?blogId=agapeuni&logNo=221200124240&categoryNo=1213,[독서-316] 퍼스널 브랜드로 승부하라 - 성공한 사람의 인생,2018. 2. 3. 11:51,full-text,,5779114412b50d6aee4f3a9ec73d1463e4f3ebd8f8d2985b7e290ee66cb27fef,1
221212901772,https://blog.naver.com/PostView.naver?blogId=agapeuni&logNo=221212901772&categoryNo=1213,[독서-317] 유지보수 가능한 코딩의 기술 자바편 - 클린코드,2018. 2. 21. 2:10,full-text,,4e252b70947ea0655b93276ef72d6cc5ee60b4e13d4e0e32f155079a104ad67b,1
221213511547,https://blog.naver.com/PostView.naver?blogId=agapeuni&logNo=221213511547&categoryNo=1213,[독서-318] 결과를 만들어 내는 노력의 기술 - 구체적인 기술,2018. 2. 21. 19:51,full-text,,130c5a63a89161a7e5499eaa1b0b2845f8200ad9f2fab257851ea0d35088df63,1
221214500585,https://blog.naver.com/PostView.naver?blogId=agapeuni&logNo=221214500585&categoryNo=1213,[독서-319] 청소년이 알아야 할 IT 미래직업 - 미래를 이끌다,2018. 2. 22. 23:49,full-text,,43a7bdc4a227283a042a1f71c6d52170744205d3b2d733202eb78173af45f688,1
221227609254,https://blog.naver.com/PostView.naver?blogId=agapeuni&logNo=221227609254&categoryNo=1213,"[독서-320] SQL 더 쉽게, 더 깊게 - 친절한 설명과 풍부한 그림",2018. 3. 13. 3:14,full-text,,05bef49c82c36e16729015ddf628189cd3d04f8878d240b19049214c98baa33b,1
221231284165,https://blog.naver.com/PostView.naver?blogId=agapeuni&logNo=221231284165&categoryNo=1213,"[독서-321] 프로그래머의 길, 멘토에게 묻다 - 긴 여행의 시작",2018. 3. 18. 3:46,full-text,,7e9c68d4290af37b24ad29cab41a578fe495a0914a6e1502959c6915d6c208fc,1
221243584224,https://blog.naver.com/PostView.naver?blogId=agapeuni&logNo=221243584224&categoryNo=1213,[독서-322] 파이프라인 우화 - 시간과 재정의 속박에서 자유를,2018. 4. 3. 2:47,full-text,,f7234fffefab726e9c28da4694f786199a286c10d80b08db8480a310486a4dd8,1
221247192685,https://blog.naver.com/PostView.naver?blogId=agapeuni&logNo=221247192685&categoryNo=1213,[독서-323] 작은 몰입 - 눈 앞의 성취부터 붙잡는 힘,2018. 4. 7. 12:31,full-text,,f716b3f807eadd23c6263769f17d8d2daae9af18f41cead5631fd774e2c58fde,1
221249018887,https://blog.naver.com/PostView.naver?blogId=agapeuni&logNo=221249018887&categoryNo=1213,[독서-324] 돈 벌어 남 주는 인생이 되자 - 나누어 주는 인생,2018. 4. 9. 23:32,full-text,,08f3f309952f00bb0ef006ddab6d0a5a25a79b54a876e7b02b54f5d6133895c7,1
221254509599,https://blog.naver.com/PostView.naver?blogId=agapeuni&logNo=221254509599&categoryNo=1213,[독서-325] 그녀를 모르는 그에게 - 세계 최고의 관계 연구소,2018. 4. 16. 23:39,full-text,,5a43c1db307caf888b25b1b05b4b3c4b82952f22b474bb2157305b86af40bee5,1
221263351711,https://blog.naver.com/PostView.naver?blogId=agapeuni&logNo=221263351711&categoryNo=1213,[독서-326] 몰입의 즐거움 - 미하이 칙센트미하이,2018. 4. 28. 11:36,full-text,,ce8163f026d51c3da7def5285180d29dc390f2a78ad636296b042cecfadc69de,1
221295882160,https://blog.naver.com/PostView.naver?blogId=agapeuni&logNo=221295882160&categoryNo=1213,[독서-327] 오늘은 당신의 남은 인생의 첫날이다 - 소중한 날,2018. 6. 10. 19:12,full-text,,a423d7ad6d1d2a7932ee0144b958d26a444ab9d3a5cff12d99da77ead2287d68,1
221299929441,https://blog.naver.com/PostView.naver?blogId=agapeuni&logNo=221299929441&categoryNo=1213,[독서-328] 어린왕자 - 어린아이가 어른에게 바치는 동화,2018. 6. 16. 8:53,full-text,,a244275dd77baab8597e90d012a3f846ad5947e6b0ae635a66586460e61a720b,1
221305364189,https://blog.naver.com/PostView.naver?blogId=agapeuni&logNo=221305364189&categoryNo=1213,[독서-329] 부의 추월차선 - 진정한 부를 얻는 방법,2018. 6. 23. 23:40,full-text,,9aeae5ebad7a6a7603c67d8e65243e650043bc1597f6739df8ccd0a3ee9b3ffa,1
221314939557,https://blog.naver.com/PostView.naver?blogId=agapeuni&logNo=221314939557&categoryNo=1213,[독서-330] 부의 추월차선 완결판 - 언스크립티드,2018. 7. 8. 18:13,full-text,,83d1221c5aae54d9a5ff29c8ec90103cda8f158ed9e8cda6b9d74e127d55d422,1
221333128047,https://blog.naver.com/PostView.naver?blogId=agapeuni&logNo=221333128047&categoryNo=1213,"[독서-331] 마흔, 뱃살과의 전쟁 - 뱃살만 쏙 빼는 기술!",2018. 8. 5. 20:48,full-text,,69bc5c34682fef645a0955ec1f0a07e0dbaa11a9b7e66f7969f022e84ff8b4df,1
221341512985,https://blog.naver.com/PostView.naver?blogId=agapeuni&logNo=221341512985&categoryNo=1213,[독서-332] 설비 보전 관리 시스템 - 스마트 팩토리 만들기,2018. 8. 19. 1:19,full-text,,5352b6ab54468764348f7679d091fffa8c11c25c2712b89e1a58b63536b79a5b,1
221345507600,https://blog.naver.com/PostView.naver?blogId=agapeuni&logNo=221345507600&categoryNo=1213,[독서-333] 윈도우10 무작정 따라하기 - MS 전문가가 말하는,2018. 8. 24. 23:36,full-text,,caf24eb7cf83c548d94f3e647fd69de0b910df715851bfe3cdbfd1f4f85e1dfa,1
221351033782,https://blog.naver.com/PostView.naver?blogId=agapeuni&logNo=221351033782&categoryNo=1213,"[독서-334] 하나님과 친구되기 - 종은 많으나, 친구가 없구나",2018. 9. 2. 19:56,full-text,,530987a2b4eaeb44c0011ed10d594b98737074a671bb4338d1275e6f40261667,1
221353214727,https://blog.naver.com/PostView.naver?blogId=agapeuni&logNo=221353214727&categoryNo=1213,[독서-335] MacBook Air & Pro 마스터북 - 능숙하게 활용,2018. 9. 5. 20:48,full-text,,2a847b9519da480434500bb4138f0c3368dd34fd764246ebbd96387edeaa88c6,1
221353967625,https://blog.naver.com/PostView.naver?blogId=agapeuni&logNo=221353967625&categoryNo=1213,[독서-336] 3개의 소원 100일의 기적 - 기록하면 이루어진다!,2018. 9. 6. 23:20,full-text,,80e6d265a8296ff893197a94ca5479f999eef961649ba8f2833673e1143c4929,1
221354540589,https://blog.naver.com/PostView.naver?blogId=agapeuni&logNo=221354540589&categoryNo=1213,[독서-337] 한 권으로 그리는 컴퓨터과학 로드맵 - 핵심 개념,2018. 9. 7. 19:35,full-text,,58d9d228bbd288787ec04f03b3c3a24077f8d40b3a412a34d745b364c1ad4ea3,1
221361005585,https://blog.naver.com/PostView.naver?blogId=agapeuni&logNo=221361005585&categoryNo=1213,[독서-338] 침대부터 정리하라 - 인생을 바꾸고 세상을 바꾼다,2018. 9. 17. 23:57,full-text,,1daa786f892f4c1fcf42ff5cd511a5c0e9607f52d49d282ec544b4dcd02de041,1
221362440515,https://blog.naver.com/PostView.naver?blogId=agapeuni&logNo=221362440515&categoryNo=1213,[독서-339] 뇌에 맡기는 공부법 - 3번 읽고 1분만 쓰면 외운다,2018. 9. 20. 1:00,full-text,,4f263baf89adea279fa88eac4bffa51dd8d5df3efb4ede52f92096a4b3f321e8,1
221364687749,https://blog.naver.com/PostView.naver?blogId=agapeuni&logNo=221364687749&categoryNo=1213,[독서-340] 아웃풋 독서법 - 100권에서 7퍼센트 뽑아 써라,2018. 9. 24. 0:59,full-text,,c4581894be2bfc2368081e97d6154e51154ae576761d5e242202bc7b978cc5f2,1
221367721587,https://blog.naver.com/PostView.naver?blogId=agapeuni&logNo=221367721587&categoryNo=1213,[독서-341] 돈을 부르는 말버릇 - 인생이 바뀌는 말하기 습관,2018. 9. 29. 16:59,full-text,,57b0b32c31255b6b39c5ec4d3684a2b76dcd94ed0cdc1249eda1d2863613c612,1
221369892053,https://blog.naver.com/PostView.naver?blogId=agapeuni&logNo=221369892053&categoryNo=1213,[독서-342] 1인 1책 - 이제는 베스트셀러에 도전하라,2018. 10. 2. 23:42,full-text,,53f5eb91eb1dbaccacb00094c2bf8e80d1dd3ba71e0b88afb607029a2b3d18eb,1
221376739276,https://blog.naver.com/PostView.naver?blogId=agapeuni&logNo=221376739276&categoryNo=1213,[독서-343] 신경 끄기의 기술 - 가장 중요한 것만 남기는 힘,2018. 10. 13. 13:54,full-text,,573491e87c0f0fc3f2bf46b6b2e1a55496235af8c7e0be92a544bce85ecdeed3,1
221380402583,https://blog.naver.com/PostView.naver?blogId=agapeuni&logNo=221380402583&categoryNo=1213,[독서-344] 사랑은 움직이는 거야 - 김수경의 사랑 그리기,2018. 10. 18. 22:10,full-text,,2f51aecc76ef3e002453762e6e5ac58fbcdeb107cb33af04beae8685437a6b32,1
221385836573,https://blog.naver.com/PostView.naver?blogId=agapeuni&logNo=221385836573&categoryNo=1213,[독서-345] 예언의 은사 - 미니북 시리즈 5,2018. 10. 26. 23:46,full-text,,06719041e1c38b0ce52a507fbc199564c5dbe5f3c7d9c362e73270f72f6c1c0a,1
221385852176,https://blog.naver.com/PostView.naver?blogId=agapeuni&logNo=221385852176&categoryNo=1213,[독서·노트] 하버드 인생특강 - 10강. 사랑,2018. 10. 27. 0:18,full-text,,fdd4dfe10e076536591908f7c06fe6f91130bbfafc26a6fe3ae28ed91a120596,1
221386940337,https://blog.naver.com/PostView.naver?blogId=agapeuni&logNo=221386940337&categoryNo=1213,[독서-346] 예수를 찾아라 - 말하는 그림책,2018. 10. 29. 1:40,full-text,,5bc2a537f0d7024c25a24f6864d7686df0ee77df20a515ed306ba70481f2fccd,1
221389064506,https://blog.naver.com/PostView.naver?blogId=agapeuni&logNo=221389064506&categoryNo=1213,[독서-347] 합심기도 - 미니북 시리즈 6,2018. 10. 31. 22:22,full-text,,54aa8d054430be3104383176e9907ebf05f70fa3b9a659128ef43a247274b233,1
221389082033,https://blog.naver.com/PostView.naver?blogId=agapeuni&logNo=221389082033&categoryNo=1213,[독서-348] 다이버전스 기술 사물 인터넷(IoT) - 4차 산업혁명,2018. 10. 31. 22:49,full-text,,6bdb6c815458ea3f1d41f80e5d0158db123bd6a18cc3a5f9e5524f31d590adc0,1
221390887899,https://blog.naver.com/PostView.naver?blogId=agapeuni&logNo=221390887899&categoryNo=1213,[독서-349] 더 내려놓음 - 내 인생의 가장 소중한 은혜,2018. 11. 3. 16:28,full-text,,fa67a10a0f40b79f9d3061faefa8233fc122860e1c5d8b6f612ff1d52ca486d9,1
221391638755,https://blog.naver.com/PostView.naver?blogId=agapeuni&logNo=221391638755&categoryNo=1213,[독서-350] 돌이킬 수 없는 약속 - 과거에서 도착한 편지,2018. 11. 4. 23:58,full-text,,4d39443b57eb596e973949b95d229bc1af2d416c52390cfc63b32569816f37a3,1
221392423885,https://blog.naver.com/PostView.naver?blogId=agapeuni&logNo=221392423885&categoryNo=1213,[독서-351] 2019 한국경제 대전망 - 협력과 상생 그리고 혁신,2018. 11. 6. 1:15,full-text,,34d7bab7d509d100b5281c1e2eedd83a27c99d38146ea8f475d626e3427a84f5,1
221393891875,https://blog.naver.com/PostView.naver?blogId=agapeuni&logNo=221393891875&categoryNo=1213,[독서-352] 실낙원의 연인들 - 수녀와 신학생이 시로 쓴 사랑,2018. 11. 7. 23:34,full-text,,fc7c3a0607828c1994629ff5d39f09b0e09e171fa09d4e5a7bf2b878cbcc630d,1
221393964034,https://blog.naver.com/PostView.naver?blogId=agapeuni&logNo=221393964034&categoryNo=1213,시카고 대학 - The Great Book Program,2018. 11. 8. 2:22,full-text,,f7e05d2ba09fc9e1925f4574b22e0ca45c4f27f2f985540ffe36cba383701fdf,1
221393964397,https://blog.naver.com/PostView.naver?blogId=agapeuni&logNo=221393964397&categoryNo=1213,KAIST 권장도서 - 이 책을 모두 읽은 사람이 있을까?,2018. 11. 8. 2:23,full-text,,6e4495c1e7c3a5c916d968955322e3705fa2abed21c2d5ec5e66803f931ef73e,1
221395463608,https://blog.naver.com/PostView.naver?blogId=agapeuni&logNo=221395463608&categoryNo=1213,[독서-353] 보여줄 수 있는 사랑은 아주 작습니다,2018. 11. 10. 3:35,full-text,,104eef87689747189e59f0e2daf6b24bb5f3afc225b3b1ec7132b959c787bbed,1
221396213344,https://blog.naver.com/PostView.naver?blogId=agapeuni&logNo=221396213344&categoryNo=1213,[독서-354] 구름 위의 돌베개 - 신춘 기독공보 동인시집,2018. 11. 11. 16:09,full-text,,85ddcd72c364c90ab3e3ddfceeecf5eabe913369f689414290e8497d2383e7dd,1
221396275429,https://blog.naver.com/PostView.naver?blogId=agapeuni&logNo=221396275429&categoryNo=1213,[독서-355] 지혜로 여는 아침 2 - 지하철 사랑의 편지모음,2018. 11. 11. 18:07,full-text,,38f36eb6d5d537356064ce03635a856a3d653a6b7fb4cb04cd82565903d71762,1
221396504018,https://blog.naver.com/PostView.naver?blogId=agapeuni&logNo=221396504018&categoryNo=1213,[독서-356] 머문자리 - 사진작가 신미식의 첫번째 엽서집,2018. 11. 12. 1:07,full-text,,5773f01bf88f65a803a6f38866675976a7d414fb2472e8c2d78c4d41629e9fc9,1
221397988431,https://blog.naver.com/PostView.naver?blogId=agapeuni&logNo=221397988431&categoryNo=1213,[독서-357] 별 - 그 신비에 대한 성경적 조명,2018. 11. 14. 3:44,full-text,,45865cf65c9c4fb2cab22ef1e554b4677b7acc8bae9e21995e8bf8eb3a1a6df0,1
221398576438,https://blog.naver.com/PostView.naver?blogId=agapeuni&logNo=221398576438&categoryNo=1213,[독서-358] Head First Python - 평범한 파이썬 안내서,2018. 11. 14. 21:23,full-text,,eb345b4cd6492b6f1bb2229b461ce560c058a0bca94cd31059ad0b90366e2652,1
221399440370,https://blog.naver.com/PostView.naver?blogId=agapeuni&logNo=221399440370&categoryNo=1213,[독서-359] NHN은 이렇게 한다 소프트웨어 품질관리,2018. 11. 16. 0:41,full-text,,a060e4d22d10f6b3193a72a22d2840a99aebf4dd5f6b24518a937d11a29e9ae2,1
221400202506,https://blog.naver.com/PostView.naver?blogId=agapeuni&logNo=221400202506&categoryNo=1213,[독서-360] SQL 코딩의 기술 - 똑똑하게 SQL 코딩하는 법,2018. 11. 17. 4:14,full-text,,8965932e4c00bbc3d58faff08d7ae2ce3f4a79c0735fb983872041f80c4c2574,1
221403335851,https://blog.naver.com/PostView.naver?blogId=agapeuni&logNo=221403335851&categoryNo=1213,[독서-361] 1세기 교회 예배 이야기 - 초대교회 모습을 엿보다,2018. 11. 21. 20:00,full-text,,0952843f63ba7408156620a9b2da517b56bdb5cfb6619b77b0947fa14de556ab,1
221403351247,https://blog.naver.com/PostView.naver?blogId=agapeuni&logNo=221403351247&categoryNo=1213,[독서-362] 1세기 그리스도인의 하루 이야기 - 회심자의 일상,2018. 11. 21. 20:28,full-text,,c833ad4134272cd07535d19c5bbae40bcb56dec8dadbb683e994a1950ad126a5,1
221403504725,https://blog.naver.com/PostView.naver?blogId=agapeuni&logNo=221403504725&categoryNo=1213,[독서-363] 독서의 힘 - 중국 독서 문명사 다큐멘터리 출간,2018. 11. 22. 0:46,full-text,,ab192c056b858d13494d5da7a991381be3e0a9763dfe7aa6a6854064e6423f06,1
221407672107,https://blog.naver.com/PostView.naver?blogId=agapeuni&logNo=221407672107&categoryNo=1213,[독서-364] 스마트팩토리 - 제4차 산업혁명의 출발점,2018. 11. 28. 2:33,full-text,,a289ae6a690dac07fc36b271fa457f6d6e253efe84bf3c1fef8f72fc3c9b930b,1
221407692185,https://blog.naver.com/PostView.naver?blogId=agapeuni&logNo=221407692185&categoryNo=1213,[독서-365] 난장이가 쏘아 올린 작은 공 - 조세희 소설집,2018. 11. 28. 4:36,full-text,,399df7244b3f7ae1e8b077e87ddf22ab5b804012b33be15f65204f96ad0f1842,1
221410365307,https://blog.naver.com/PostView.naver?blogId=agapeuni&logNo=221410365307&categoryNo=1213,[독서-366] 남자의 인생 지도 - 중년에는 어떻게 살아야 할까?,2018. 12. 1. 22:46,full-text,,bdf83b66fe96c5b34c16465c46084106a085757c595363e78ed31d121848b7b8,1
221411016683,https://blog.naver.com/PostView.naver?blogId=agapeuni&logNo=221411016683&categoryNo=1213,[독서-367] 고전 결박을 풀다 1 - 누구나 알지만 읽지 않은 책,2018. 12. 3. 2:18,full-text,,c2308bb977c160189e44e1825deb5f86673d8605730215bcf2671dcaba0f5fde,1
221412519207,https://blog.naver.com/PostView.naver?blogId=agapeuni&logNo=221412519207&categoryNo=1213,[독서-368] 소크라테스 회상록 - 원전으로 읽는 순수고전,2018. 12. 4. 23:46,full-text,,9fa9fcc3883cecb67e0ec3827f102353b39ad94d03c9f34fd10496252e924694,1
221414697507,https://blog.naver.com/PostView.naver?blogId=agapeuni&logNo=221414697507&categoryNo=1213,[독서-369] 고전 결박을 풀다 2 - 누구나 알지만 읽지 않은 책,2018. 12. 7. 21:53,full-text,,931c7dd3a47a98d82d5845970c7659b45ca24c426c90d511eecac5487bcf5488,1
221415767045,https://blog.naver.com/PostView.naver?blogId=agapeuni&logNo=221415767045&categoryNo=1213,[독서-370] 교양으로 읽는 세계 종교 -  인간과 세계와 종교,2018. 12. 9. 22:17,full-text,,6d7d3e93044dc40ac3c5350a1931dd6cd3d602ea0b063f983a914c95e0fe4eac,1
221415882551,https://blog.naver.com/PostView.naver?blogId=agapeuni&logNo=221415882551&categoryNo=1213,[독서-371] 내 인생의 첫 책 쓰기 - 6개월이면 충분하다,2018. 12. 10. 2:44,full-text,,e2b970dcaf5a194876c554602fb3427d0246d11661dea24bddbf4578b9cbdbd3,1
221417325951,https://blog.naver.com/PostView.naver?blogId=agapeuni&logNo=221417325951&categoryNo=1213,[독서-372] 자바스크립트 + jQuery 완전정복 스터디 1,2018. 12. 11. 23:57,full-text,,187908a702d7ef95ceb72dee4da0b8bd18b39f4f912e9d0d585f178267b1865d,1
221417389873,https://blog.naver.com/PostView.naver?blogId=agapeuni&logNo=221417389873&categoryNo=1213,[독서-373] 자바스크립트 + jQuery 완전정복 스터디 2,2018. 12. 12. 2:57,full-text,,e5ee2089a667d19e0536f0802076fe96dce4b6225738befc5b0746a294d2a7c7,1
221418757356,https://blog.naver.com/PostView.naver?blogId=agapeuni&logNo=221418757356&categoryNo=1213,[독서-374] 고전 결박을 풀다 3 - 누구나 알지만 읽지 않은 책,2018. 12. 13. 22:39,full-text,,8bdd598c5fe696dd3462c1cfedac7d066844ec02b33a31fccda457835c6a9da8,1
221419568168,https://blog.naver.com/PostView.naver?blogId=agapeuni&logNo=221419568168&categoryNo=1213,[독서-375] 오리진 3 화폐 - 기원을 알면 본질이 보인다,2018. 12. 15. 2:33,full-text,,b15452a82b9e187fbd334a28bd0e239d8d6f34e6900eed7d67cc061deaa92632,1
221420093840,https://blog.naver.com/PostView.naver?blogId=agapeuni&logNo=221420093840&categoryNo=1213,[독서-376] 한 권으로 끝내는 책쓰기 특강 - 1인 기업가,2018. 12. 16. 2:31,full-text,,a1f84639692f40441112d23510cf47bba1a4f2e2aa6953f87850b8b8ccab1541,1
221420580139,https://blog.naver.com/PostView.naver?blogId=agapeuni&logNo=221420580139&categoryNo=1213,[독서-377] 하지 않을 일 리스트 - 복잡한 세상 편하게 살자,2018. 12. 16. 23:53,full-text,,cd388c96822a4b12f8599cb898f39650ffb40c19e1505acd66e7b382c7812627,1
221421015147,https://blog.naver.com/PostView.naver?blogId=agapeuni&logNo=221421015147&categoryNo=1213,[독서-378] 대한민국 독서혁명 - 나로부터 비롯되는 성공 변화,2018. 12. 17. 17:06,full-text,,ff3957142bc71982afc444f1b5f312379bfe596eb7ddfd6d5b3574d56637f277,1
221421470416,https://blog.naver.com/PostView.naver?blogId=agapeuni&logNo=221421470416&categoryNo=1213,[독서-379] 세계 인권 선언 - 인권의 역사를 만든 목소리,2018. 12. 18. 8:45,full-text,,15182570a8e0b343e054afb515821a07939b73edc0f2e166724dde16ffaf528d,1
221424916658,https://blog.naver.com/PostView.naver?blogId=agapeuni&logNo=221424916658&categoryNo=1213,"[독서-380] 독서력 - 우리는 무엇을, 어떻게, 왜 읽어야 하는가",2018. 12. 22. 16:40,full-text,,6fa754a0396b15fb36f9fac63f663d6c0fe84767bcb70bb7a92c869f723eb73d,1
221425231697,https://blog.naver.com/PostView.naver?blogId=agapeuni&logNo=221425231697&categoryNo=1213,[독서-381] 동물농장 - 누가 돼지이고 누가 인간인가?,2018. 12. 23. 4:14,full-text,,0f3f8762781be9992c9cad4e02b07fe0b01121bfd1a4d8f9217139ca119481f7,1
221428756915,https://blog.naver.com/PostView.naver?blogId=agapeuni&logNo=221428756915&categoryNo=1213,[독서-382] 자바스크립트 + jQuery 완전정복 스터디 3,2018. 12. 28. 0:38,full-text,,9c91ba4126c1369af7c927adb69b396c08cb6bc394c1bddf6bfe91f1a8808594,1
221428790584,https://blog.naver.com/PostView.naver?blogId=agapeuni&logNo=221428790584&categoryNo=1213,[독서-383] 1984 - 빅 브라더가 당신을 지켜보고 있다,2018. 12. 28. 2:05,full-text,,e922cd334443024817241ee0ea3fafa33dfb94d22020038da39c41d8b2c1899d,1
221429540772,https://blog.naver.com/PostView.naver?blogId=agapeuni&logNo=221429540772&categoryNo=1213,[독서-384] 일독(日讀) - 독서 습관을 기르는 슈퍼 리딩,2018. 12. 29. 0:45,full-text,,93ae06132fab761cab3e605a5684e615343bd9767efad1abb7e8079a4ffa07d7,1
221429571105,https://blog.naver.com/PostView.naver?blogId=agapeuni&logNo=221429571105&categoryNo=1213,[독서-385] 이독(異讀) - 성공 습관을 기르는 석세스 리딩,2018. 12. 29. 2:07,full-text,,b0f20d9f137605f082f6be92d7466647409ec80b03c2a2663a5678fde705d298,1
221429596070,https://blog.naver.com/PostView.naver?blogId=agapeuni&logNo=221429596070&categoryNo=1213,[독서-386] 맨즈 잇 스타일 - 간지남이 되는 패션 스타일,2018. 12. 29. 4:06,full-text,,00bf8a0dfd03d18cfb0da3490141f3bb488ab55e47a6b0b8542df217ddceaae2,1
221430605623,https://blog.naver.com/PostView.naver?blogId=agapeuni&logNo=221430605623&categoryNo=1213,[독서-387] 우리는 차별하기 위해 태어났다 - 인간의 본성?,2018. 12. 30. 21:36,full-text,,83e713b782a2b57f191ddcc9ec6e965afe41b7fe06c2af282a977af2f04774d5,1
221430693591,https://blog.naver.com/PostView.naver?blogId=agapeuni&logNo=221430693591&categoryNo=1213,[독서-388] 위대한 종교 - 신에게 다가간 인간의 역사,2018. 12. 30. 23:54,full-text,,6b0fb42f2e755b3b042108f843f68d51d8b0793bb05c8abb1a5f92a347239dfc,1
221431557017,https://blog.naver.com/PostView.naver?blogId=agapeuni&logNo=221431557017&categoryNo=1213,[독서-389] 최초의 문명인들의 신화와 종교 - 문명의 발상지,2019. 1. 1. 6:17,full-text,,c119c196ad51d78ed48fcd6d0b344cab7fa72278437e4e34334022aa2cb7ec13,1
221434789300,https://blog.naver.com/PostView.naver?blogId=agapeuni&logNo=221434789300&categoryNo=1213,[독서-390] 성공해서 책을 쓰는 것이 아니라 책을 써야 성공함,2019. 1. 5. 12:14,full-text,,046c01ece5fd5e5ab526cddf0adccc497b2e8000803c06d5f4eb977ddff041df,1
221440522887,https://blog.naver.com/PostView.naver?blogId=agapeuni&logNo=221440522887&categoryNo=1213,"[독서-391] ""Newton"" 뇌와 마음의 구조 - 여기까지 밝혀졌다",2019. 1. 12. 20:52,full-text,,c6d3c42cefbbf16ad86c19a89caf33169c004be7917446d656b938530373d34d,1
221440567736,https://blog.naver.com/PostView.naver?blogId=agapeuni&logNo=221440567736&categoryNo=1213,[독서-392] IoT기본・구조・주요사항을 전부 알 수 있는 교과서,2019. 1. 12. 22:11,full-text,,b781d69ca631b98732dec07d36916f5f0ef83effa18c3c54ced81fd317197e24,1
221442218735,https://blog.naver.com/PostView.naver?blogId=agapeuni&logNo=221442218735&categoryNo=1213,[독서-393] 아크라 문서 - 기적처럼 다가온 지혜의 목소리,2019. 1. 15. 3:34,full-text,,619739181b87050a4dcd80d5e3c2274d67b3221057415859627f8c20853ddd76,1
221443893512,https://blog.naver.com/PostView.naver?blogId=agapeuni&logNo=221443893512&categoryNo=1213,[독서-394] 회사가 당신에게 알려주지 않는 50가지 비밀,2019. 1. 17. 0:02,full-text,,edc43de32fc1cdad9359bddc99fecfb93acb815ff1d421875ef571ebc46fd136,1
221444596719,https://blog.naver.com/PostView.naver?blogId=agapeuni&logNo=221444596719&categoryNo=1213,[독서-395] 내 치즈는 어디에서 왔을까? - 새로운 가능성,2019. 1. 17. 20:18,full-text,,241aa5aecced48ded7713b0cbee3b4833fc3818b1e41109fe14aa3ce8f4ab26e,1
221444757341,https://blog.naver.com/PostView.naver?blogId=agapeuni&logNo=221444757341&categoryNo=1213,[독서·노트] 독서와 바인더로 인생을 설계하라 - 경제적 독립의 법칙,2019. 1. 18. 0:03,full-text,,98912642e3017e4be49d29e1c049e8cac300bd670df97db89f371d7fec3f9013,1
221457498532,https://blog.naver.com/PostView.naver?blogId=agapeuni&logNo=221457498532&categoryNo=1213,[독서-396] 실천 PLM 전략 - 제품 경쟁력 우위의 경영기법,2019. 2. 3. 1:02,full-text,,9bb5da77724a838aae4523393cace91731c549be0b334b4f3c6ffee009f0aae2,1
221475557136,https://blog.naver.com/PostView.naver?blogId=agapeuni&logNo=221475557136&categoryNo=1213,[독서-397] 슈퍼 기억력의 비밀 - 기네스북에 오른 기억 천재,2019. 2. 26. 22:12,full-text,,f57210d1599483b911279758fa19e03483f3621111b40caa9e2504ab4e1c4719,1
221475680677,https://blog.naver.com/PostView.naver?blogId=agapeuni&logNo=221475680677&categoryNo=1213,[독서-398] 소프트웨어공학의 기초 - 정보처리기사 대비,2019. 2. 27. 0:49,full-text,,76f49bc4a263d35417483492699cc6c72c6bbaa09a003f171f7e3e179fccefdc,1
221477559088,https://blog.naver.com/PostView.naver?blogId=agapeuni&logNo=221477559088&categoryNo=1213,[독서-399] 개발자도 궁금한 IT 인프라 - IT 팟캐스트,2019. 3. 1. 8:20,full-text,,c2a9cada0fefdb67a0bfb6377281c5bfa4e3430f67a97b446d1c0449253a4392,1
221480355187,https://blog.naver.com/PostView.naver?blogId=agapeuni&logNo=221480355187&categoryNo=1213,"[독서-400] IT 전문가로 사는법 - 엔지니어, 컨설턴트 안내서",2019. 3. 5. 0:59,full-text,,8b174583491adf67f2f7f3f7ce9770bc6e655705f853eb3001a1803f78ea69de,1
221486040726,https://blog.naver.com/PostView.naver?blogId=agapeuni&logNo=221486040726&categoryNo=1213,[독서-401] 질문의 힘 - 제대로 된 질문이 상대를 움직인다,2019. 3. 12. 5:51,full-text,,7abb27e5a2b6717efdd898e6f927bb6a975cb12ef77b58d3e585dbbd1db6105e,1
221487275698,https://blog.naver.com/PostView.naver?blogId=agapeuni&logNo=221487275698&categoryNo=1213,[독서-402] 디비로 누리는 특별한 세상 SQL Server 운영편,2019. 3. 13. 15:27,full-text,,3274f9f8315f318d65dedeaaabc53e3910026879a23a3e7c82cfd534d712b9ec,1
221487659749,https://blog.naver.com/PostView.naver?blogId=agapeuni&logNo=221487659749&categoryNo=1213,[독서-403] 디비로 누리는 특별한 세상 SQL Server 개발편,2019. 3. 13. 23:45,full-text,,14715e404c7f1e47a0736688256c3de2c9168b5c024818e3414d250740c19421,1
221488110932,https://blog.naver.com/PostView.naver?blogId=agapeuni&logNo=221488110932&categoryNo=1213,[독서-404] 능력있는 사람은 질문법이 다르다 - 실전 기술,2019. 3. 14. 15:04,full-text,,4035c87c2c0aafccb346a1fb092721d7078386d4f3bc6201bfd406a239ddb8ae,1
221493318164,https://blog.naver.com/PostView.naver?blogId=agapeuni&logNo=221493318164&categoryNo=1213,[독서-405] 제조 IT 프로젝트 입문기 - 전사 PLM 프로젝트,2019. 3. 20. 23:54,full-text,,64b9a9c309a4c29cf4abca865aa45326e0ee25c047952dbb6b452f42b68ffcc7,1
221503201277,https://blog.naver.com/PostView.naver?blogId=agapeuni&logNo=221503201277&categoryNo=1213,[독서-406] 회의에서 똑똑해 보이는 100가지 기술,2019. 4. 2. 1:28,full-text,,afeeb6bc6d69136fed55212c83329f8e892ce167196124b6803a1d36a640078c,1
221505852462,https://blog.naver.com/PostView.naver?blogId=agapeuni&logNo=221505852462&categoryNo=1213,[독서-407] 클라우스 슈밥의 제4차 산업혁명 - 세계경제포럼,2019. 4. 5. 0:44,full-text,,dcb54325968b85d066a78686455606e8906e1a2e5858e9a0657cabc08d317977,1
221512361584,https://blog.naver.com/PostView.naver?blogId=agapeuni&logNo=221512361584&categoryNo=1213,[독서-408] 그림으로 공부하는 사물인터넷 구조 - IoT 해설서,2019. 4. 12. 23:36,full-text,,e730a5646387d9cb5363e608a25500b943b6530b2e558a2da2b8a95de581ece0,1
221515864707,https://blog.naver.com/PostView.naver?blogId=agapeuni&logNo=221515864707&categoryNo=1213,[독서-409] 1日3分 성공습관 - 나를 변화시키는 성공습관,2019. 4. 17. 14:28,full-text,,58af3bb624f750bb3c457f71046a32c594183c60124a9309c234b98c6969dc33,1
221516693083,https://blog.naver.com/PostView.naver?blogId=agapeuni&logNo=221516693083&categoryNo=1213,[독서-410] 십자가 아래서 - 모든 크리스천을 위한 동화,2019. 4. 18. 13:29,full-text,,4da47804f6b3d79a120de7be56c1e3812e23cca5defb7ed5781b0b68b07c5e91,1
221518217813,https://blog.naver.com/PostView.naver?blogId=agapeuni&logNo=221518217813&categoryNo=1213,[독서-411] 하나님과의 친밀감 - 교만을 극복하기,2019. 4. 20. 9:42,full-text,,fdee84eff63518414e493dafc1e9fa225421279e1b4cba599c247cb02a5c1bb6,1
221528321328,https://blog.naver.com/PostView.naver?blogId=agapeuni&logNo=221528321328&categoryNo=1213,[독서-412] 제로 투 원(Zero to One) - 창조적인 독점기업,2019. 5. 2. 23:59,full-text,,ae206189da1f33597da0b68e444707ba51745fb00f565b22c8d89ea340a4f153,1
221534964980,https://blog.naver.com/PostView.naver?blogId=agapeuni&logNo=221534964980&categoryNo=1213,[독서-413] 왕의 아이 - 구원 이후에 시작된 열네 가지 모험,2019. 5. 11. 15:29,full-text,,43fbf1ac978d7df82aece54918c16d7efb03832a47404e6aafaf44c7ffc81d1f,1
221536268024,https://blog.naver.com/PostView.naver?blogId=agapeuni&logNo=221536268024&categoryNo=1213,[독서-414] 인생의 고난에 고개 숙이지 마라 - 마지막 가르침,2019. 5. 13. 13:23,full-text,,dea3f3c95acf222a36faafd59fe7465ef47f3f2428f7554ec42d375a3e9ecfb5,1
221539498393,https://blog.naver.com/PostView.naver?blogId=agapeuni&logNo=221539498393&categoryNo=1213,[독서-415] 책은 도끼다 - 박웅현 인문학 강독회,2019. 5. 17. 0:55,full-text,,daf9c68993ec0fc28d5144b2392fa807ea2eac64345b1264dfa02fe617765033,1
221541700991,https://blog.naver.com/PostView.naver?blogId=agapeuni&logNo=221541700991&categoryNo=1213,[독서-416] GRIT - 당신에겐 '그릿'이 있는가?,2019. 5. 20. 5:04,full-text,,40842ec0f2ae40344cad4f2ec31a3e6de1c60cb1fbbbe907e8aade3a280d75a5,1
221544624710,https://blog.naver.com/PostView.naver?blogId=agapeuni&logNo=221544624710&categoryNo=1213,"[독서-417] 칸트, 판단력비판 - 쉽게 읽는 철학",2019. 5. 23. 13:01,full-text,,b64aca564b721adfb1c9ed7cbdf42c1e2a6294b84d5f401fd0513def629f149f,1
221545160939,https://blog.naver.com/PostView.naver?blogId=agapeuni&logNo=221545160939&categoryNo=1213,[독서-418] 자바로 시작하는 라즈베리 파이 -  BlueJ로 코딩,2019. 5. 24. 0:44,full-text,,5715d636e5260ee77010c3b074dd8bf3532f39a005a33c9b6f96b09693788b21,1
221550299234,https://blog.naver.com/PostView.naver?blogId=agapeuni&logNo=221550299234&categoryNo=1213,[독서-419] 가장 빨리 작가 되는 법 - 인생을 바꾸는 자기혁명,2019. 5. 30. 13:49,full-text,,b7626ad6200ca370202b2540881b3c3a14eef91e8f141556569a089d8049f052,1
221553231637,https://blog.naver.com/PostView.naver?blogId=agapeuni&logNo=221553231637&categoryNo=1213,[독서-420] 소프트웨어 개발의 모든 것 - 개발을 위한 노하우,2019. 6. 3. 13:31,full-text,,740d985ddfea8edbb82f7c28b0c38cd61ac480e71434f9dba79cfe7674b0e149,1
221558466760,https://blog.naver.com/PostView.naver?blogId=agapeuni&logNo=221558466760&categoryNo=1213,"[독서-421] 여자는 사랑이라 말하고, 남자는 섹스라 말한다",2019. 6. 10. 11:11,full-text,,433d81e45a49d7f8cde9ee5ffa3ef31b493fd9b719eac33d6be8a8c9d65dac09,1
221560289090,https://blog.naver.com/PostView.naver?blogId=agapeuni&logNo=221560289090&categoryNo=1213,[독서-422] 남자들은 왜 여우 같은 여자를 좋아할까?,2019. 6. 12. 13:44,full-text,,60d6c72edeb9e3951f31c172613d9e6a65dcbf88c2d0c96d94bd19e8666b53b2,1
221563717090,https://blog.naver.com/PostView.naver?blogId=agapeuni&logNo=221563717090&categoryNo=1213,[독서-423] 프로그래머의 리더십 - 프로젝트 관리자가 되었다,2019. 6. 17. 6:37,full-text,,0e395b1af2ef51d9a16f1a10c6a82819bdb6da4786260e1a14138e61a5450be4,1
221570797230,https://blog.naver.com/PostView.naver?blogId=agapeuni&logNo=221570797230&categoryNo=1213,[독서-424] Practical Database Design - DB설계와 모델링,2019. 6. 26. 0:33,full-text,,518298f841895d1726e52882aa9d9fa111bebc35819f376f044996dc55dd73c3,1
221576612021,https://blog.naver.com/PostView.naver?blogId=agapeuni&logNo=221576612021&categoryNo=1213,[독서-425] 즐겨야 이긴다 - 한계를 뛰어넘는 강력한 성공습관,2019. 7. 3. 12:58,full-text,,b235aeb8d08620c69360302347a0ada86ec71f874436bdb6ceabc3e204764a5b,1
221579334570,https://blog.naver.com/PostView.naver?blogId=agapeuni&logNo=221579334570&categoryNo=1213,[독서-426] 보면 아는 블록체인 - 그림으로 이해하는 이야기,2019. 7. 6. 20:55,full-text,,0829e87836b3d22b4d696e5e4df6d98eec16a9a39e406e2a19b107b925fbe129,1
221583596339,https://blog.naver.com/PostView.naver?blogId=agapeuni&logNo=221583596339&categoryNo=1213,"[독서-427] 나는 내일, 어제의 너와 만난다 - 미래를 안다고?",2019. 7. 12. 2:56,full-text,,1cef35186e6a317495667e65ce1db7e9f1b1eaa073bf848051358003e9ef8506,1
221588552524,https://blog.naver.com/PostView.naver?blogId=agapeuni&logNo=221588552524&categoryNo=1213,[독서-428] 블록체인 구조와 이론 - 핀테크 기술을 배워보자,2019. 7. 18. 4:59,full-text,,f5b8671929262316877f7035ad403746a402b3948db547cc82bda9dcc0be5ab1,1
221590201199,https://blog.naver.com/PostView.naver?blogId=agapeuni&logNo=221590201199&categoryNo=1213,[독서-429] 결국 당신은 이길 것이다 - 악마를 뛰어넘다!,2019. 7. 19. 22:01,full-text,,14d367207e2567e65e75be43ab182b72c07e6ba93ed99788264f350ba6d98ba5,1
221595821481,https://blog.naver.com/PostView.naver?blogId=agapeuni&logNo=221595821481&categoryNo=1213,[독서-430] 나는 누구인가? - 현대 물리학으로 대답하다,2019. 7. 26. 3:16,full-text,,116609a941db172c76e3c1570387d01fd090b856f3421e5dd55f7d3c026c2986,1
221597857354,https://blog.naver.com/PostView.naver?blogId=agapeuni&logNo=221597857354&categoryNo=1213,[독서-431] 나는 누구인가 - 석학 7인이 들려주는 통찰,2019. 7. 28. 11:12,full-text,,6001d623392d2524a19c7f6dcb691ea75ae0ff4b7a219fdd1adc18b8031efd76,1
221608040750,https://blog.naver.com/PostView.naver?blogId=agapeuni&logNo=221608040750&categoryNo=1213,[독서-432] 죽을 때 후회하지 않는 사람들의 습관 - 행복하라,2019. 8. 7. 0:23,full-text,,77809e300e505eb11918935a9d00ec02de551aa1e691d6030d104f2ca9b9c245,1
221627033273,https://blog.naver.com/PostView.naver?blogId=agapeuni&logNo=221627033273&categoryNo=1213,[독서-433] 서평 쓰는 법 - 독서의 완성,2019. 8. 24. 17:03,full-text,,8e208721aae99744de9dd4c1b475389a8123b5e9c985aec043d4e0686ef75e8e,1
221634736758,https://blog.naver.com/PostView.naver?blogId=agapeuni&logNo=221634736758&categoryNo=1213,[독서-434] 미치지 않고서야 - 편집자가 들려주는 일하기 혁명,2019. 8. 31. 20:48,full-text,,02110b1ad75e2908d3131618f98dc8d0ab5da4be2503584fc0b42cdfda2266bd,1
221646013391,https://blog.naver.com/PostView.naver?blogId=agapeuni&logNo=221646013391&categoryNo=1213,[독서-435] 끝까지 하는 힘 - 나를 바꾸는 아름다운 열정,2019. 9. 11. 21:33,full-text,,54e09eeebcbecc9d49719b3d453765c4de608a502632c00245042b596e02b8d7,1
221655461590,https://blog.naver.com/PostView.naver?blogId=agapeuni&logNo=221655461590&categoryNo=1213,"[독서-436] 첫사랑 - 톨스토이, 도스토예프스키가 격찬한 소설",2019. 9. 22. 3:52,full-text,,3c8b61f647bebc4de4c6ca85540c22bf7555b2d5ab693910c4e68fc3d386545e,1
221668738324,https://blog.naver.com/PostView.naver?blogId=agapeuni&logNo=221668738324&categoryNo=1213,[독서-437] 책상은 책상이다 - 페터 빅셀의 일곱 가지 이야기,2019. 10. 5. 10:11,full-text,,1e514dbea166daca330d4c1fef557dd815016de4d23f3047c6cca84a26b19226,1
221669400703,https://blog.naver.com/PostView.naver?blogId=agapeuni&logNo=221669400703&categoryNo=1213,[독서-438] 낭만적 연애와 그 후의 일상 - 알랭 드 보통의 소설,2019. 10. 6. 2:19,full-text,,cf07b8daef498dd2ee8736f52ed3f8db23265b4cd7e840e9eb6a48ac8dd7f37b,1
221673244394,https://blog.naver.com/PostView.naver?blogId=agapeuni&logNo=221673244394&categoryNo=1213,[독서-439] 오사카 소년탐정단 - 오사카 오지 초등학교 교사,2019. 10. 10. 2:25,full-text,,629070a1de726598aee3f2c3124b7cf4cfc72e931fd8b9ebc75f4c90cbbfd67d,1
221687980204,https://blog.naver.com/PostView.naver?blogId=agapeuni&logNo=221687980204&categoryNo=1213,[독서-440] 나실인의 비밀 - 끝까지 책임지는 하나님의 사랑,2019. 10. 25. 3:31,full-text,,554c1e061f489bd31c27a14a432dd6a00a6ce0f5070654ab97ec8fc339b0df10,1
221687993422,https://blog.naver.com/PostView.naver?blogId=agapeuni&logNo=221687993422&categoryNo=1213,[독서-441] MySQL로 배우는 데이터베이스 프로그래밍,2019. 10. 25. 4:05,full-text,,c9ad7f358071dd8dc6216f560eed09e183fe4e0c3055da0256e31d81b76c8e0a,1
221688367493,https://blog.naver.com/PostView.naver?blogId=agapeuni&logNo=221688367493&categoryNo=1213,[독서-442] SQLite 마스터 북 - 오픈소스 데이터베이스,2019. 10. 25. 14:12,full-text,,327a15f587c8be6229b19293b206eedecc9f83bb8dbd5b36d369572884451563,1
221688739670,https://blog.naver.com/PostView.naver?blogId=agapeuni&logNo=221688739670&categoryNo=1213,[독서-443] 87가지 키워드로 배우는 Oracle Database,2019. 10. 25. 21:39,full-text,,634eafc84deb3df8b01b13d2bbf2e5a63b0d600b1827cda8babad4af563ad958,1
221689219145,https://blog.naver.com/PostView.naver?blogId=agapeuni&logNo=221689219145&categoryNo=1213,[독서-444] Oracle Pro*C 실무 프로젝트 활용서 - DB 개발자,2019. 10. 26. 14:06,full-text,,90d3362bd9ba400137c7d18ceef271bf7f3b7a3b1a5138498011c256a805e116,1
221703143119,https://blog.naver.com/PostView.naver?blogId=agapeuni&logNo=221703143119&categoryNo=1213,[독서-445] 시작의 힘 - 작은 결심이 만든 큰 변화,2019. 11. 10. 1:36,full-text,,fff63f250432de6f04d7c70677166c900f1a43e4def68c1a71d3b19549b0e63e,1
221706040660,https://blog.naver.com/PostView.naver?blogId=agapeuni&logNo=221706040660&categoryNo=1213,"[독서-446] 소설가 - 소설가가 되는길, 소설가로 사는길",2019. 11. 13. 1:32,full-text,,a290b3beb2eee4c97b482e0b2c3ea82ee6cb810089eebb339f5565cdc0900a07,1
221709957967,https://blog.naver.com/PostView.naver?blogId=agapeuni&logNo=221709957967&categoryNo=1213,[독서-447] 함부로 말하는 사람과 대화하는 법 - 괴물과 대화,2019. 11. 17. 1:40,full-text,,da047e8a83c1d5c36e581c52fcea5f1f031172ca2454690c833a4d4c15add720,1
221711797125,https://blog.naver.com/PostView.naver?blogId=agapeuni&logNo=221711797125&categoryNo=1213,[독서-448] 적을 만들지 않는 대화법 - 사람을 얻는 대화 기술,2019. 11. 19. 1:34,full-text,,5085f85a91c646e813df0e798e28839a097b0463de6e3591c52a7f06b08da6c2,1
221716346134,https://blog.naver.com/PostView.naver?blogId=agapeuni&logNo=221716346134&categoryNo=1213,[독서-449] 벤저민 프랭클린 자서전 - 어떻게 관리할 것인가?,2019. 11. 23. 19:09,full-text,,b7c12d6431ae1c7dcf9652d9a9d7f409e8e05014bb3180b051be9c357045f95a,1
221718782184,https://blog.naver.com/PostView.naver?blogId=agapeuni&logNo=221718782184&categoryNo=1213,[독서-450] 혼자서 공부해 봤니? - 혼자서 공부하는 능력,2019. 11. 26. 12:07,full-text,,7cf49f6e6fe10be886a2f4de10e3171c49832c3c4afae16bef14c255c3bf0840,1
221720502266,https://blog.naver.com/PostView.naver?blogId=agapeuni&logNo=221720502266&categoryNo=1213,[독서-451] 그림으로 이해하는 스마트팩토리 - 제조업 혁신,2019. 11. 28. 1:04,full-text,,18f5d8cb465265f43a177231ea211866ad1a822b9f1cb5d6d2140920d42d2fc6,1
221722644040,https://blog.naver.com/PostView.naver?blogId=agapeuni&logNo=221722644040&categoryNo=1213,[독서-452] 세상의 중심에서 사랑을 외치다 - 사랑 한 조각,2019. 11. 30. 5:45,full-text,,682e018d6df2029e8c9620f7aefc106c7c37e9ed40ecfda2bf90a6f2334e26c8,1
221724111437,https://blog.naver.com/PostView.naver?blogId=agapeuni&logNo=221724111437&categoryNo=1213,[독서-453] AngularJS 인 액션 - 대화형 웹 애플리케이션,2019. 12. 1. 23:22,full-text,,5c06feb6b46e865e826179a59c5dc0214aea05fe00a50a3897ad258a2659febf,1
221735572259,https://blog.naver.com/PostView.naver?blogId=agapeuni&logNo=221735572259&categoryNo=1213,[독서-454] 소심한 정대리는 어떻게 1년 만에 10년치 연봉을 벌었을까,2019. 12. 13. 0:53,full-text,,9c19288b7bd5630c5b8a185fca898a6030c2778328eb4b3ee00c39e051e4947c,1
221746214312,https://blog.naver.com/PostView.naver?blogId=agapeuni&logNo=221746214312&categoryNo=1213,[독서-455] 스프링4 입문 - 그림과 표로 쉽게 배우는,2019. 12. 23. 3:10,full-text,,8c9003ab55590cdd8b449287831109360165f80e2093f6eaf84048737a02f56f,1
221748448518,https://blog.naver.com/PostView.naver?blogId=agapeuni&logNo=221748448518&categoryNo=1213,[독서-456] 열한 계단 - 나를 흔들어 키운 불편한 지식들,2019. 12. 25. 1:16,full-text,,4dc67d882ef542ef0a0726ed67bdff95a1ed6261b9f97c3bad768a1681ecdd19,1
221758083587,https://blog.naver.com/PostView.naver?blogId=agapeuni&logNo=221758083587&categoryNo=1213,[독서-457] 워킹 레벨 자바 7 실무 바이블 - 고급 프로그래밍,2020. 1. 3. 3:19,full-text,,0cddf9d555df402ffb0453410fd7427fb0c9bd3ec8d60ac7bfce741d3aa7c292,1
221761143379,https://blog.naver.com/PostView.naver?blogId=agapeuni&logNo=221761143379&categoryNo=1213,[독서-458] 책 쓰기의 배신 - 나도 내 책을 출판할 수 있다!,2020. 1. 6. 3:29,full-text,,fe457824bec531e60dfed70c3a9901e8ad433a94a48023656f2c0903492f154a,1
221769322554,https://blog.naver.com/PostView.naver?blogId=agapeuni&logNo=221769322554&categoryNo=1213,[독서-459] 오셀로(Othello) - 셰익스피어 4대 비극,2020. 1. 12. 23:06,full-text,,ccd9dbdc76e7af0e1496e7f277fbb107867a6008e690e38a280d5f8fce3ca95b,1
221771268296,https://blog.naver.com/PostView.naver?blogId=agapeuni&logNo=221771268296&categoryNo=1213,[독서-460] 맥베스(Macbeth) - 셰익스피어 4대 비극,2020. 1. 14. 13:42,full-text,,52d3c3701697f8f24276913866193d4d177eaeb4dbe1c44083c089641f5fb58e,1
221773448457,https://blog.naver.com/PostView.naver?blogId=agapeuni&logNo=221773448457&categoryNo=1213,[독서-461] 햄릿(Hamlet) - 셰익스피어 4대 비극,2020. 1. 16. 3:44,full-text,,e91b04340dc8e97de9e602d550d1d20fa856f7022533005eb0132d4e64d42092,1
221776569704,https://blog.naver.com/PostView.naver?blogId=agapeuni&logNo=221776569704&categoryNo=1213,[독서-462] 리어 왕(King Lear) - 셰익스피어 4대 비극,2020. 1. 18. 15:26,full-text,,01ca8f37b9cccc153d6781364aa86c21df474aed3e470f6235001bf1bd858b03,1
221778199539,https://blog.naver.com/PostView.naver?blogId=agapeuni&logNo=221778199539&categoryNo=1213,[독서-463] 사람은 무엇으로 사는가 - 톨스토이 단편선,2020. 1. 20. 1:05,full-text,,6ecf56a679a601d42464b278a4442c130470df89de1ab526a1b529af4460dc4f,1
221781875825,https://blog.naver.com/PostView.naver?blogId=agapeuni&logNo=221781875825&categoryNo=1213,[독서-464] 설국 - 1968년 노벨문학상 수상작,2020. 1. 22. 19:02,full-text,,b3b90fdd5d142c078ad9d3d9888e080f353687acaa124dfeb04d91ac675a73e4,1
221787078305,https://blog.naver.com/PostView.naver?blogId=agapeuni&logNo=221787078305&categoryNo=1213,[독서-465] IT에 몸담은 이들을 위한 지적 생산 기술,2020. 1. 28. 3:04,full-text,,4e26356826c78100eb8c2df824ad49aaa7ece4ce278530887a877d4bcd07f4a6,1
221790698689,https://blog.naver.com/PostView.naver?blogId=agapeuni&logNo=221790698689&categoryNo=1213,"[독서-466] 이것이 자바다 - Java 8, 람다식, JavaFX , NIO",2020. 1. 31. 0:20,full-text,,3d7e695307b816fd8d1b28cea14b4cc9687e0bb0717e8ca73fd375aaa5d0ed41,1
221792714284,https://blog.naver.com/PostView.naver?blogId=agapeuni&logNo=221792714284&categoryNo=1213,[독서-467] 오늘 눈부신 하루를 위하여 - 구본형의 자아경영,2020. 2. 1. 19:14,full-text,,c672488b9577a85e5e3677c71f8b341683077d16cd181d5a4e6483db5d0a4de8,1
221794082118,https://blog.naver.com/PostView.naver?blogId=agapeuni&logNo=221794082118&categoryNo=1213,[독서-468] 빅 퀘스천 - 대답을 기대할 수 없는 큰 질문들,2020. 2. 3. 1:06,full-text,,52b23ea875bc57c12f02ae0fa9ab9c28be356f9f8a4fe8fb0a87df1f8c8460ac,1
221797963205,https://blog.naver.com/PostView.naver?blogId=agapeuni&logNo=221797963205&categoryNo=1213,[독서-469] 내 인생을 바꾼 29통의 편지 - 마지막 인생 조언,2020. 2. 6. 1:38,full-text,,48329f46d3a7c37949b96d2e1f42728026708a6263f7da0c574249e57290ec93,1
221801676790,https://blog.naver.com/PostView.naver?blogId=agapeuni&logNo=221801676790&categoryNo=1213,[독서-470] 프론트엔드 개발 - 예제를 만들어 바로 배우기,2020. 2. 9. 4:51,full-text,,733385d87c02d3d8cea7dd4e0d64aac7418a7aec92fc12d318a1fa2767f73437,1
221805442575,https://blog.naver.com/PostView.naver?blogId=agapeuni&logNo=221805442575&categoryNo=1213,[독서-471] 살아있는 동안 꼭 해야 할 49가지 - 따뜻한 일상,2020. 2. 12. 2:04,full-text,,2527a9bab92bd57f02c67749b7059ca9e4ed7c653ab8522580f5c14606d57210,1
221810797420,https://blog.naver.com/PostView.naver?blogId=agapeuni&logNo=221810797420&categoryNo=1213,[독서-472] 코딩이 미래다 - 코딩 시대의 미래 교육 가이드북,2020. 2. 16. 5:56,full-text,,e4705ad13e61f78269f5f7e45175e77ca48e955295ea1190330db86e0fdebc43,1
221823326295,https://blog.naver.com/PostView.naver?blogId=agapeuni&logNo=221823326295&categoryNo=1213,[독서-473] 리액트 웹앱 제작 총론 - 리액트와 리덕스를 이용,2020. 2. 25. 1:52,full-text,,9c6f581cc15b2b514fa82029a16743b9248d667221939f8d943c8e3556f15276,1
221836084112,https://blog.naver.com/PostView.naver?blogId=agapeuni&logNo=221836084112&categoryNo=1213,[독서-474] 행복한 청소부 - 세상을 아름답게 만드는,2020. 3. 3. 23:11,full-text,,692fe6c003a6bc1cb93d53a736a38cf54b2a54fde6d170d64860a33b8dce352a,1
221848141894,https://blog.naver.com/PostView.naver?blogId=agapeuni&logNo=221848141894&categoryNo=1213,[독서-475] ECMAScript 6 - 자바스크립트 표준 레퍼런스,2020. 3. 11. 11:26,full-text,,154597f951fc5e4516d3bb885dae19187d1f5896d4f621d331db76c24fd9280d,1
221861034490,https://blog.naver.com/PostView.naver?blogId=agapeuni&logNo=221861034490&categoryNo=1213,[독서-476] 데미안 - 헤르만 헤세가 그린 '자신에게 이르는 길',2020. 3. 19. 3:36,full-text,,d3be6263c0d2f40ce2037e17c52fb4fcc0433b68a830954576e23315e5471cf6,1
221872876439,https://blog.naver.com/PostView.naver?blogId=agapeuni&logNo=221872876439&categoryNo=1213,[독서-477] 열혈강의 오용철의 데이터베이스 모델링,2020. 3. 25. 20:49,full-text,,00399a45489bd5a02f5ddee0e7cf05256cbb7178d14a6f7e5a6823e10bf83b6b,1
221879694015,https://blog.naver.com/PostView.naver?blogId=agapeuni&logNo=221879694015&categoryNo=1213,"[독서-478] 아, 그런가 - 모든 질문에 답하다",2020. 3. 29. 19:02,full-text,,6c359a6e9c3c0f6b1819b748401d3f3a0abc24929e8370b7f0d51e8b0fbc2bed,1
221884174324,https://blog.naver.com/PostView.naver?blogId=agapeuni&logNo=221884174324&categoryNo=1213,[독서-479] 스프링 부트와 AWS로 혼자 구현하는 웹 서비스,2020. 4. 1. 1:48,full-text,,0a8c6ae2e9676d0d6cce91f7761d6d0fb00b141d0b36587cb3bd72c529e87b03,1
221887866942,https://blog.naver.com/PostView.naver?blogId=agapeuni&logNo=221887866942&categoryNo=1213,[독서-480] 당황하지 않고 웃으면서 아들 성교육 하는 법,2020. 4. 3. 1:51,full-text,,4ef70d653b96e24dac76534c50f41168c20f75228cd0c0e695d59c95a1f914d9,1
221889852764,https://blog.naver.com/PostView.naver?blogId=agapeuni&logNo=221889852764&categoryNo=1213,"[독서-481] 남심탐구, 여심탐구 - 너무 다른 남녀의 속마음",2020. 4. 4. 8:01,full-text,,21411ccda7549443de0711c2b83ea4a5c0a0b23d4200273a08125cac6270b067,1
221909572709,https://blog.naver.com/PostView.naver?blogId=agapeuni&logNo=221909572709&categoryNo=1213,[독서-482] 세계영적도해 - 하나님의 세계경영,2020. 4. 15. 15:04,full-text,,6d6608ac424480ed3c37a42c037a5d9220c6e421572a9b4228f207939eaa81a2,1
221917561954,https://blog.naver.com/PostView.naver?blogId=agapeuni&logNo=221917561954&categoryNo=1213,[독서-483] 너는 나에게 상처를 줄 수 없다 - 독일 베스트셀러,2020. 4. 20. 0:16,full-text,,1ae8957aa43dac648044cee0de6a3f07685cd5e86d4e95608f19b94b65c69aae,1
221921549763,https://blog.naver.com/PostView.naver?blogId=agapeuni&logNo=221921549763&categoryNo=1213,[독서-484] 상처 입은 치유자 - 헨리 나우웬의 최고의 역작,2020. 4. 21. 23:34,full-text,,0109b338878b3fb9971ee9894dea07f2306f9d79aeef9577436d8017a6e5e38e,1
221930789628,https://blog.naver.com/PostView.naver?blogId=agapeuni&logNo=221930789628&categoryNo=1213,[독서-485] 인생학교 : 돈 - 돈에 대해 덜 걱정하는 법,2020. 4. 26. 21:50,full-text,,a1af843cba31fa4caf74bada89ed9f4189f4371b81d370bac440cd3de47e66d1,1
221937980674,https://blog.naver.com/PostView.naver?blogId=agapeuni&logNo=221937980674&categoryNo=1213,[독서-486] 인생학교 : 일 - 일에서 충만함을 찾는 법,2020. 4. 30. 17:13,full-text,,4483ff0e86efbe4660b366028210f741de0d78e9dbd7857b3cadf5eedbd3de22,1
221940774452,https://blog.naver.com/PostView.naver?blogId=agapeuni&logNo=221940774452&categoryNo=1213,[독서-487] 인생학교 : 세상 - 작은 실천으로 세상을 바꾸는 법,2020. 5. 2. 4:31,full-text,,697953692f0d98c72eeb123b2730bbcdc4e0f0160705168f479a449ed54c0c03,1
221943771078,https://blog.naver.com/PostView.naver?blogId=agapeuni&logNo=221943771078&categoryNo=1213,[독서-488] 인생학교 : 시간 - 디지털 시대에 살아남는 법,2020. 5. 3. 22:17,full-text,,9dee8d6858a90bc7d74ba34a1f403622fcfaa16a220d74e36a0fe166ac2f1bb0,1
221947844805,https://blog.naver.com/PostView.naver?blogId=agapeuni&logNo=221947844805&categoryNo=1213,[독서-489] 인생학교 : 섹스 - 알랭 드 보통이 솔직한 이야기,2020. 5. 6. 2:59,full-text,,850f08d27e6d5b8cc0a3a8a797d9b19b88e104a3d3dc30a5e27d7d0ccca72d3b,1
221956286017,https://blog.naver.com/PostView.naver?blogId=agapeuni&logNo=221956286017&categoryNo=1213,[독서-490] 인생학교 : 정신 - 온전한 정신으로 사는 법,2020. 5. 11. 4:28,full-text,,4b627b73bff3fcf303fac6e59b26fa6fae26cffa6b66310b7786a74abab4cc0c,1
221963798300,https://blog.naver.com/PostView.naver?blogId=agapeuni&logNo=221963798300&categoryNo=1213,[독서-491] 학교에서 알려주지 않는 17가지 실무 개발 기술,2020. 5. 15. 13:43,full-text,,1435f13d62bcc45b29278aa8511ea4bdf1fa1ef629c9ba9179fcf8ec360d4936,1
221970066690,https://blog.naver.com/PostView.naver?blogId=agapeuni&logNo=221970066690&categoryNo=1213,[독서-492] 7번 읽기 공부 실천법 - 저절로 기억되는 공부법,2020. 5. 19. 13:04,full-text,,e9cf2d26b85618f8093797d17f2bdd7241614576d7abfe2ea37691ed5c9d0f5b,1
221976164291,https://blog.naver.com/PostView.naver?blogId=agapeuni&logNo=221976164291&categoryNo=1213,[독서-493] 예수님처럼 - 하나님은 당신이 변화되기 원하신다,2020. 5. 24. 0:26,full-text,,c9df710e7f54869548f3b413e74b27041ee184bdf82d02fdd07fef2e810ec260,1
221977379088,https://blog.naver.com/PostView.naver?blogId=agapeuni&logNo=221977379088&categoryNo=1213,[독서-494] PC조립 & 하드웨어 - 컴퓨터 DIY 시스템 최적화,2020. 5. 25. 2:08,full-text,,63fce4b7ff19fa4937c7c814917f9a28060615a4880e537497f0cfd328942147,1
221980257191,https://blog.naver.com/PostView.naver?blogId=agapeuni&logNo=221980257191&categoryNo=1213,독서의 시간 - 하루 한 권보다 중요한 것은 꾸준함이다,2020. 5. 27. 11:08,full-text,,22f94c4bf131405f16ca6e95215e88a65b033cb7ce840e8df31d25ac759cff36,1
221980326268,https://blog.naver.com/PostView.naver?blogId=agapeuni&logNo=221980326268&categoryNo=1213,[독서-495] 종교의 영을 몰아내십시오 - 영적 전쟁 시리즈,2020. 5. 27. 12:07,full-text,,13dd976c597e82de00bfe04e43b349757c6bb5d7d04e5eea43f2eeb8f068f91b,1
221982432056,https://blog.naver.com/PostView.naver?blogId=agapeuni&logNo=221982432056&categoryNo=1213,[독서-496] 두려움으로부터 자유 - 영적 전쟁 시리즈,2020. 5. 29. 0:21,full-text,,27535f7747e9a09825096d20ccc4357e77b9c874bca62bce7420901259e72d0b,1
221991296982,https://blog.naver.com/PostView.naver?blogId=agapeuni&logNo=221991296982&categoryNo=1213,[독서-497] 가난의 영으로부터 자유 - 영적 전쟁 시리즈,2020. 6. 5. 20:05,full-text,,b0b97cc35b8f6f305e4c671079896bfdea666befe8acfdefd0f852e41a1902ad,1
221994552471,https://blog.naver.com/PostView.naver?blogId=agapeuni&logNo=221994552471&categoryNo=1213,[독서-498] 아두이노 프로젝트 65 - 예제로 배우는 실전,2020. 6. 9. 0:38,full-text,,1b9d397409d06ca1fdc5c4e68d21d9edf21febffd48714e8f84bd057f41dfcc1,1
221995618095,https://blog.naver.com/PostView.naver?blogId=agapeuni&logNo=221995618095&categoryNo=1213,[독서-499] 아두이노 상상을 스케치하다 - 모든 것에 관하여,2020. 6. 10. 0:52,full-text,,514952d96f96044fd962b7f4a4a604409cf08abc85e7872b33a1a53c1c5846e5,1
221997934759,https://blog.naver.com/PostView.naver?blogId=agapeuni&logNo=221997934759&categoryNo=1213,[독서-500] 사랑 중독증 - 나를 잃지 않고도 사랑할 수 있다,2020. 6. 12. 1:23,full-text,,9b1d1e70e02815748c67e5250f1e9695159703e17e03a2789521534abd3e5e76,1
222004225850,https://blog.naver.com/PostView.naver?blogId=agapeuni&logNo=222004225850&categoryNo=1213,[독서-501] 꿈을 주시는 분 - 당신은 특별한 사람이다,2020. 6. 17. 23:13,full-text,,1e59f25bea570947717adf85b3054db96fa8333020775267766c016dea127417,1
222014827913,https://blog.naver.com/PostView.naver?blogId=agapeuni&logNo=222014827913&categoryNo=1213,[독서-502] 거짓된 영적 권위로부터 자유 - 영적 전쟁 시리즈,2020. 6. 28. 18:02,full-text,,aaf3e93bcb2d8cf95b3957c256dcf76f910d868dee884d8686e261c0994ca7e9,1
222014899109,https://blog.naver.com/PostView.naver?blogId=agapeuni&logNo=222014899109&categoryNo=1213,[독서-503] 내집은 만민의 기도하는 집이라 - 영적 전쟁 시리즈,2020. 6. 28. 19:45,full-text,,5f2c1007abf8bc041f2f5abb63249b8859799833ed39f86d14a61076c29eb60b,1
222017357439,https://blog.naver.com/PostView.naver?blogId=agapeuni&logNo=222017357439&categoryNo=1213,[독서-504] 마귀의 책략과 교회의 승리 - 영적 전쟁 시리즈,2020. 7. 1. 1:07,full-text,,4b250f9326a48f9d6bb2ddb90303ae4af8842a8fd8db12d1e14b010fa7ab2c4a,1
222029143989,https://blog.naver.com/PostView.naver?blogId=agapeuni&logNo=222029143989&categoryNo=1213,[독서-505] 텐서플로 첫걸음 - 구글이 만든 딥 러닝 시스템,2020. 7. 13. 3:42,full-text,,4c54d05f56c9be75d97a02b88402b0a96547204225c0a95a60a13238cb0d10f3,1
222032943141,https://blog.naver.com/PostView.naver?blogId=agapeuni&logNo=222032943141&categoryNo=1213,[독서-506] 혼동으로부터의 자유 - 릭 조이너,2020. 7. 16. 21:26,full-text,,9d16acd6cbebd29f2867a58a0575abc2efa6864fdc8ca1040d136012afc47935,1
222034589347,https://blog.naver.com/PostView.naver?blogId=agapeuni&logNo=222034589347&categoryNo=1213,[독서·노트] 회의에서 똑똑해 보이는 100가지 기술,2020. 7. 18. 17:45,full-text,,eb7796cee3fbebf379a8c269b1c9c2d336034ee696241306b36910483c059db6,1
222037794105,https://blog.naver.com/PostView.naver?blogId=agapeuni&logNo=222037794105&categoryNo=1213,[독서-507] 벤츠 타는 프로그래머 - 어느 개발자의 조언,2020. 7. 22. 0:20,full-text,,22dbbca55d50ef754e296b3f546de748fee8a90388dcb6e2fa2b16467d203f06,1
222042564161,https://blog.naver.com/PostView.naver?blogId=agapeuni&logNo=222042564161&categoryNo=1213,[독서-508] AI 2045 - 인공지능 미래 보고서,2020. 7. 26. 23:36,full-text,,472387d3ec0985e2bd3dea98b6dc26d20ce5099f25292db0501db96889c08f28,1
222048079418,https://blog.naver.com/PostView.naver?blogId=agapeuni&logNo=222048079418&categoryNo=1213,[독서-509] 일생에 한 번은 고수를 만나라 - 경지에 오른 사람,2020. 8. 1. 12:38,full-text,,3cc795a5412ec6da5019982d72590181795f4af23041bddf2ae8024a2b5c2f98,1
222051489720,https://blog.naver.com/PostView.naver?blogId=agapeuni&logNo=222051489720&categoryNo=1213,[독서-510] 백만장자처럼 생각하라 - 검증된 성공비결,2020. 8. 5. 1:57,full-text,,9f640689abeab153fc2312d8d9ef1601511c8bec2b199f0dea4f7f581472e9cc,1
222064017022,https://blog.naver.com/PostView.naver?blogId=agapeuni&logNo=222064017022&categoryNo=1213,"[독서-511] 파이썬을 이용한 머신러닝, 딥러닝 실전 개발 입문",2020. 8. 18. 17:36,full-text,,d32a4c9d05173623c91f40bcbdc98864c134ccb8dba7b11bdc22a5d8f6242d7f,1
222070025453,https://blog.naver.com/PostView.naver?blogId=agapeuni&logNo=222070025453&categoryNo=1213,[독서-512] 소프트웨어와 코딩 첫걸음 - 49가지 IT 이야기,2020. 8. 25. 2:54,full-text,,604a038e3e665b03be00690ab3346991dce923a85f5f5194da9017a6ed66a6f3,1
222071860958,https://blog.naver.com/PostView.naver?blogId=agapeuni&logNo=222071860958&categoryNo=1213,[독서-513] 당신은 행복하십니까? - 믿음의 기초 10가지,2020. 8. 26. 21:10,full-text,,5779701ba73f7ce1673bc2a1d80190a34142033a21dc72c0f436b4bd7a27ae63,1
222071938115,https://blog.naver.com/PostView.naver?blogId=agapeuni&logNo=222071938115&categoryNo=1213,[독서-514] 코로나 이후의 세계 - 세계 1위 미래학자의 예측,2020. 8. 26. 22:34,full-text,,e14a009ab9c258b5cd342edc7b83e69d52912fe2e3ba8e6144cd608400bfdddb,1
222089635785,https://blog.naver.com/PostView.naver?blogId=agapeuni&logNo=222089635785&categoryNo=1213,독서의 태도 - 지식을 소비하는 읽기와 내면을 바꾸는 읽기의 차이,2020. 9. 15. 0:47,full-text,,538889f9cef995846ecad713aee845d654b4e1de0e3edee248e7e3a719963764,1
222090076911,https://blog.naver.com/PostView.naver?blogId=agapeuni&logNo=222090076911&categoryNo=1213,[독서-515] 일생에 한 번은 고수를 만나라 - 그들이 사는 법,2020. 9. 15. 14:29,full-text,,b644de8cfa45e8f4a8ddfba9fdba7a99aa2a815e8dfa4cb5064f6c24af57b41c,1
222090171363,https://blog.naver.com/PostView.naver?blogId=agapeuni&logNo=222090171363&categoryNo=1213,"[독서-516] 하나님의 이름 - Lord, I want to know you",2020. 9. 15. 16:07,full-text,,196d8e2c134c087798e0902b629a803078a1bfe04340ca96c4fc3aaa79810728,1
222094975289,https://blog.naver.com/PostView.naver?blogId=agapeuni&logNo=222094975289&categoryNo=1213,[독서-517] 모두의 데이터 분석 - 생활 속 데이터 분석,2020. 9. 21. 1:31,full-text,,83f5e8a034ce9698771d935a6829f5394fe9caa5202d243eabebff20e1ad97e6,1
222101042146,https://blog.naver.com/PostView.naver?blogId=agapeuni&logNo=222101042146&categoryNo=1213,[독서-518] 파이썬 웹 프로그래밍 - Django로 배우는 웹 개발,2020. 9. 27. 17:12,full-text,,d9c040162f9bb365f6ba8adce03cb48d71772bfd5ac2748f2bd858e4edc16bd7,1
222103095961,https://blog.naver.com/PostView.naver?blogId=agapeuni&logNo=222103095961&categoryNo=1213,[독서-519] 텐서플로로 시작하는 딥러닝 입문 - 맛보기 정도,2020. 9. 29. 18:12,full-text,,c211a4721807c1b1d22fabbf52bd9b600f9d226f5a546d3eae189da0deb6609d,1
222103775918,https://blog.naver.com/PostView.naver?blogId=agapeuni&logNo=222103775918&categoryNo=1213,[독서-520] 혼자 공부하는 파이썬 - 자신이 직접 해보는 학습,2020. 9. 30. 17:03,full-text,,74fa375affec41d8c31f50ce7ebc01196f99b677904fd8636c6aa6abade99b95,1
222111072345,https://blog.naver.com/PostView.naver?blogId=agapeuni&logNo=222111072345&categoryNo=1213,[독서-521] 마이바티스 프로그래밍 원리와 활용,2020. 10. 9. 15:03,full-text,,72c7cf1e455bab88818635a6f1b56c415244defec984f6c9c1d332314c09de96,1
222112467592,https://blog.naver.com/PostView.naver?blogId=agapeuni&logNo=222112467592&categoryNo=1213,[독서-522] 모두의 인공지능 기초 수학 - 누구나 쉽게 시작,2020. 10. 11. 12:23,full-text,,2d28e657f859c3b527b64ce60aaabf4090a9bc28fd59a880a6347832802dda7f,1
222116925513,https://blog.naver.com/PostView.naver?blogId=agapeuni&logNo=222116925513&categoryNo=1213,[독서-523] 모두의 딥러닝 - 텐서플로 2.0 반영,2020. 10. 16. 1:48,full-text,,8f3cb2a9d251db1be11b877f280ecc71c0a91bc0be4166509d0aa89f352bb4b5,1
222132539617,https://blog.naver.com/PostView.naver?blogId=agapeuni&logNo=222132539617&categoryNo=1213,[독서-524] 아주 작은 습관의 힘 - 인생 혁명 프로젝트,2020. 11. 1. 15:16,full-text,,c73f3f5014f0d130e9fe9fede387d7c575c486b5c5b91873f89ae5270f80663d,1
222137727841,https://blog.naver.com/PostView.naver?blogId=agapeuni&logNo=222137727841&categoryNo=1213,[독서-525] 예언자 - 26가지 물음에 대한 대답,2020. 11. 7. 3:21,full-text,,0c9a941383a8690c48dbf83fe20f9218c9b7018778d032a0a1bc4fdd36b4e95a,1
222142938295,https://blog.naver.com/PostView.naver?blogId=agapeuni&logNo=222142938295&categoryNo=1213,[독서-526] 내려놓음 - 내 인생의 가장 행복한 결심,2020. 11. 13. 4:32,full-text,,384663908941a2d8385ad766b0b03fdf887ebc9fcdfa22d7a75053a88ac3bcc5,1
222144459834,https://blog.naver.com/PostView.naver?blogId=agapeuni&logNo=222144459834&categoryNo=1213,[독서·노트] 블로그에 정리한 자료와 서적으로 아두이노 내용을 복습,2020. 11. 15. 0:43,full-text,,530b1c23fe0e00d7ad7b883af6a8080d66eac371e676327667b74a5c75765db5,1
222145291248,https://blog.naver.com/PostView.naver?blogId=agapeuni&logNo=222145291248&categoryNo=1213,[독서-527] 스케치로 시작하는 아두이노 프로그래밍,2020. 11. 16. 4:48,full-text,,ed9a8bef5cd9bf286e2342666568b321bf4bffdd1e9c0c2b10562829da530cf9,1
222145484319,https://blog.naver.com/PostView.naver?blogId=agapeuni&logNo=222145484319&categoryNo=1213,[독서-528] 33가지 프로젝트로 배우는 아두이노 - MAKE,2020. 11. 16. 11:30,full-text,,357af183c1beea0104b3f162f6409479f2ea82c415a5d9100e3c157333848008,1
222147178555,https://blog.naver.com/PostView.naver?blogId=agapeuni&logNo=222147178555&categoryNo=1213,[독서·노트] 아두이노 상상을 스케치하다. (1장 ~ 10장),2020. 11. 18. 0:37,full-text,,0e24dc85dba689d7fb12750040a424f6a4b172d6d3cc098d78670c26e3dd1721,1
222147196313,https://blog.naver.com/PostView.naver?blogId=agapeuni&logNo=222147196313&categoryNo=1213,[독서·노트] 아두이노 상상을 스케치하다. (11장 ~ 21장),2020. 11. 18. 1:07,full-text,,9a39b59d8ab135e87da28faddbf6889d389ed6562a483029e38324f4d99df35e,1
222147198524,https://blog.naver.com/PostView.naver?blogId=agapeuni&logNo=222147198524&categoryNo=1213,[독서·노트] 아두이노 상상을 스케치하다. (22장 ~ 31장),2020. 11. 18. 1:11,full-text,,fb7ef3a24edad17c3f4c16ffd14ef1338d5e5a08ededeb1df9dbdfd2ac6c7a9d,1
222147247317,https://blog.naver.com/PostView.naver?blogId=agapeuni&logNo=222147247317&categoryNo=1213,[독서-529] 나의 첫 아두이노 프로젝트 - 기초부터 프로젝트,2020. 11. 18. 3:18,full-text,,bad2adb3e897fe3c6b999b1364832cd25747e94e0df8eca15fe8409d98568dc4,1
222156636729,https://blog.naver.com/PostView.naver?blogId=agapeuni&logNo=222156636729&categoryNo=1213,[독서-530] 이기적 섹스 - 그놈들의 섹스는 잘못됐다,2020. 11. 28. 1:26,full-text,,a880e20c0d3ede9ff84ab5ed56bfd4c126f2941ec383f73175dc4dfb72c92fef,1
222156637051,https://blog.naver.com/PostView.naver?blogId=agapeuni&logNo=222156637051&categoryNo=1213,[독서-531] 자바로 시작하는 라즈베리 파이 - BlueJ와 함께,2020. 11. 28. 1:26,full-text,,877bdcfe86235746e202140153deafb9abf3eaa698b241698a6e046058ee50d3,1
222160491659,https://blog.naver.com/PostView.naver?blogId=agapeuni&logNo=222160491659&categoryNo=1213,[독서-532] 왜 세계의 절반은 굶주리는가? - 세계적인 불평등,2020. 12. 2. 13:48,full-text,,b378f56d9fa59563e899f1294b50a5170a1b5ce76c7ee3b55768bc4d5ec7d056,1
222164804111,https://blog.naver.com/PostView.naver?blogId=agapeuni&logNo=222164804111&categoryNo=1213,[독서-533] 블러드문(Blood Moon) - 테드라드,2020. 12. 6. 18:48,full-text,,4ea49b27fd0cd2b54ad6a3ebce4bbe6b6678961b2a006b97086a23d5cd740b99,1
222166405261,https://blog.naver.com/PostView.naver?blogId=agapeuni&logNo=222166405261&categoryNo=1213,[독서-534] 게임으로 배우는 파이썬 - 고전 게임을 만들어보자,2020. 12. 8. 2:54,full-text,,8da1d44b605b13f63fd35ac051add2ee87105a47db4a55ca3e4acbe18b1bbdd7,1
222172619064,https://blog.naver.com/PostView.naver?blogId=agapeuni&logNo=222172619064&categoryNo=1213,[독서-535] 마흔의 역전 - 비로소 내 삶의 주인이 되는 법,2020. 12. 13. 21:55,full-text,,9bba69f4bf8ed879dfd4a76abb903ad4ddbd1402d05a6c40546ec7e4ff0df37e,1
222183458398,https://blog.naver.com/PostView.naver?blogId=agapeuni&logNo=222183458398&categoryNo=1213,[독서-536] 마지막 신호 - 인간을 통제하기 위한 거대한 계획,2020. 12. 23. 22:48,full-text,,d929079240b018054599f4720376384dc03cd00fad33f5e577d2e2a0791b47a4,1
222183556183,https://blog.naver.com/PostView.naver?blogId=agapeuni&logNo=222183556183&categoryNo=1213,[독서- 537 ] 3호실의 죄수 - 응답을 기다리는 목마른 영혼에게,2020. 12. 24. 0:40,full-text,,f10a9b7b3e744376d4960f0e778a2cc7b310e93a6d7bb80fe5330fbfb8e22dda,1
222185372965,https://blog.naver.com/PostView.naver?blogId=agapeuni&logNo=222185372965&categoryNo=1213,[독서-538] 파이썬으로 챗봇 만들기 - 자연어 처리와 머신러닝,2020. 12. 25. 21:05,full-text,,d163d8fadbb3fd10637af165ed552a5f4de4855f60c47fe656451bd6e1259eeb,1
222186641310,https://blog.naver.com/PostView.naver?blogId=agapeuni&logNo=222186641310&categoryNo=1213,[독서-539] 가브리엘 천사를 만나다 - Angels on Assignment,2020. 12. 27. 3:51,full-text,,073ffbbad171eee3ac411097efaf3c960d71063bd51b466d040134a801f23f58,1
222186897172,https://blog.naver.com/PostView.naver?blogId=agapeuni&logNo=222186897172&categoryNo=1213,[독서-540] 가브리엘 천사를 만난 사람 - Talk with Angels,2020. 12. 27. 14:29,full-text,,9d8b202f95ea909d4ebc9458dcbd07d16780487386d1568abd1a5a5a6d7ebc81,1
222188741321,https://blog.naver.com/PostView.naver?blogId=agapeuni&logNo=222188741321&categoryNo=1213,[독서-541] 세 왕 이야기 - 깨어진 마음으로의 순례,2020. 12. 29. 3:09,full-text,,ea50a3a8495eab0d3b13ee9b889b6bbc995a02dd553fe84be1549ea80b3eaddd,1
222190338450,https://blog.naver.com/PostView.naver?blogId=agapeuni&logNo=222190338450&categoryNo=1213,[독서-542] 블루 칼라 예수 - 그는 성실한 육체노동자였다,2020. 12. 30. 15:07,full-text,,9af1343e7a253c8707e699ebd1ca9be362674ee97df161264302b21d03ae2629,1
222193926297,https://blog.naver.com/PostView.naver?blogId=agapeuni&logNo=222193926297&categoryNo=1213,[독서-543] 모든 것을 새롭게 - 영적인 삶을 산다는 것은?,2021. 1. 2. 20:20,full-text,,420b4a41b2653eb5cf194025a63f3b7c30a3aa1fa77e1dd45648d38292f35ed4,1
222210673137,https://blog.naver.com/PostView.naver?blogId=agapeuni&logNo=222210673137&categoryNo=1213,[독서-544] 뇌를 자극하는 RedHat Fedora 리눅스 서버,2021. 1. 17. 22:54,full-text,,72bd8ba03bceb7eeecae5db7541233f3403b69d06276dbe69f84f8e364ab17ca,1
222213202134,https://blog.naver.com/PostView.naver?blogId=agapeuni&logNo=222213202134&categoryNo=1213,[독서- 545 ] 이것이 리눅스다 - with RedHat CentOS,2021. 1. 20. 1:12,full-text,,808a4d3c1fdd649f1f260704041893923ddd837c9b85871ce3be888b4613f644,1
222215709817,https://blog.naver.com/PostView.naver?blogId=agapeuni&logNo=222215709817&categoryNo=1213,[독서-546] 전문가를 위한 10년 활용 리눅스 시스템 - 결정판,2021. 1. 22. 4:26,full-text,,4ebca9cc4e3f584f0d16cea5216161c91e5abae1019e7673ca9a12c4e766a7d6,1
222216122224,https://blog.naver.com/PostView.naver?blogId=agapeuni&logNo=222216122224&categoryNo=1213,[독서-547] 파이썬 라이브러리 레시피 - Python 3.4,2021. 1. 22. 14:02,full-text,,6c777c1ecc07a86911760e89d8eba5b40ab17ad220e7e3b1f14c711187daa5bd,1
222216521013,https://blog.naver.com/PostView.naver?blogId=agapeuni&logNo=222216521013&categoryNo=1213,[독서-548] 파이썬 핵심 레퍼런스 - 바로 적용하는 실무가이드,2021. 1. 22. 20:04,full-text,,7c7059a86fd62e817e9d151d666fca20726cd83514149197916d6e747f7a9ee2,1
222225047387,https://blog.naver.com/PostView.naver?blogId=agapeuni&logNo=222225047387&categoryNo=1213,[독서-549] 아몬드 - 공감불능 사회와 차가움을 녹인다,2021. 1. 30. 7:49,full-text,,c4cbaed1de17884ce8a95b47e774f6eff14c2a64282aec415e4da5998234ebdc,1
222232157852,https://blog.naver.com/PostView.naver?blogId=agapeuni&logNo=222232157852&categoryNo=1213,[독서-550] 젊은 베르테르의 슬픔 - 요한 볼프강 폰 괴테,2021. 2. 4. 22:08,full-text,,a22ac0092a0854b3d2c9bb5b020fa4be5b6c1b98661daf5c0615f7426cd091f0,1
222239642998,https://blog.naver.com/PostView.naver?blogId=agapeuni&logNo=222239642998&categoryNo=1213,[독서-551] 글로벌 소프트웨어를 꿈꾸다 - 진정한 개발자 되기,2021. 2. 10. 23:34,full-text,,5ccf2f0d80fdf8df6fe18123db2d91c1aede60513e15dc8f02089f202612af56,1
222252967967,https://blog.naver.com/PostView.naver?blogId=agapeuni&logNo=222252967967&categoryNo=1213,"[독서-552] 호텔 선인장 - 모자, 오이, 숫자 2",2021. 2. 22. 22:48,full-text,,e0b6d648266c30999b6ca4520e3192ad1057f2c82f97b1b86761de838ccef600,1
222258095033,https://blog.naver.com/PostView.naver?blogId=agapeuni&logNo=222258095033&categoryNo=1213,[독서-553] 조선과 일본 - 한국인이 알 수 없었던 진실,2021. 2. 27. 0:38,full-text,,f2cafaeae144e8a452c8b7fd49ebc2ba58d84f0d994d99e3b90d70ba4d24a1ea,1
222259059785,https://blog.naver.com/PostView.naver?blogId=agapeuni&logNo=222259059785&categoryNo=1213,[독서-554] 파이썬답게 코딩하기 - 개념과 기술을 소개,2021. 2. 27. 22:50,full-text,,9c50b3bac24c6c93c1a7f6205e3f21e432362f1ee3258004b1723f5625435c42,1
222259907472,https://blog.naver.com/PostView.naver?blogId=agapeuni&logNo=222259907472&categoryNo=1213,[독서-555] 파이썬 디자인 패턴 2/e - SW 설계 문제 해결,2021. 2. 28. 21:13,full-text,,08da158866e2ae675a9e4f24beee842621a7d4f0f60b85988da48b003ef14c42,1
222261035619,https://blog.naver.com/PostView.naver?blogId=agapeuni&logNo=222261035619&categoryNo=1213,[독서-556] 리눅스 시스템 관리 1 - 명령어 & 셸 입문,2021. 3. 1. 21:24,full-text,,75a7923d6d250bc1da3a2d99619af2896caf632ef75c7058ebd8643926630de9,1
222261338591,https://blog.naver.com/PostView.naver?blogId=agapeuni&logNo=222261338591&categoryNo=1213,[독서-557] 리눅스 시스템 관리 2 - 명령어 & 셸 응용,2021. 3. 2. 2:20,full-text,,e7101ac915e507bf9426ef05f7cc53b340d62abcda7dbe025916ec02d5f147c6,1
222262535317,https://blog.naver.com/PostView.naver?blogId=agapeuni&logNo=222262535317&categoryNo=1213,[독서-558] 한눈에 빠져드는 셸 스크립트 - 101가지 스크립트,2021. 3. 3. 1:40,full-text,,78b266dc1e87989f9a75190fef1a04dbcc1ce3fad09a45039ab3ec1f15e14dc0,1
222266026262,https://blog.naver.com/PostView.naver?blogId=agapeuni&logNo=222266026262&categoryNo=1213,[독서-559] 리눅스 시스템 관리 3 - 네트워크 & 보안 입문,2021. 3. 6. 4:59,full-text,,88e83204c9ae4c56acfd0fa600cb448bc9104ec56a3e00d27b640b216eb1ff25,1
222269092334,https://blog.naver.com/PostView.naver?blogId=agapeuni&logNo=222269092334&categoryNo=1213,[독서-560] 파이썬 Jupyter Notebook 실전 입문 - 교과서,2021. 3. 9. 5:29,full-text,,11776fa52244588b844dc798f7181002cd78597266461ee29e47cce70d8a47dc,1
222276869417,https://blog.naver.com/PostView.naver?blogId=agapeuni&logNo=222276869417&categoryNo=1213,[독서-561] Flask 기반의 파이썬 웹 프로그래밍 - 생산성을 보장,2021. 3. 16. 2:55,full-text,,a19e7b0934ca96bd823ee4a734abaa9e84f3a89bb2b409615b9a3e4b576c2d56,1
222277680185,https://blog.naver.com/PostView.naver?blogId=agapeuni&logNo=222277680185&categoryNo=1213,[독서-562] 파이썬 프로젝트 Active 개발 가이드 - 단순입문서,2021. 3. 16. 20:33,full-text,,7f7d5d8e08b882ce0b822f803b534d7ba3a2c3103941b5a513ae50023cc632d4,1
222281581222,https://blog.naver.com/PostView.naver?blogId=agapeuni&logNo=222281581222&categoryNo=1213,[ 독서-563 ] 파이썬 클린 코드 - 좋은 코드를 만드는 비결,2021. 3. 20. 12:54,full-text,,2cf50f2686208bf6d01391773c3d41ef03f3096e8f115bad57929490daefd51d,1
222281784965,https://blog.naver.com/PostView.naver?blogId=agapeuni&logNo=222281784965&categoryNo=1213,[독서- 564 ] 머신러닝을 위한 파이썬 한 조각 - 인공지능 시작,2021. 3. 20. 17:51,full-text,,b9af33131886bcb30646872cebf52f673b41ed91cfbf757afe3f7dc9580c9625,1
222283247759,https://blog.naver.com/PostView.naver?blogId=agapeuni&logNo=222283247759&categoryNo=1213,[독서-565] 쿠브플로우 - 쿠버네티스로 머신러닝을 해보자,2021. 3. 22. 3:33,full-text,,b3c8b3cb4c04208efbe7e5a95e965dc1357ad2c21c60300ee41053427160ee7c,1
222285391457,https://blog.naver.com/PostView.naver?blogId=agapeuni&logNo=222285391457&categoryNo=1213,[독서-566] 인간다운 Git - 팀의 업무를 더욱 향상시키자,2021. 3. 23. 23:40,full-text,,c6078b586045ceb562a08cf1c0debd3eb7afe0e72d9c14be2919ad1bc022a397,1
222287798983,https://blog.naver.com/PostView.naver?blogId=agapeuni&logNo=222287798983&categoryNo=1213,[독서-567] 운명을 바꾸는 행동의 힘 - 지금 당장 움직여라,2021. 3. 26. 3:55,full-text,,36639e8d418b8a65b8435d166bb2d61b9fe3a3c806cfc2ae83f2aed16447bf6f,1
222301233207,https://blog.naver.com/PostView.naver?blogId=agapeuni&logNo=222301233207&categoryNo=1213,"[독서-568] 나는 죽을 때까지 나답게 살기로 했다 - 강점, 약점",2021. 4. 7. 1:46,full-text,,e4973c8677cb7ccbc0e7de63df92d331522bbf26082d1875487e6ca869df9acc,1
222303440876,https://blog.naver.com/PostView.naver?blogId=agapeuni&logNo=222303440876&categoryNo=1213,[독서-569] 당신이 숨기고 있는 것들 - 무의식의 힘,2021. 4. 8. 23:04,full-text,,773eb0560e29193a9e2eac505ed35d4dbf25ce70f640f4bfe373bad9ced58999,1
222305057045,https://blog.naver.com/PostView.naver?blogId=agapeuni&logNo=222305057045&categoryNo=1213,[독서-570] 소셜 오가니즘 - 디지털 생태계의 거대한 지각변동,2021. 4. 10. 12:27,full-text,,76596743ca49afbb5855c1795064736b5b9bed8cc5ea959c459299f77b64ef51,1
222313765737,https://blog.naver.com/PostView.naver?blogId=agapeuni&logNo=222313765737&categoryNo=1213,"[독서-571] 파이썬 마이크로서비스 - 개발, 배포, 확장까지",2021. 4. 17. 23:53,full-text,,03ad0039de15d18a67b6d80e6f50772381b6da58540e891a028cae317a975a1c,1
222314536089,https://blog.naver.com/PostView.naver?blogId=agapeuni&logNo=222314536089&categoryNo=1213,[독서-572] IT 업계에서 살아남기 - 실무자를 위한 생존 경쟁,2021. 4. 18. 20:06,full-text,,8467a365e853f40de78b28f333a90864dbbc43b94e439d2491fe8e689689f1f5,1
222316138009,https://blog.naver.com/PostView.naver?blogId=agapeuni&logNo=222316138009&categoryNo=1213,[독서-573] 나는 균형 있게 살기로 결심했다 - 균형의 힘,2021. 4. 20. 1:54,full-text,,79ab483266e3d4c5e16809102aacc3935f14794bc94412c3750569e39db847e6,1
222321454453,https://blog.naver.com/PostView.naver?blogId=agapeuni&logNo=222321454453&categoryNo=1213,[독서-574] 4차혁명 표류기 - 스마트한 시대를 생존하다,2021. 4. 24. 16:24,full-text,,dd18d657cc1a39c895c792c0167592c69c1b7d99e3cf2f09de74933764de5c91,1
222322706244,https://blog.naver.com/PostView.naver?blogId=agapeuni&logNo=222322706244&categoryNo=1213,[독서-575] 개발자를 위한 파이썬 - 실무를 위한 개발자 맞춤,2021. 4. 25. 20:23,full-text,,093dd548f1a8e9afa082078c36ba16603c724a276037e3a8cbf286f001892642,1
222324350102,https://blog.naver.com/PostView.naver?blogId=agapeuni&logNo=222324350102&categoryNo=1213,[독서-576] Do it! 점프 투 파이썬 - 문과생도 쉽게 배운다!,2021. 4. 27. 3:17,full-text,,0b19a9dad47e24f7f8b80c6b51ee8df5adffa104cfe5745a3d10c4e7864b14d3,1
222325608874,https://blog.naver.com/PostView.naver?blogId=agapeuni&logNo=222325608874&categoryNo=1213,"[독서-577] 팀 개발을 위한 Git · GitHub 시작하기 - GUI, CLI",2021. 4. 28. 2:19,full-text,,a8d37b9d99202a8d8c4bc9e402a38442a86b932b5df3b3c45f3ce5619941f008,1
222329437992,https://blog.naver.com/PostView.naver?blogId=agapeuni&logNo=222329437992&categoryNo=1213,[독서-578] 혼돈의 시대 - 팬데믹 이후 10년을 통찰하다,2021. 4. 30. 23:29,full-text,,ed4e5beb1b419db8f3824262ad1c502526e3f7a7a3878cbe66eeca196c24a5b2,1
222336756121,https://blog.naver.com/PostView.naver?blogId=agapeuni&logNo=222336756121&categoryNo=1213,"[독서-579] 서른살, 비트코인으로 퇴사합니다 - 경제적 자유",2021. 5. 4. 2:50,full-text,,83b6c29befeb99cd5e5d341b25110d586a068c54bb2ef6a9ab0f813f8b358475,1
222340586194,https://blog.naver.com/PostView.naver?blogId=agapeuni&logNo=222340586194&categoryNo=1213,[독서-580] 어떤 생각이 평범한 사람을 최고로 만드는가?,2021. 5. 6. 21:16,full-text,,5933cad8384be199f3c45eda36bda15f546b154e8b8a475cb8623ad8b8cec32b,1
222347056553,https://blog.naver.com/PostView.naver?blogId=agapeuni&logNo=222347056553&categoryNo=1213,[독서-581] 거래소 - 현대 주식시장의 메커니즘을 밝히다,2021. 5. 11. 22:17,full-text,,dfacd4f4c83cb4f16bca6fd8d1dc10406fddcc746502745246efc8e5787fe0d7,1
222362769367,https://blog.naver.com/PostView.naver?blogId=agapeuni&logNo=222362769367&categoryNo=1213,[독서-582] 월급탈출 로드맵 - 진짜 부자로 가는 공부,2021. 5. 23. 18:40,full-text,,3195c286851da4f88d2fef3e1cc5e09f3cac30e97e85f9c27d3a86ca77be8bfd,1
222396516399,https://blog.naver.com/PostView.naver?blogId=agapeuni&logNo=222396516399&categoryNo=1213,[독서-583] 바이오 사이언스 2025 - 이제 100세도 짧다,2021. 6. 13. 17:34,full-text,,e43a34dcfe6a4dd8711f5e74fa4a38c4f7576af2ac87f31652badbd6399e0578,1
222397256900,https://blog.naver.com/PostView.naver?blogId=agapeuni&logNo=222397256900&categoryNo=1213,[독서-584] 의사가 되려고요 - 한 청년의 365일 인턴일지,2021. 6. 14. 8:10,full-text,,959c9d417ecec08e80196ad5f280d46036c58e8ebd1052e4ff4578c478a73b00,1
222401612073,https://blog.naver.com/PostView.naver?blogId=agapeuni&logNo=222401612073&categoryNo=1213,[독서-585] gRPC 시작에서 운영까지 - 애플리케이션 구축,2021. 6. 17. 22:42,full-text,,06ca0e12422554b3d243f1291c25267b60a9eb2da780d55f1bdbee01ac151051,1
222403705609,https://blog.naver.com/PostView.naver?blogId=agapeuni&logNo=222403705609&categoryNo=1213,[독서-586] 착각하게 하는 힘 - 타인을 조종하는 생각의 기술,2021. 6. 20. 2:51,full-text,,a7219af3c52bb1fdf6f97ec451b4ed09c8a37588f4d2deabc288520565322e30,1
222411680445,https://blog.naver.com/PostView.naver?blogId=agapeuni&logNo=222411680445&categoryNo=1213,[독서-587] 임성배의 청약의 시간 - 당첨의 시간이 온다,2021. 6. 27. 12:55,full-text,,329dc7d1d6a8086ac2ffbbbdcc0ce2341b67ca9ffd3a9c0e88f5823039d52522,1
222413390642,https://blog.naver.com/PostView.naver?blogId=agapeuni&logNo=222413390642&categoryNo=1213,[독서-588] 수학과 함께하는 AI 기초 - EBS 방송교재,2021. 6. 28. 22:10,full-text,,464b703120748e86e177fa826539c6b1728aeded672e3cfc0f9c0a6c34cf434e,1
222413523138,https://blog.naver.com/PostView.naver?blogId=agapeuni&logNo=222413523138&categoryNo=1213,[독서-589] 나는 환상을 믿습니다 - 삶과 사역이 극적 변환,2021. 6. 29. 0:31,full-text,,a74a3dd91490b597dd7bcb978b8efe7ee02f41569bb298878ee5d4dfdb401013,1
222414808903,https://blog.naver.com/PostView.naver?blogId=agapeuni&logNo=222414808903&categoryNo=1213,[독서-590] 비즈니스 블록체인 - 인터넷 혁명과 비즈니스 기회,2021. 6. 30. 2:38,full-text,,54cddf47b1dd859ccff40725fe13bb23c2b988657f15558f799d4846a1bbe954,1
222434349407,https://blog.naver.com/PostView.naver?blogId=agapeuni&logNo=222434349407&categoryNo=1213,포토리딩 - 읽을 것이 넘치는 시대에 필요한 독서법,2021. 7. 17. 1:42,full-text,,5bad81a6110359b1d35e4d22d8fdbc0bb0bb9fd5d47784fffe800208e31ac17d,1
222435000283,https://blog.naver.com/PostView.naver?blogId=agapeuni&logNo=222435000283&categoryNo=1213,[독서-591] AI 피보팅 - AI는 어떻게 기업을 살리는가,2021. 7. 17. 17:30,full-text,,752e93f10cdbae50eb4fc0946365f0119222475008d802c5c5b1e8244deba7df,1
222436183215,https://blog.naver.com/PostView.naver?blogId=agapeuni&logNo=222436183215&categoryNo=1213,[독서-592] 파이썬 딥러닝 텐서플로 - 딥러닝 프레임워크,2021. 7. 18. 19:19,full-text,,e64eae1fbbee810b9e545d4e88a6787b4d7a0ff008eff7de2a52fa3bead4728e,1
222439035018,https://blog.naver.com/PostView.naver?blogId=agapeuni&logNo=222439035018&categoryNo=1213,지식의 연결 - 같은 주제의 책을 여러 권 읽으면 사고력이 깊어진다,2021. 7. 21. 0:09,full-text,,4ddbcb3815aa7e7274749063dc42994f0c37c5efe02439b8cb37b0fdcec32d50,1
222444315290,https://blog.naver.com/PostView.naver?blogId=agapeuni&logNo=222444315290&categoryNo=1213,[독서-593] 자기혁명 독서법 - 독서로 뭐든 하는 사람으로,2021. 7. 24. 22:30,full-text,,6d8336c766403f1eea65314cf0df7245039da2420daac4b9031b598e73a7ad2b,1
222448832060,https://blog.naver.com/PostView.naver?blogId=agapeuni&logNo=222448832060&categoryNo=1213,[독서-594] 나는 매일 책을 읽기로 했다 - 작가로 만든 습관,2021. 7. 28. 19:48,full-text,,703756e1ed8d88df3a7941ede2cdc56554f3c6e8df81426d04f02b22d9fe8fe8,1
222453605893,https://blog.naver.com/PostView.naver?blogId=agapeuni&logNo=222453605893&categoryNo=1213,[독서-595] 너는 내 것이라 - 디지털 세대를 위한 바른 성교육,2021. 8. 1. 21:57,full-text,,460f8f15dc3ac0a3b62ac4b398290c52231b0486e7d5c7f0b24999919fc82b8c,1
222454811349,https://blog.naver.com/PostView.naver?blogId=agapeuni&logNo=222454811349&categoryNo=1213,[독서-596] 여자들만 위하여 - 남자들의 내면세계를 알고 싶은,2021. 8. 2. 23:13,full-text,,4dc653e778f6ff6d30e3ead90403c53a84d21d3e64125dcbdbad5c3795478da7,1
222455675713,https://blog.naver.com/PostView.naver?blogId=agapeuni&logNo=222455675713&categoryNo=1213,[독서-597] 남자들만 위하여 - 여자들의 내면세계를 알고 싶은 (8점),2021. 8. 3. 16:52,full-text,,63747546879a46538f15f075fc16e34297e483addfcdef77bf793a7fe2175953,1
222457220170,https://blog.naver.com/PostView.naver?blogId=agapeuni&logNo=222457220170&categoryNo=1213,[독서-598] 남자의 전쟁 - 모든 남자의 참을 수 없는 유혹,2021. 8. 4. 23:23,full-text,,35313d9266f294d64b492664746a49da94cf1d4f3afc17d7eaaf4df96835be28,1
222458533775,https://blog.naver.com/PostView.naver?blogId=agapeuni&logNo=222458533775&categoryNo=1213,[독서-599] 미래의 부 - 돈은 어떤 모습으로 다가오는가,2021. 8. 5. 22:54,full-text,,c068d38daa1034613f94609f8f2192bf6faf046e1930695d51f807b542602a11,1
222462023420,https://blog.naver.com/PostView.naver?blogId=agapeuni&logNo=222462023420&categoryNo=1213,"[독서-600] 혼돈의 시대, 경제의 미래 - 경제 박사의 경제 강의",2021. 8. 8. 20:52,full-text,,d86763684a47d50a717a640dfb3f6764f929ba99ab23ad4624493dfe4ef8b957,1
222463752354,https://blog.naver.com/PostView.naver?blogId=agapeuni&logNo=222463752354&categoryNo=1213,[독서-601] 남자 독립 선언서 - 중년 실직 서바이벌 매뉴얼,2021. 8. 10. 4:14,full-text,,150848ac7780a6bef526a815feb97e22e2f4ea804a9959893db079f393566536,1
222471719863,https://blog.naver.com/PostView.naver?blogId=agapeuni&logNo=222471719863&categoryNo=1213,[독서-602] 다만 죽음을 곁에 두고 씁니다 - 삶의 이야기,2021. 8. 16. 0:05,full-text,,dc8393649b0809a67edfa5bd3da2244e1d78ef97b6cf9eb23716ad08ab7a7a94,1
222484798781,https://blog.naver.com/PostView.naver?blogId=agapeuni&logNo=222484798781&categoryNo=1213,[독서-603] 피코 델라 미란돌라 - 인간 존엄성에 대한 연설,2021. 8. 26. 20:42,full-text,,85c27ec052a8d4de93d361ac08a4434252eb9b24d1c34cb36918a2601f1fdf01,1
222486652912,https://blog.naver.com/PostView.naver?blogId=agapeuni&logNo=222486652912&categoryNo=1213,[독서-604] 이스라엘 팔레스타인으로 가는 길 - 세계문명산책,2021. 8. 28. 13:35,full-text,,3fa590748560da0181b745bd80c442bfadad304b0ad504680bdfe495e1a3d4ed,1
222488448709,https://blog.naver.com/PostView.naver?blogId=agapeuni&logNo=222488448709&categoryNo=1213,[독서-605] 이스라엘 - 평화가 사라져버린 성서의 나라,2021. 8. 30. 2:34,full-text,,a020674f2b7795000323952306dbc559cb770f0f818d67cf003cce8305335cbd,1
222489446557,https://blog.naver.com/PostView.naver?blogId=agapeuni&logNo=222489446557&categoryNo=1213,[독서-606] 디지털 시대에 살아남는 IT 지식 - 누구나 읽는다,2021. 8. 30. 22:03,full-text,,65a0f9c7de202044c850d3edf77b7a03cae35b6d61cb758fcc29fd69b2572ac7,1
222491941313,https://blog.naver.com/PostView.naver?blogId=agapeuni&logNo=222491941313&categoryNo=1213,[독서-607] 너는 절대 잘못될 일 없어 - 양자도약 인사이트,2021. 9. 1. 22:55,full-text,,33bf47fcfc905479cf12fc11e556e5055d0cb8b4e7a562851208e6ae33a9742b,1
222497241750,https://blog.naver.com/PostView.naver?blogId=agapeuni&logNo=222497241750&categoryNo=1213,[독서-608] 나는 당신이 N잡러가 되었으면 좋겠습니다,2021. 9. 6. 21:37,full-text,,3480ed325865e1e8bbf84bc042856f8d9fd508d8209e8bd9a92808a823009f70,1
222497557059,https://blog.naver.com/PostView.naver?blogId=agapeuni&logNo=222497557059&categoryNo=1213,[독서-609] 더 스타트 - 나를 완성하는 시작의 힘,2021. 9. 7. 4:01,full-text,,8b7b10fe0efc89cd015fd41672e78aa06804b01396597990fd5cb09a78c63704,1
222499603586,https://blog.naver.com/PostView.naver?blogId=agapeuni&logNo=222499603586&categoryNo=1213,[독서-610] AI 시대의 일자리 트렌드 - 당신의 일자리는?,2021. 9. 8. 21:04,full-text,,6f620368215245e7b94de19d6d9e62d2bbac5ea524643fe59ee45c4d5c31a376,1
222500909859,https://blog.naver.com/PostView.naver?blogId=agapeuni&logNo=222500909859&categoryNo=1213,[독서-611] 성경으로 바라본 정신질환 - 쉽지 않은 이야기,2021. 9. 9. 23:06,full-text,,9f6559565a93b02c83e36123dda1ff97bb459e98cb1a0f37683c33c9f18b1723,1
222502736670,https://blog.naver.com/PostView.naver?blogId=agapeuni&logNo=222502736670&categoryNo=1213,[독서-612] NFT 레볼루션 - 메타버스의 새로운 경제 생태계,2021. 9. 11. 22:20,full-text,,5a4989aa2d4549ea72b85bdc5a363fa5670aa06d7c8a09d6dfd3030397658728,1
222504715423,https://blog.naver.com/PostView.naver?blogId=agapeuni&logNo=222504715423&categoryNo=1213,[독서-613] 애프터 코로나 비즈니스 4.0 - 플랫폼과 콘텐츠,2021. 9. 13. 23:08,full-text,,d08d0b7beb438aa7cc2b622e88790038c10d40e5ae5b71813be55b335c36f424,1
222510017223,https://blog.naver.com/PostView.naver?blogId=agapeuni&logNo=222510017223&categoryNo=1213,[독서-614] 누구나 쉽게 따라하는 인공지능 - 생활밀착 입문서,2021. 9. 18. 18:29,full-text,,322c4059941af8f55e544db83a205710bc7ecda60e7279512df4c29e71c2baeb,1
222514059192,https://blog.naver.com/PostView.naver?blogId=agapeuni&logNo=222514059192&categoryNo=1213,[독서-615] 영의 기도 - 심령을 만지는 성령의 도우심,2021. 9. 23. 12:36,full-text,,597529055ffcd0ef0df25f1ced5106f2df7aa3653cb823d011da8f2ecde0974a,1
222516532402,https://blog.naver.com/PostView.naver?blogId=agapeuni&logNo=222516532402&categoryNo=1213,[독서-616] 위대한 기업의 2030 미래 시나리오 - 9가지 전략,2021. 9. 25. 16:48,full-text,,0d95c79873eaa60f5bfbdb9dd4fcc4af1cebb357af60318916a74beeff4f3f1f,1
222519983049,https://blog.naver.com/PostView.naver?blogId=agapeuni&logNo=222519983049&categoryNo=1213,[독서-617] 디지털 트랜스포메이션 마케팅 - 고객 가치 디자인,2021. 9. 28. 22:10,full-text,,7d8376618ab4d9266d2b299e7775fd8d9006a18ebe41aad2faf23c3ae11da7b4,1
222529248342,https://blog.naver.com/PostView.naver?blogId=agapeuni&logNo=222529248342&categoryNo=1213,[독서-618] 1일 1줄 일기 - 인생을 바꾸는 글쓰기의 힘,2021. 10. 7. 2:49,full-text,,903292dee419e8254e291d38976b22c82847920691e4efd1c7d55898630ba273,1
222531848988,https://blog.naver.com/PostView.naver?blogId=agapeuni&logNo=222531848988&categoryNo=1213,[독서-619] 단 1줄로 사로잡는 전달의 법칙 - 전달의 노하우,2021. 10. 9. 14:48,full-text,,18d30f67761289dcede62c8ef0e28d5cf32c959aa13f1046189b13baf5e42e94,1
222545715867,https://blog.naver.com/PostView.naver?blogId=agapeuni&logNo=222545715867&categoryNo=1213,[독서-620] 팔리는 책쓰기 망하는 책쓰기 - 기획과 마인드 편,2021. 10. 23. 12:16,full-text,,47ebfcd317c82f35aad8f7ae36d0720a04dea2d7ad6f1d0f11b6b1e3413287f0,1
222545775350,https://blog.naver.com/PostView.naver?blogId=agapeuni&logNo=222545775350&categoryNo=1213,[독서-621] 팔리는 책쓰기 망하는 책쓰기 - 실전 테크닉 편,2021. 10. 23. 13:41,full-text,,081c01e9d5535a3149a7d75d279a6ad73e84e4ae19e51533cf8c61b5682c5346,1
222545934636,https://blog.naver.com/PostView.naver?blogId=agapeuni&logNo=222545934636&categoryNo=1213,[독서-622] 혼자 공부하는 머신러닝 + 딥러닝 - 추천 교재,2021. 10. 23. 17:30,full-text,,c5f6121bc6e16984440fda25dfc9ba68ca0fb7b8397fbf04c445303aa9481bd2,1
222551051874,https://blog.naver.com/PostView.naver?blogId=agapeuni&logNo=222551051874&categoryNo=1213,[독서-623] 웹소설 써서 먹고삽니다 - 빵무늬 작가 작법 수업,2021. 10. 28. 12:09,full-text,,951fd73480786581af9e72aa12b09f3812a3862d041f01f103ff87c8aef4ea00,1
222569934244,https://blog.naver.com/PostView.naver?blogId=agapeuni&logNo=222569934244&categoryNo=1213,[독서-624] 나는 메타버스에 살기로 했다 - MZ세대의 생활기,2021. 11. 16. 16:05,full-text,,0c9eeb8ddef69dc55c6d2dd775129af3fbae476c403b17c409ca3852aea9862b,1
222575838175,https://blog.naver.com/PostView.naver?blogId=agapeuni&logNo=222575838175&categoryNo=1213,[독서-625] 비트코인 초보자가 가장 알고 싶은 최다 질문,2021. 11. 22. 22:05,full-text,,432093ef4b770fe29db6ab494dbf9fea4e095f8a03bf096a297225223110c503,1
222586384884,https://blog.naver.com/PostView.naver?blogId=agapeuni&logNo=222586384884&categoryNo=1213,[독서-626] 파이썬아 반가워! - 20일 안에 끝내는 코딩,2021. 12. 4. 4:07,full-text,,38f7547806d8e73a731ef9eb7f032fe4e926d11a1dd88fc80cc5abafac3fd55a,1
222588556182,https://blog.naver.com/PostView.naver?blogId=agapeuni&logNo=222588556182&categoryNo=1213,"[독서-627] SNS 광고 영상을 위한 프리미어 프로 - 기획, 편집",2021. 12. 6. 23:29,full-text,,9c90bf9b969a21230d00a95edc9a69d397c169d5e038e90d3c99b79efc0a904f,1
222590659998,https://blog.naver.com/PostView.naver?blogId=agapeuni&logNo=222590659998&categoryNo=1213,[독서-628] 메타버스란 무엇인가 - 메타버스 리얼스토리,2021. 12. 9. 8:06,full-text,,d63cf75169b730a1e720cf361d2c6e23bbd76dcbaa000f0ec56c99116b0c5a5c,1
222595624597,https://blog.naver.com/PostView.naver?blogId=agapeuni&logNo=222595624597&categoryNo=1213,[독서-629] 운이 복리처럼 쌓이는 사람들의 습관 - 성공 습관,2021. 12. 14. 22:52,full-text,,bba794bb5f85ed4fde76c06a1e03cf3a267f50c966eeeb331b29ef144ba2b4e1,1
222598827501,https://blog.naver.com/PostView.naver?blogId=agapeuni&logNo=222598827501&categoryNo=1213,[독서-630] 아들과 싸우지 않는 엄마의 비밀 - 사춘기 대처법,2021. 12. 18. 22:19,full-text,,67d5839e2b404d21ec07a7b3d74975bd437fd85615d733f9e89438cba70d6d01,1
222599679781,https://blog.naver.com/PostView.naver?blogId=agapeuni&logNo=222599679781&categoryNo=1213,[독서-631] 성공한 사람들의 기상 후 1시간 - 모닝 루틴,2021. 12. 20. 4:57,full-text,,5341fe3356c3f703a628de3a874b0a5cb9c05389f8e7c0fb0de102d3f8157d48,1
222599695750,https://blog.naver.com/PostView.naver?blogId=agapeuni&logNo=222599695750&categoryNo=1213,[독서-632] 개발자를 위한 스타트업 - 코딩 대신 창업한다,2021. 12. 20. 6:30,full-text,,6d989a6db6ccb227255ebe39003c5dd3dc015ad9f134d48740a6645232507446,1
222600352283,https://blog.naver.com/PostView.naver?blogId=agapeuni&logNo=222600352283&categoryNo=1213,[독서-633] 천 번의 죽음이 내게 알려준 것들 - 삶과 죽음,2021. 12. 20. 21:27,full-text,,79092f79522ec7eccd4dc9ffc52c3064b5f3f267a854fa84c5072614230322db,1
222609024723,https://blog.naver.com/PostView.naver?blogId=agapeuni&logNo=222609024723&categoryNo=1213,[독서-634] 성령과 기질 - 완전 개정 증보판,2021. 12. 31. 1:41,full-text,,fb3de285892bb454ccdac73d7bcaab05290188ab5fedf3a325684cefcd7512a1,1
222616511206,https://blog.naver.com/PostView.naver?blogId=agapeuni&logNo=222616511206&categoryNo=1213,[독서-635] 인공지능이 비즈니스 모델이 되기까지,2022. 1. 8. 21:47,full-text,,7a62d8973d5e2ffafe689bc28f34c68779b5baf981fc02da81f8809d6861396d,1
222619306845,https://blog.naver.com/PostView.naver?blogId=agapeuni&logNo=222619306845&categoryNo=1213,[독서-636] 3040 초돌파력 - 모든 문제를 돌파하고 싶은가?,2022. 1. 12. 0:22,full-text,,9885cf48919f0f98b1e3c5d6844b3ef047d6b1851a2ff44a997d44cf1589f900,1
222620223813,https://blog.naver.com/PostView.naver?blogId=agapeuni&logNo=222620223813&categoryNo=1213,[독서-637] 진짜 하루만에 끝내는 이모티콘 - 원데이 클래스,2022. 1. 12. 23:43,full-text,,788c869ee3b8707909408c4e02cc038ffd24f1a9dad7804c244f1072928e0737,1
222620335503,https://blog.naver.com/PostView.naver?blogId=agapeuni&logNo=222620335503&categoryNo=1213,[독서-638] 카카오톡 이모티콘 만들기 - 누구나 사용하는,2022. 1. 13. 3:44,full-text,,858d40a709651d234f334531fba14bb895e43d0ec7c60c6dde0c7fd5174a8c84,1
222622037574,https://blog.naver.com/PostView.naver?blogId=agapeuni&logNo=222622037574&categoryNo=1213,[독서-639] 인생 4막 은퇴란 없다 - 언제나 빛나는 인생,2022. 1. 14. 22:52,full-text,,21b3afa1a979d061ab303d15582330e26b730b64c752a4332dc4592ea0a7673b,1
222626996614,https://blog.naver.com/PostView.naver?blogId=agapeuni&logNo=222626996614&categoryNo=1213,[독서-640] 10년 후 100배 오를 암호화폐에 투자하라,2022. 1. 20. 19:06,full-text,,1a7a63cf7acccd94af4d86292420b408c077ea716bd8068828cdf561e99d6a85,1
222630918837,https://blog.naver.com/PostView.naver?blogId=agapeuni&logNo=222630918837&categoryNo=1213,[독서-641] 넌 내가 책임진다 - 망하지 않는 인생,2022. 1. 25. 14:34,full-text,,28c4069a4081c4291d9f7ae9e4be0ecf2c6e2a88cb907087e7b8e1e6440741b5,1
222633159267,https://blog.naver.com/PostView.naver?blogId=agapeuni&logNo=222633159267&categoryNo=1213,"[독서-642] 지식재산, 가치를 담다 - 디지털 대전환",2022. 1. 27. 22:01,full-text,,cf51966c0cf9ea594c1c32ab3f3acc762eb27a72874b1aa09cbb9430e883fe5c,1
222638144742,https://blog.naver.com/PostView.naver?blogId=agapeuni&logNo=222638144742&categoryNo=1213,[독서-643] 당신이 살았던 날들 - 죽음 뒤에도 살아남는 것들,2022. 2. 3. 21:27,full-text,,d55671d169a01935889c2e854b77c492e0cc01050f5ea413ca51b3ea667fa6eb,1
222639131126,https://blog.naver.com/PostView.naver?blogId=agapeuni&logNo=222639131126&categoryNo=1213,"[독서-644] R로 하는 빅 데이터 분석 - 데이터 전처리, 시각화",2022. 2. 4. 22:45,full-text,,db77fbdb1d2310604a12e5feb669ac725836608582b90bda2a25e3dc88e10449,1
222647803351,https://blog.naver.com/PostView.naver?blogId=agapeuni&logNo=222647803351&categoryNo=1213,[독서-645] 파이썬 데이터 분석 입문 - 엑셀의 한계를 넘어서,2022. 2. 15. 0:59,full-text,,071dea4447c00b28b9381713c1c50bf7ab6774bb6cb3d1bf7015c0fd8b327d92,1
222647830349,https://blog.naver.com/PostView.naver?blogId=agapeuni&logNo=222647830349&categoryNo=1213,[독서-646] 멘사코리아 논리 트레이닝 - IQ 148을 위한,2022. 2. 15. 1:57,full-text,,8b6e66cceb82a3acb6e060b24e841b82decbfd6d109b4cd6929487f9a3e19792,1
222648801389,https://blog.naver.com/PostView.naver?blogId=agapeuni&logNo=222648801389&categoryNo=1213,[독서-647] 헬로! 인공지능 생활코딩 머신러닝 - AI 첫걸음,2022. 2. 16. 2:07,full-text,,2e4b2d794cccdd21534d875181dc3a928c8f00f364fa037ce59c50b878c3fb50,1
222650522063,https://blog.naver.com/PostView.naver?blogId=agapeuni&logNo=222650522063&categoryNo=1213,[독서-648] 헬로! 인공지능 생활코딩 머신러닝 - 오렌지3 (7점),2022. 2. 17. 21:30,full-text,,5c0fb397a74ffcc9a7c2183f179c1f95be13b10893bcd99ca583b27a158b79f9,1
222652132299,https://blog.naver.com/PostView.naver?blogId=agapeuni&logNo=222652132299&categoryNo=1213,[독서-649] 100조를 움직이는 사람들 - 자본시장과 투자 미래,2022. 2. 19. 20:19,full-text,,70fc93fb7146a12d8e7fd986a276201bab535b5a5596839cc5e95d0bdfdc7eea,1
222658612953,https://blog.naver.com/PostView.naver?blogId=agapeuni&logNo=222658612953&categoryNo=1213,[독서-650] 사이언스 픽션 - 과학은 어떻게 추락하게 되는가,2022. 2. 26. 19:52,full-text,,8439549b6ede53c08169cafb3d59f1659ba2dbfef4ae1f35543e90ba59060ed6,1
222665338754,https://blog.naver.com/PostView.naver?blogId=agapeuni&logNo=222665338754&categoryNo=1213,[독서-651] 세상을 발칵 뒤집어 놓은 IT의 역사 - IT 혁신가,2022. 3. 6. 17:00,full-text,,8565dd9a10355d78345e0c13b5b35c6083e8f434bf078a1a1d2e3fa21c53024b,1
222674676272,https://blog.naver.com/PostView.naver?blogId=agapeuni&logNo=222674676272&categoryNo=1213,[독서-652] 결단의 힘 - 결정하지 않으면 남에 의해 결정된다,2022. 3. 16. 21:37,full-text,,45679d61d7d7342607f250e6071f9b3eacff7ffa96ab2ba826b017cea2067ca6,1
222675663527,https://blog.naver.com/PostView.naver?blogId=agapeuni&logNo=222675663527&categoryNo=1213,[독서-653] 오늘 나는 다시 태어났다 - 새로운 생각의 시작,2022. 3. 17. 21:23,full-text,,c731163c51b2da7992f452651e86626e421790cedcf62236c8ad6a397e24b3be,1
222677584649,https://blog.naver.com/PostView.naver?blogId=agapeuni&logNo=222677584649&categoryNo=1213,[독서-654] 죽을 때까지 코딩하며 사는 법 - 프로그래머의 길,2022. 3. 20. 1:39,full-text,,b3f60cd0c8af7ab4406d4c5af6e7063bfdf2dedc12ce36f974294fafad48883a,1
222679403277,https://blog.naver.com/PostView.naver?blogId=agapeuni&logNo=222679403277&categoryNo=1213,[독서-655] 예비 작가를 위한 출판백서 - 책 출간의 모든 것,2022. 3. 22. 4:24,full-text,,cc561f08e73b3a635760b0eefb059d192a083fd40b3af84a991b9512eff3677b,1
222681635961,https://blog.naver.com/PostView.naver?blogId=agapeuni&logNo=222681635961&categoryNo=1213,[독서-656] 4차 산업혁명 시대 IT 트렌드 따라잡기,2022. 3. 24. 13:05,full-text,,89144ba19c6bdcb392d7afe7cbb69bab119559a9bbf4f20d4c58eb6a2c93d20b,1
222683512597,https://blog.naver.com/PostView.naver?blogId=agapeuni&logNo=222683512597&categoryNo=1213,[독서-657] 메타 리치의 시대 - 메타버스와 NFT에 투자,2022. 3. 26. 15:23,full-text,,12394c4d6f96012d9add58de108e3506a082118bc8fbfcda8a946b23598caed2,1
222683872872,https://blog.naver.com/PostView.naver?blogId=agapeuni&logNo=222683872872&categoryNo=1213,[독서-658] 의미 있는 대화를 나누는 방법 - 7가지 중요 전략,2022. 3. 27. 0:25,full-text,,6aaf70f8bd3accd37c3b4669b8cdf3bc8526159793bc2938da251bc77f8ffcf6,1
222685653507,https://blog.naver.com/PostView.naver?blogId=agapeuni&logNo=222685653507&categoryNo=1213,[독서-659] 빅테크가 바꿀 부의 지도 - 한 권으로 빅테크 수업,2022. 3. 29. 4:12,full-text,,15c8c9e22fdc7ee399b2b5443fec8d6b3a6575d78bdaa0f7d9075013d4bc4ced,1
222688447112,https://blog.naver.com/PostView.naver?blogId=agapeuni&logNo=222688447112&categoryNo=1213,[독서-660] 세상의 모든 돈이 사라진다면 - 전자화폐의 미래,2022. 4. 1. 0:27,full-text,,1e8ef47fbd85f47b16e1e705fd9560eab312d32181c0506adfe4986985c1b648,1
222694904535,https://blog.naver.com/PostView.naver?blogId=agapeuni&logNo=222694904535&categoryNo=1213,[독서-661] 다빈치 코딩 - 미래를 바꾸는 실전 코딩 전략,2022. 4. 8. 8:23,full-text,,265e747fac378026c6789f6e02a8f1d7420030b612c2d507d1218484f4dcbc8d,1
222695466391,https://blog.naver.com/PostView.naver?blogId=agapeuni&logNo=222695466391&categoryNo=1213,"[독서-662] 내 삶을 살자, 지금을 살자 - 불안 잠재우는 방법",2022. 4. 8. 19:28,full-text,,c8e1fa18cf33ae3ad91eed22fc2a7fbec617932800c36ceccb64f8b935986b42,1
222698097172,https://blog.naver.com/PostView.naver?blogId=agapeuni&logNo=222698097172&categoryNo=1213,"[독서-663] 메타버스, 이미 시작된 미래 - 또 하나의 세상",2022. 4. 12. 0:05,full-text,,0685a208618261842613fe4e1bc2b7323771d13ad3918890bb1a7e4142ebecfe,1
222700880613,https://blog.naver.com/PostView.naver?blogId=agapeuni&logNo=222700880613&categoryNo=1213,"[독서-664] 암호화폐와 NFT, 무엇이 문제일까? - 가상자산",2022. 4. 14. 19:16,full-text,,7ad5cc5787e482782b7f14c1d310641284bd2bfe15ae32ad781f9cc21de61f15,1
222702621169,https://blog.naver.com/PostView.naver?blogId=agapeuni&logNo=222702621169&categoryNo=1213,[독서-665] 문학책 만드는 법 - 원고가 작품이 될 때까지,2022. 4. 16. 19:57,full-text,,e69a152a56fb65bb013804442d786b38472649e044e142744222b3c28a6b2f82,1
222702671721,https://blog.naver.com/PostView.naver?blogId=agapeuni&logNo=222702671721&categoryNo=1213,[독서-666] 맛있는 디자인 애프터 이펙트 CC 2022,2022. 4. 16. 21:06,full-text,,e7ca55d57653db3d9719e68afa1a4ad794f6137b13b50be5d62613624c1c444d,1
222705705498,https://blog.naver.com/PostView.naver?blogId=agapeuni&logNo=222705705498&categoryNo=1213,"[독서-667] 블록체인 개념구축 - 비트코인, 암호화폐 소개",2022. 4. 19. 23:52,full-text,,64763548ec902e96b0ce2b4f1060565fc765fe0c2d0d972ed66d0c50da4a99dc,1
222710639818,https://blog.naver.com/PostView.naver?blogId=agapeuni&logNo=222710639818&categoryNo=1213,[독서-668] 4차 산업혁명 시대 미래형 인재 자녀교육,2022. 4. 25. 10:54,full-text,,0c2a924d8688714e2e3a5f3ddfaa0d0f7974caf774edade609fb6736dc484e7a,1
222710695626,https://blog.naver.com/PostView.naver?blogId=agapeuni&logNo=222710695626&categoryNo=1213,[독서-669] 의사가 되는 골든타임 - 직업 공감 이야기,2022. 4. 25. 11:46,full-text,,56236aba4288c9e443c07b4c9f9061f29d00d8ee734ab791cbfb4127f0397c9b,1
222711287820,https://blog.naver.com/PostView.naver?blogId=agapeuni&logNo=222711287820&categoryNo=1213,[독서-670] 산책하시는 하나님 - 제주도 무인카페 산책,2022. 4. 25. 21:36,full-text,,9a5d5ed0bfbd4e41debd9d35da472d70f7be3ba4390158a740c26c15b6f8be06,1
222711485621,https://blog.naver.com/PostView.naver?blogId=agapeuni&logNo=222711485621&categoryNo=1213,[독서-671] 블록체인 프로젝트 - 기반 시스템 구축,2022. 4. 26. 1:10,full-text,,029b54b992ecdc866ce988807f372710d17ca441948cc87d2a71631edcbe760f,1
222712593378,https://blog.naver.com/PostView.naver?blogId=agapeuni&logNo=222712593378&categoryNo=1213,[독서-672] 처음 배우는 블록체인 - 블록체인 이론과 개발,2022. 4. 26. 22:57,full-text,,08eb8228330f53fed4569cd23b3035a99593cec9578775f44dd1f9c382e3c9b1,1
222714717280,https://blog.naver.com/PostView.naver?blogId=agapeuni&logNo=222714717280&categoryNo=1213,[독서-673] NFT 실체와 가치 - 메타버스 시대의 경제 생태계,2022. 4. 28. 20:33,full-text,,9db7322e360eeade92c5153334f3e6beddff870d0fa87ca34a9c3687e8807c4c,1
222716427952,https://blog.naver.com/PostView.naver?blogId=agapeuni&logNo=222716427952&categoryNo=1213,[독서-674] 살아남는 것들의 비밀 - 생존하는 기업의 전략,2022. 4. 30. 14:29,full-text,,36704a57e4e3545e0bb7fcea5777246eeb10566187f610cb175f1a800779e971,1
222717710666,https://blog.naver.com/PostView.naver?blogId=agapeuni&logNo=222717710666&categoryNo=1213,[독서-675] 그대가 꽃길이라 내가 꽃인 거예요 - 김서희 시집,2022. 5. 1. 22:46,full-text,,1e19669d1e4f16838d3622dccc8753eef87d7bd0e9c7e93e0994a55922424bb8,1
222718752600,https://blog.naver.com/PostView.naver?blogId=agapeuni&logNo=222718752600&categoryNo=1213,[독서-676] 블로그 포스팅 이기는 전략 - 꾸준히 오랫동안,2022. 5. 2. 20:57,full-text,,ea9ba20ea9e68c23a24615417e0189fee3318415076dc27b99e79d2e327aba86,1
222719064516,https://blog.naver.com/PostView.naver?blogId=agapeuni&logNo=222719064516&categoryNo=1213,[독서-677] 공부 잘하는 아이는 이런 습관이 있습니다,2022. 5. 3. 3:12,full-text,,f1929ea313d413491f62dd4f237ce1791b1bb6c94092c69d5d5c851db1996e37,1
222720056352,https://blog.naver.com/PostView.naver?blogId=agapeuni&logNo=222720056352&categoryNo=1213,[독서-678] 천재들은 파란색으로 기억된다 - 예술과 영감 사이,2022. 5. 3. 23:02,full-text,,1183bd7566ef582542dd33013b673fd78d697c68940afff7921dac9f539b4ad9,1
222721664393,https://blog.naver.com/PostView.naver?blogId=agapeuni&logNo=222721664393&categoryNo=1213,[독서-679] NFT로 부자되기 - NFT 투자의 모든 것,2022. 5. 5. 11:37,full-text,,bdc33231b152e57a22f0ad01147c25a4f30c6e6b308a12ba042e4d6609a114d7,1
222723451987,https://blog.naver.com/PostView.naver?blogId=agapeuni&logNo=222723451987&categoryNo=1213,[독서-680] 꿈이 자라는 방 - 상상 놀이터,2022. 5. 7. 3:38,full-text,,a6b93b1a0c4589715e674c87fc51e15f164595a0f9b1e8bd36e9917c1756e785,1
222724304198,https://blog.naver.com/PostView.naver?blogId=agapeuni&logNo=222724304198&categoryNo=1213,[독서-681] 로봇 인공지능 인기학과 진로코칭 - EBS 강사추천,2022. 5. 8. 1:02,full-text,,e291afc0cf21ba88acf44e2d6abc3238b34aa4ce1d6de417b045697e0419b93c,1
222724966114,https://blog.naver.com/PostView.naver?blogId=agapeuni&logNo=222724966114&categoryNo=1213,[독서-682] 디지털 부자가 꼭 알아야 할 NFT - NFT와 디파이,2022. 5. 8. 18:18,full-text,,4e2a3554042f8d5cbf13e6e234faf33a86a423ab2cb894db216b6b1e3b5d5205,1
222739303890,https://blog.naver.com/PostView.naver?blogId=agapeuni&logNo=222739303890&categoryNo=1213,[독서-683] 로블록스 점프앤 런타워 게임 만들기 - 초등용,2022. 5. 20. 6:04,full-text,,3297250657e175b065bd90dfa242d07a39e9d8b3a5e863155e3075f2911f8882,1
222739984800,https://blog.naver.com/PostView.naver?blogId=agapeuni&logNo=222739984800&categoryNo=1213,[독서-684] 죽음에 관하여 - 인생 시리즈,2022. 5. 20. 17:21,full-text,,77963e2b33c12bba553f640f46517f69260d2e8a01daa819bd0745073960986e,1
222744840425,https://blog.naver.com/PostView.naver?blogId=agapeuni&logNo=222744840425&categoryNo=1213,[독서-685] Do it! Vue.js 입문 - 실전 프로젝트로 완성,2022. 5. 24. 19:36,full-text,,ad76b4b6abc955dda335f0eeb417c0173aa01d4edda85712d7f7ecbf821a2dec,1
222751279742,https://blog.naver.com/PostView.naver?blogId=agapeuni&logNo=222751279742&categoryNo=1213,[독서-686] Vue.js 코딩공작소 - Vue.js in Action,2022. 5. 29. 19:11,full-text,,ee9ffa722aad4cfb6a08239b43d494ea239143d02504be69a6db848e16009ec6,1
222754210455,https://blog.naver.com/PostView.naver?blogId=agapeuni&logNo=222754210455&categoryNo=1213,[독서-687] 한국실용글쓰기 실제기출분석 - 국가공인자격,2022. 5. 31. 23:17,full-text,,0413c2addc8e43eeecf943d6d0904b77ef297a1965086ade35c8e140a9b64366,1
222754466362,https://blog.naver.com/PostView.naver?blogId=agapeuni&logNo=222754466362&categoryNo=1213,[독서-688] 뉴시티 교리문답 - 신앙을 굳건히 세워 줄 문답,2022. 6. 1. 4:09,full-text,,ca61145a48421ae17d1cbccededfcbd3fcbeaf5c3f9db323ad1ab202f89c10c6,1
222768956159,https://blog.naver.com/PostView.naver?blogId=agapeuni&logNo=222768956159&categoryNo=1213,"[독서-689] 오늘 밤, 세계에서 이 사랑이 사라진다 해도",2022. 6. 11. 19:38,full-text,,ad6ad232144c29e80f737c12505eef15ecd04ac50973f7af62a925225eb958a5,1
222774629033,https://blog.naver.com/PostView.naver?blogId=agapeuni&logNo=222774629033&categoryNo=1213,[독서-690] VR 메타버스 인기학과 진로코칭 - EBS 강사추천,2022. 6. 15. 21:58,full-text,,e9ac549994deda77107aac08b4c63cada36fe8442d681827f3ac9b77de9d8b5e,1
222775993551,https://blog.naver.com/PostView.naver?blogId=agapeuni&logNo=222775993551&categoryNo=1213,[독서-691] 이웃집 백만장자 - 푼돈이 모여 재산이 되는 비법,2022. 6. 16. 20:02,full-text,,bb4b809d6be1a18579370380e3af799ce7a4a76f7df3907cd177e15cf62f7724,1
222780422098,https://blog.naver.com/PostView.naver?blogId=agapeuni&logNo=222780422098&categoryNo=1213,[독서-692] 백견불여일타 Vue.js 입문 - 예제와 실습에 집중,2022. 6. 20. 4:17,full-text,,fd18b24307293f2dc89e812ec33d3a6d8d0548a9068bdddd89fc3f171f863d6c,1
222784733149,https://blog.naver.com/PostView.naver?blogId=agapeuni&logNo=222784733149&categoryNo=1213,[독서-693] 된다! NFT 메타버스 저작권 문제 해결,2022. 6. 22. 23:15,full-text,,1a1661f9d05d01bc284934f230d788401302234a707b65084afa3e015cac16f9,1
222800027225,https://blog.naver.com/PostView.naver?blogId=agapeuni&logNo=222800027225&categoryNo=1213,[독서-694] Practical 자바 유틸리티 - 프로그래밍 인사이트,2022. 7. 4. 19:25,full-text,,4886c8bfcfc4efa25835c9eeb31b3d948a69dbe8c9124f421aaba98aa0b68b36,1
222803920377,https://blog.naver.com/PostView.naver?blogId=agapeuni&logNo=222803920377&categoryNo=1213,[독서-695] 나의 첫 NFT 교과서 - NFT로 부자 될 기회,2022. 7. 7. 23:09,full-text,,db8ef3f2e350621278e2c3612144f9675f4752470b425894d837ef2a7210b881,1
222806693369,https://blog.naver.com/PostView.naver?blogId=agapeuni&logNo=222806693369&categoryNo=1213,[독서-696] Do it! 점프 투 플라스크 - 파이썬 웹 개발,2022. 7. 10. 23:34,full-text,,a72540a92ce35f0d94d642dc543ae5c9288471e1fe30d74d24a93a09d2cd5d8f,1
222809046759,https://blog.naver.com/PostView.naver?blogId=agapeuni&logNo=222809046759&categoryNo=1213,[독서-697] 예제로 배우는 스프링 부트 입문 - 빠르고 쉽게,2022. 7. 12. 22:06,full-text,,1aa4f7825090144889bffee7cb2083cfe13ee97201a2f8064c2a1db4b3be92ae,1
222809370965,https://blog.naver.com/PostView.naver?blogId=agapeuni&logNo=222809370965&categoryNo=1213,[독서-698] 스타트 스프링 부트 - 가볍고 넓은 스프링 부트,2022. 7. 13. 6:24,full-text,,d1b4d19cabc8dd5cd193486e2ec0707df9f329abd250867384c550896135adbc,1
222810796885,https://blog.naver.com/PostView.naver?blogId=agapeuni&logNo=222810796885&categoryNo=1213,[독서-699] 부의 비밀지도 - 부자가 되는 가장 빠른 길,2022. 7. 14. 5:45,full-text,,111a2c760317d2e2dbffdeb57ffb17b2f51fcd72045a480432e74effd5d1fa3f,1
222813801260,https://blog.naver.com/PostView.naver?blogId=agapeuni&logNo=222813801260&categoryNo=1213,[독서-700] 백견불여일타 스프링 부트 쇼핑몰 프로젝트,2022. 7. 16. 15:39,full-text,,80af4a49adf9037b21a87491e50e37a52add2dacf1df4a99aa942769b134acaa,1
222814330886,https://blog.naver.com/PostView.naver?blogId=agapeuni&logNo=222814330886&categoryNo=1213,[독서-701] 스프링 부트 시작하기 - 동작원리부터 단계별 실습,2022. 7. 16. 21:18,full-text,,c1e38ca7872ae66bdd21b9c12a257066aad5724f1fb1dcdda697aa79026fc3bb,1
222816171608,https://blog.naver.com/PostView.naver?blogId=agapeuni&logNo=222816171608&categoryNo=1213,[독서-702] 스프링 부트로 배우는 자바 웹 개발 - 웹서비스,2022. 7. 17. 22:10,full-text,,60893f9c6bf24021fd0cde22ee91e3bab7902a33a7de24b54111f9ea16486aac,1
222817835389,https://blog.naver.com/PostView.naver?blogId=agapeuni&logNo=222817835389&categoryNo=1213,[독서-703] 아주 오래된 사랑 이야기 - 소망과 위로가 넘치는,2022. 7. 19. 0:11,full-text,,353b74daace49a774cbd67fca5a7156279be450848ec8dcb2bc638db7c3c520a,1
222825596847,https://blog.naver.com/PostView.naver?blogId=agapeuni&logNo=222825596847&categoryNo=1213,[독서-704] 버스데이 걸 - 무라카미 하루키 단편작,2022. 7. 23. 14:33,full-text,,bba28bb19e1280d2a6da974b024f1e3b93b8092c3a5743790e7b39678b89a59f,1
222825752895,https://blog.naver.com/PostView.naver?blogId=agapeuni&logNo=222825752895&categoryNo=1213,[독서-705] 양 사나이의 크리스마스 - 세계 평화와 행복 기원,2022. 7. 23. 17:06,full-text,,33fefdfe692eab29bf66908864f7a54c177d7f43f7ca739d71ff84da740f444b,1
222825894232,https://blog.naver.com/PostView.naver?blogId=agapeuni&logNo=222825894232&categoryNo=1213,[독서-706] 이상한 도서관 - 무라카미 하루키 소설,2022. 7. 23. 20:08,full-text,,7d16b673e074b35260ea3a00abc44bfd70df64d4e1131c4ec769e2eb91447cb9,1
222827445569,https://blog.naver.com/PostView.naver?blogId=agapeuni&logNo=222827445569&categoryNo=1213,[독서-707] 리눅스 입문자를 위한 명령어 사전 - 진정한 고수,2022. 7. 24. 23:58,full-text,,6bd4475e790f105a229ef0fa7f7cde3cec6acd2cdd359bf31c921decf52bfb77,1
222829936926,https://blog.naver.com/PostView.naver?blogId=agapeuni&logNo=222829936926&categoryNo=1213,[독서-708] 하나님을 만나는 글쓰기 - 영적 성장을 이끈다,2022. 7. 26. 21:09,full-text,,8f318b3a804be8315072716ad7a8dd0353fb406fc542c77b34331eb896b9c883,1
222830411648,https://blog.naver.com/PostView.naver?blogId=agapeuni&logNo=222830411648&categoryNo=1213,[독서-709] 예수는 누구인가? - 하나님임을 증거하는 조각들,2022. 7. 27. 3:55,full-text,,b61e1b67012c9ec1673e1eedc0e725589397c29ab5c59cc060c569873d004d4a,1
222831555434,https://blog.naver.com/PostView.naver?blogId=agapeuni&logNo=222831555434&categoryNo=1213,[독서-710] 성교육 어떻게 할까 - 올바른 성 이야기,2022. 7. 27. 19:05,full-text,,0b13a1dabea7f109d4eae2f236bcb7ad599e7c0f802eed8ee12094dbbd78e2bd,1
222831650651,https://blog.naver.com/PostView.naver?blogId=agapeuni&logNo=222831650651&categoryNo=1213,[독서-711] 웹 3.0 혁명이 온다 - 전환의 새로운 기회가 온다,2022. 7. 27. 21:09,full-text,,dc999d207af400bd51973de5f80c3bcf744df9f9c4e119d4c2398d89ad50ede6,1
222831971857,https://blog.naver.com/PostView.naver?blogId=agapeuni&logNo=222831971857&categoryNo=1213,[독서-712] 스프링 부트 코딩 공작소 - 스프링 개발을 간소화,2022. 7. 28. 4:39,full-text,,d68ee8c1a6e0b86d63944a63f2f9258d44801322a7f36052f143e011c684cebd,1
222833596988,https://blog.naver.com/PostView.naver?blogId=agapeuni&logNo=222833596988&categoryNo=1213,[독서-713] 사탄과의 싸움 - Fighting Satan,2022. 7. 29. 11:56,full-text,,88ca030502f46a808bf42d9718d52cd090add8bbf364b68dfb436f5e17628497,1
222834976817,https://blog.naver.com/PostView.naver?blogId=agapeuni&logNo=222834976817&categoryNo=1213,[독서-714] Linux가 보이는 그림책 - 쉽고 재미있게 이해,2022. 7. 31. 0:41,full-text,,b159a5725b5b84d100b6652d306599813090e3981782f0f08d78716cf1a2ea5b,1
222835996682,https://blog.naver.com/PostView.naver?blogId=agapeuni&logNo=222835996682&categoryNo=1213,[독서-715] 연봉을 추월한 십일조 - 성경적 재정 시리즈,2022. 8. 1. 2:21,full-text,,0845502b51044cab1c5d77638b6b1d6a402f806dfd5cef8f2b295fea76e43e4f,1
222836734347,https://blog.naver.com/PostView.naver?blogId=agapeuni&logNo=222836734347&categoryNo=1213,"[독서-716] 돈의 속삭임, ""네가 곧 신이다"" - 복음 승리를 선포",2022. 8. 1. 19:50,full-text,,2104729d5ccfbfad1252b1478b112edc61bf7f338fca5056b770d7c07b1c627e,1
222840610359,https://blog.naver.com/PostView.naver?blogId=agapeuni&logNo=222840610359&categoryNo=1213,"[독서-717] 지금, 만나러 갑니다 - 다시 비의 계절이 돌아오면",2022. 8. 5. 19:53,full-text,,954aa815e6c15a85d1e64f79f98d4f26ccf15b69249b568df535a44a0fbd8e34,1
222840868687,https://blog.naver.com/PostView.naver?blogId=agapeuni&logNo=222840868687&categoryNo=1213,[독서-718] 데이터 모델링 실전처럼 시작하기 - 모델링 첫걸음,2022. 8. 6. 2:39,full-text,,69dc9dbefc05320c8ee839ff9b62e21a45f2edc906194a0621d029caee7a3435,1
222847442489,https://blog.naver.com/PostView.naver?blogId=agapeuni&logNo=222847442489&categoryNo=1213,"[독서-719] 자바고양이 Tomcat 이야기 - Hello, Tomcat",2022. 8. 13. 16:50,full-text,,17d49d6973c93becdea6dc3a8fea0912bec4036fa5126227cec57d0e35e3f049,1
222847601429,https://blog.naver.com/PostView.naver?blogId=agapeuni&logNo=222847601429&categoryNo=1213,[독서-720] 만들면서 배우는 클린 아키텍처 - 자바코드로 구현,2022. 8. 13. 21:22,full-text,,de85e69d4861c78c735b485fac4302b9f4b8cecd985b0b010f57547d7a58c639,1
222848623905,https://blog.naver.com/PostView.naver?blogId=agapeuni&logNo=222848623905&categoryNo=1213,[독서-721] 모두를 위한 파이썬 기초 - 코딩 클럽 LV1,2022. 8. 15. 2:08,full-text,,fcc33724f56f39ff6be5ee45c8d15ac21140bb6e427b1fbe9f4b79bed4b6c9f2,1
222848639052,https://blog.naver.com/PostView.naver?blogId=agapeuni&logNo=222848639052&categoryNo=1213,[독서-722] 본격 파이썬 입문 - 코딩 클럽 LV2,2022. 8. 15. 2:56,full-text,,8ab4773ef20a0a38bd55a9b61e29021609da16de8cd13d2c86bb630f6d6f566a,1
222848910758,https://blog.naver.com/PostView.naver?blogId=agapeuni&logNo=222848910758&categoryNo=1213,[독서-723] 제대로 된 파이썬 앱 만들기 - 코딩 클럽 LV3,2022. 8. 15. 14:51,full-text,,4af19b65d42ce014881a324199ad4f372e96fc888ed707a65c71803e16b030af,1
222849263363,https://blog.naver.com/PostView.naver?blogId=agapeuni&logNo=222849263363&categoryNo=1213,[독서-724] 처음 배우는 플라스크 웹 프로그래밍 - 개발가이드,2022. 8. 15. 23:03,full-text,,164b54224bde1301c89a01355626fbe37ba88f845a7c0056e6c95c5ab4044161,1
222853479922,https://blog.naver.com/PostView.naver?blogId=agapeuni&logNo=222853479922&categoryNo=1213,[독서-725] 라즈베리파이4로 구현하는 IoT와 AI,2022. 8. 20. 18:48,full-text,,fb671dfb1c1b40405bb0addfd7dba36e9bf6d6b2991f9a58cc8f72683fe2ba21,1
222854458168,https://blog.naver.com/PostView.naver?blogId=agapeuni&logNo=222854458168&categoryNo=1213,[독서-726] 과거가 남긴 우울 미래가 보낸 불안 - 마음의 힘,2022. 8. 21. 23:00,full-text,,2dfd4eced827f4abdfedbd3cb244a7489f4f9fe616536b5c049f131b4395cc2e,1
222857438784,https://blog.naver.com/PostView.naver?blogId=agapeuni&logNo=222857438784&categoryNo=1213,[독서-727] 나는 매일 블로그로 출근한다 - 블로그 글쓰기,2022. 8. 25. 0:53,full-text,,97e7a2f10a0fadcd6c7a7c1aba8529fecf0dea42b1a0bf47c4ed3b12efcfab38,1
222869761667,https://blog.naver.com/PostView.naver?blogId=agapeuni&logNo=222869761667&categoryNo=1213,[독서-728] 교양으로 읽는 세계 7대 종교 - 종교 철학자 탐구,2022. 9. 8. 1:23,full-text,,5bdf90deccc270a5fe7de9e3b0bbda50ff8c4cb36e9625a4d23314c5829adbdc,1
222871380970,https://blog.naver.com/PostView.naver?blogId=agapeuni&logNo=222871380970&categoryNo=1213,[독서-729] 먹다 듣다 걷다 - 교회는 지금 무엇을 할 수 있는가,2022. 9. 10. 15:37,full-text,,6db922a5fd5c5a76b7a5ffd5b8b6899eded01379cbdcd210b619020b0c046f83,1
222872377968,https://blog.naver.com/PostView.naver?blogId=agapeuni&logNo=222872377968&categoryNo=1213,[독서-730] 흔드심 - 나를 구별해 쓰시려는 하늘의 은혜,2022. 9. 12. 1:15,full-text,,0f177fd0cddc499f5323a80c0085655d4b4e5ced917a82f9cd28a248beaeffaa,1
222880007314,https://blog.naver.com/PostView.naver?blogId=agapeuni&logNo=222880007314&categoryNo=1213,[독서-731] 페도라 리눅스 - 시스템 & 네트워크,2022. 9. 20. 23:30,full-text,,3138df5d2747fcce2df1853c22b99ef3004f64a0284a54e153e979d593d8f9c4,1
222885984081,https://blog.naver.com/PostView.naver?blogId=agapeuni&logNo=222885984081&categoryNo=1213,[독서-732] 천국과 지옥의 파노라마 - 8시간의 죽음,2022. 9. 27. 22:46,full-text,,18cb49d7c04e9c038f79ca6032f93e96b786e31730551d6321cb43735c8a5953,1
222887821308,https://blog.naver.com/PostView.naver?blogId=agapeuni&logNo=222887821308&categoryNo=1213,[독서-733] 뷰티풀 천국 쇼킹 지옥 - 천국과 지옥의 실상,2022. 9. 29. 22:57,full-text,,7e49c2a04707d65266285b08da922fc94dd9a59ce91e8feb89fbdb4810c0e073,1
222890293760,https://blog.naver.com/PostView.naver?blogId=agapeuni&logNo=222890293760&categoryNo=1213,[독서-734] 가볍게 떠먹는 데이터 분석 프로젝트 - 기초 이론,2022. 10. 3. 2:21,full-text,,a42d0ed74be26836aa25c22857f10c08fa7cfbb054557da4781c0b5a0833085b,1
222920510627,https://blog.naver.com/PostView.naver?blogId=agapeuni&logNo=222920510627&categoryNo=1213,[독서-735] 데이터 분석을 위한 판다스 입문 - Do it! 시리즈,2022. 11. 5. 16:05,full-text,,b783a55fc2d59dd5db5f9aa28ffdfb3af3c80313efd311e6329fe2afcb189945,1
222920762295,https://blog.naver.com/PostView.naver?blogId=agapeuni&logNo=222920762295&categoryNo=1213,[독서-736] 그림으로 배우는 데이터 과학 - 한 눈으로 살펴봄,2022. 11. 5. 19:35,full-text,,e404a4806f1940e496da62b7262715dce8842ab8c337fc446521e61863b9c4e9,1
222923630938,https://blog.naver.com/PostView.naver?blogId=agapeuni&logNo=222923630938&categoryNo=1213,[독서-737]  예수의 발자취를 따라서 - 성경 지리 안내서,2022. 11. 8. 21:20,full-text,,8500237cd0f6bcd523d7e082010e9a5fcfec242fafaca5e65fa765954ff9a549,1
222932361926,https://blog.naver.com/PostView.naver?blogId=agapeuni&logNo=222932361926&categoryNo=1213,[독서-738] 통계 101 X 데이터 분석- 제대로 다진 기초 통계,2022. 11. 18. 21:32,full-text,,aacceeae99de0ccda8ae9812ad250274a8a3b2fb13545eb2ca8b9163132c4cbe,1
222965501414,https://blog.naver.com/PostView.naver?blogId=agapeuni&logNo=222965501414&categoryNo=1213,[독서-739] AI 지도책 - 세계의 부와 권력을 새롭게 재편한다,2022. 12. 25. 21:09,full-text,,2c89223d6a38d14824b50f1bd79130472eecfc892a72b69b92171040079299a8,1
222972423080,https://blog.naver.com/PostView.naver?blogId=agapeuni&logNo=222972423080&categoryNo=1213,[독서·노트] 결국 당신은 이길 것이다 - 나폴레온 힐 박사,2023. 1. 2. 8:33,full-text,,97eb2df82fbd216ff60ec134800c9aff8b02ca2516c881a0d38d8f8447e44cf6,1
222978549887,https://blog.naver.com/PostView.naver?blogId=agapeuni&logNo=222978549887&categoryNo=1213,[독서-740] 파이썬 생활 프로그래밍 - 11가지 프로젝트,2023. 1. 8. 22:40,full-text,,f2d7240c9491cda73bde80922a6be26831329b91f22cee4a588c94d3e6f6f526,1
222978603202,https://blog.naver.com/PostView.naver?blogId=agapeuni&logNo=222978603202&categoryNo=1213,[독서-741] 모두의 파이썬 - 20일 만에 배우는 프로그래밍,2023. 1. 8. 23:34,full-text,,3aa901d458550869f4b2812ba2aeb0f1163314003bc014b12c25bb0ba7a7b5fc,1
222986425074,https://blog.naver.com/PostView.naver?blogId=agapeuni&logNo=222986425074&categoryNo=1213,[독서-742] 2023 세계를 바꿀 테크놀로지 100 - 닛케이 전망,2023. 1. 16. 23:35,full-text,,3d7c8b49b1af1ac7a77d7c7541137832c0eb01bb29dfe592f207a7ec0b302625,1
222991616079,https://blog.naver.com/PostView.naver?blogId=agapeuni&logNo=222991616079&categoryNo=1213,[독서-743] 사랑을 하고 싶은 너에게 - 생명의 수업,2023. 1. 23. 18:06,full-text,,4f13a9725f43572795741d1793314e0738b7ff709794b7cd358248b3a7be9bb4,1
222993080265,https://blog.naver.com/PostView.naver?blogId=agapeuni&logNo=222993080265&categoryNo=1213,[독서-744] 모두의 네트워크 - 10일 만에 배우는 네트워크,2023. 1. 24. 23:21,full-text,,5768e659ebb544aa9c50bbda53a5011810379767ee2c37d92fcac1cf706a643b,1
222997442939,https://blog.naver.com/PostView.naver?blogId=agapeuni&logNo=222997442939&categoryNo=1213,[독서-745] 그림으로 이해하는 네트워크 용어 - 읽기만 해도,2023. 1. 28. 19:01,full-text,,b371f2b0ebde9a94787b5fabbc867cb160bb1e1a43d4ef420513d16a9801e7d7,1
223006207740,https://blog.naver.com/PostView.naver?blogId=agapeuni&logNo=223006207740&categoryNo=1213,[독서-746] 어떤 개발자가 되고 싶니? - 개발자 바이블,2023. 2. 5. 22:40,full-text,,9164360a7d769429c57518aa6ff9e865e8519c83b6a9258977f3a25a76a1a90f,1
223007129519,https://blog.naver.com/PostView.naver?blogId=agapeuni&logNo=223007129519&categoryNo=1213,[독서-747] 혼자 공부하는 SQL - 과외하듯 배우는 자습서,2023. 2. 6. 18:55,full-text,,de904464f316e876d70c85b9bb499b93bddf0590264236d22052b5c5c5a04830,1
223009657811,https://blog.naver.com/PostView.naver?blogId=agapeuni&logNo=223009657811&categoryNo=1213,[독서-748] 실무자들을 위한 jQuery Plugin,2023. 2. 8. 23:12,full-text,,82ccff2e9d58992f5538e8ac733201101f63c816f2ef4e53f5e1d52d4ea7da9e,1
223018225323,https://blog.naver.com/PostView.naver?blogId=agapeuni&logNo=223018225323&categoryNo=1213,[독서-749] Do it! 점프 투 장고 - 파이썬 웹개발부터 배포까지,2023. 2. 16. 21:33,full-text,,6218482e706b72f727044728cf808baf46644f266625dbf39fa3c7e8664567ef,1
223018462066,https://blog.naver.com/PostView.naver?blogId=agapeuni&logNo=223018462066&categoryNo=1213,"[독서-750] 정체성, 나는 누구인가 - 정체성이란 무엇일까?",2023. 2. 17. 2:38,full-text,,ea2d0a1bbf78252f649e99070e28ae0e773197191fa5801dfa0689274e42432b,1
223020520945,https://blog.naver.com/PostView.naver?blogId=agapeuni&logNo=223020520945&categoryNo=1213,[독서-751] 혼자 공부하는 자바스크립트 - 프로그래밍 자습서,2023. 2. 19. 10:16,full-text,,54bd4bf5c5414ac5f2b8ffaa2256b123308f735c97237830501d2432cb8a9d4f,1
223021305213,https://blog.naver.com/PostView.naver?blogId=agapeuni&logNo=223021305213&categoryNo=1213,[독서-752] 팀을 위한 Git - Git 워크플로우를 효율적으로,2023. 2. 20. 5:42,full-text,,cbd15138bfb0c2e18a55c27c3c9f7e65c78ac13b7d423e911deee5cb1e489946,1
223025889730,https://blog.naver.com/PostView.naver?blogId=agapeuni&logNo=223025889730&categoryNo=1213,"[독서-753] 무경계, No Boundary - 나는 누구인가",2023. 2. 24. 0:45,full-text,,566cc884a6cac6e7000e9578a578c4afa714cbc36cce5dd740283552844e083a,1
223041091345,https://blog.naver.com/PostView.naver?blogId=agapeuni&logNo=223041091345&categoryNo=1213,[독서-754] 블로그 포스팅 비법서 - 일상을 업로드하라,2023. 3. 11. 1:04,full-text,,a211d4771b26dfd68104f3f062ad5daa82a25f5ed4aabe64fc9d5bfef16faf99,1
223041131947,https://blog.naver.com/PostView.naver?blogId=agapeuni&logNo=223041131947&categoryNo=1213,[독서-755] 만물의 시작에 관한 책 - 자연과학과 우주의 비밀,2023. 3. 11. 3:44,full-text,,877c14576d13af5769648ad78bcc46cc2543572b3a9a6d91255453b18d2e1ebe,1
223042533398,https://blog.naver.com/PostView.naver?blogId=agapeuni&logNo=223042533398&categoryNo=1213,[독서-756] 네게 재물 얻을 능력을 주었다 - 10가지 부의 원리,2023. 3. 12. 23:59,full-text,,227bdbc439e109d9554d66b90b634585b5a568b51ef2d518afa114a406ebe587,1
223045797227,https://blog.naver.com/PostView.naver?blogId=agapeuni&logNo=223045797227&categoryNo=1213,세이노의 가르침 - 온라인 서점들에서 베스트셀러 1위 달성,2023. 3. 15. 23:23,full-text,,f2379458956dd36fbd4aa2fad1dc66b8a5dc7314106734874d62e96993aefa0b,1
223050528481,https://blog.naver.com/PostView.naver?blogId=agapeuni&logNo=223050528481&categoryNo=1213,[독서-757] 천국으로부터 받아 누리기 - 약속된 성경적인 복,2023. 3. 20. 21:15,full-text,,29b9fd68da0ca31dc4137123dc44ddf633159aa7ba819a07ad11925e540790ef,1
223075929386,https://blog.naver.com/PostView.naver?blogId=agapeuni&logNo=223075929386&categoryNo=1213,"[독서-758] 자바 프로젝트 필수 유틸리티 - 버전관리, 자동배포",2023. 4. 16. 3:08,full-text,,74f79f2f2cd1860971a3982b895bbc7936e4469ec922595c97a355ddaaf00cad,1
223077776005,https://blog.naver.com/PostView.naver?blogId=agapeuni&logNo=223077776005&categoryNo=1213,[독서-759] 완벽한 독서법 - 독서법을 관통하는 최고의 지침서,2023. 4. 18. 2:46,full-text,,54fc13a15652daba8a8f4d8e47063a3274cb548a4ac419e7c6ebe81aa7d77ef8,1
223091732920,https://blog.naver.com/PostView.naver?blogId=agapeuni&logNo=223091732920&categoryNo=1213,[독서-760] 역행자 - 돈·시간·운명에서 자유를 얻는 공략집,2023. 5. 2. 22:19,full-text,,b79ed6a19562f88a2cb0824850f134584fc1164791ce7be5ed203fc00142a3ef,1
223096611881,https://blog.naver.com/PostView.naver?blogId=agapeuni&logNo=223096611881&categoryNo=1213,[독서-761] 시간 연금술사 - 생각하는 대로 해내는,2023. 5. 8. 19:23,full-text,,3c145778f5f13f8d422b7a01695041e17bab785a55593c5434f843b6faa2955e,1
223099753208,https://blog.naver.com/PostView.naver?blogId=agapeuni&logNo=223099753208&categoryNo=1213,[독서-762] 개발자가 되고 싶습니다 - 개발자 취업의 모든 것,2023. 5. 12. 0:05,full-text,,075e42e668c3fcbae2fde7fcc514306bf69b2154ef1fb02b964f1875c042c5ed,1
223101449409,https://blog.naver.com/PostView.naver?blogId=agapeuni&logNo=223101449409&categoryNo=1213,[독서-763] 아는 만큼 보이는 세상 : 물리편 - 친절한 안내서,2023. 5. 14. 3:52,full-text,,936e30ffebf9ea229d1617198e1141ec367c8251170e44e44097f66c609d4ef6,1
223102169056,https://blog.naver.com/PostView.naver?blogId=agapeuni&logNo=223102169056&categoryNo=1213,[독서-764] 나는 누구인가 - 현대인과 기독교의 만남을 위하여,2023. 5. 15. 3:22,full-text,,39fb82dac1e92b1420f044cc4e4b85943155231e032f58bf967e772a070bf572,1
223105122253,https://blog.naver.com/PostView.naver?blogId=agapeuni&logNo=223105122253&categoryNo=1213,"[독서-765] 기억하는 뇌, 망각하는 뇌 - 뇌인지과학",2023. 5. 18. 2:39,full-text,,b22e7bb4cb2a34d1892aeda8c30eac6bc43b0d72425ecb27b7aec2db63e103b7,1
223106883656,https://blog.naver.com/PostView.naver?blogId=agapeuni&logNo=223106883656&categoryNo=1213,"[독서-766] 궁금했어, 뇌과학 - 신비한 우리 뇌의 모든 것",2023. 5. 20. 3:41,full-text,,9e6b265bbae0ce47b732e78b7db8a8a51467018f7f4b80360eae35cddbbe951e,1
223107512668,https://blog.naver.com/PostView.naver?blogId=agapeuni&logNo=223107512668&categoryNo=1213,[독서-767] 최신 서버 가이드북 - 서버의 구축과 관리,2023. 5. 21. 3:12,full-text,,3ee0b128868c651d3f67d2fd76ca5542e2eaf43e32113d0792a4ddb263c8b13d,1
223111118614,https://blog.naver.com/PostView.naver?blogId=agapeuni&logNo=223111118614&categoryNo=1213,[독서-768] 부의 퀀텀점프 - 인생이 180도 달라진다,2023. 5. 25. 2:41,full-text,,45bce854e5e82adc1e0c0025fde6ec702069a2675b0c0df13dba293c036e8407,1
223111919238,https://blog.naver.com/PostView.naver?blogId=agapeuni&logNo=223111919238&categoryNo=1213,[독서-769] 2030 데이터 리터러시 레볼루션 - 앞으로 10년,2023. 5. 25. 22:37,full-text,,1b76f7bcd8d5efac52748108d8a3a0b19427bf58c10d0e5eed424465cb0c9733,1
223113529248,https://blog.naver.com/PostView.naver?blogId=agapeuni&logNo=223113529248&categoryNo=1213,[독서-770] 이별편지 - 그저 너라서 좋았다,2023. 5. 28. 0:06,full-text,,31dde50477b653d2d7f7ee72fc74d69bca3ed580637baa6aab5200c565ddc54d,1
223114184254,https://blog.naver.com/PostView.naver?blogId=agapeuni&logNo=223114184254&categoryNo=1213,[독서-771] 그림으로 배우는 클라우드 - 쉽고 빠르게 배우자,2023. 5. 28. 23:34,full-text,,bee6cb0d805d0e950d7d968f76ffda9572fb9296fb954b2866aa9357c357ade9,1
223115083802,https://blog.naver.com/PostView.naver?blogId=agapeuni&logNo=223115083802&categoryNo=1213,[독서-772] 구글 코랩으로 배우는 인공지능 기술 - AI 기초 기술,2023. 5. 30. 2:47,full-text,,52fb560a853d55577955baf814b493e4b95fb265e7ff938e24072376fe290f3f,1
223116667216,https://blog.naver.com/PostView.naver?blogId=agapeuni&logNo=223116667216&categoryNo=1213,[독서-773] 혼자 공부하는 얄팍한 코딩지식 - 혼공 시리즈,2023. 5. 31. 17:09,full-text,,5230421b5f66b79fe49af9a36c1a655246403c05b7496af5d1a5f42cb6a94ace,1
223118796671,https://blog.naver.com/PostView.naver?blogId=agapeuni&logNo=223118796671&categoryNo=1213,[독서-774] 자유론 - 나와 우리의 진정한 자유를 돌아보다,2023. 6. 2. 20:35,full-text,,2c5df40bfcec88b3ff8948165631a4019d7841e712d286d4dc2bc8afeb2b62ab,1
223119036363,https://blog.naver.com/PostView.naver?blogId=agapeuni&logNo=223119036363&categoryNo=1213,[독서-775] 3번 읽기의 힘 - 책 읽기는 결국 반복이다,2023. 6. 3. 4:11,full-text,,ceadcc595a96307767826698eca0d54a876e6e143c0b0fbc7ca5244c941f1d70,1
223119036983,https://blog.naver.com/PostView.naver?blogId=agapeuni&logNo=223119036983&categoryNo=1213,[독서-776] 독서는 반복이다 - 인생의 성과를 만드는 기술,2023. 6. 3. 8:30,full-text,,3b39993257caa2346118614606b423389463a3e035abb588e27e768f80c0b1be,1
223119508176,https://blog.naver.com/PostView.naver?blogId=agapeuni&logNo=223119508176&categoryNo=1213,[독서-777] 당신이 지금 알아야 할 AWS - 클라우드 입문서,2023. 6. 3. 21:49,full-text,,0ca0102abb2ff15edc92961c292c5bb05823736cbd78a558e7d608298d679185,1
223121873171,https://blog.naver.com/PostView.naver?blogId=agapeuni&logNo=223121873171&categoryNo=1213,[독서-778] 위기 탈출 신입사원 - 신입사원을 위한 가이드북,2023. 6. 6. 21:26,full-text,,c51c1495aa62d2a1b7a5ecd150c2e2c9ad721f0a391c8ddaccf6637ea22f2093,1
223123100424,https://blog.naver.com/PostView.naver?blogId=agapeuni&logNo=223123100424&categoryNo=1213,[독서-779] 챗GPT : GPT 노마드의 탄생 - 비전문가 빅찬스,2023. 6. 8. 6:16,full-text,,9d108a5cec483b41d1425312d1a2bec6ae9baa5b4ffd2a63cb0480af91f486af,1
223123957360,https://blog.naver.com/PostView.naver?blogId=agapeuni&logNo=223123957360&categoryNo=1213,[독서-780] 챗GPT 사용설명서 - 챗GPT 마스터가 될 수 있다,2023. 6. 9. 0:14,full-text,,7327c858c55472b8eb5ea834bdbbe05ad7d90b1fc2f8724128fcd39fc20c2015,1
223124796085,https://blog.naver.com/PostView.naver?blogId=agapeuni&logNo=223124796085&categoryNo=1213,[독서-781] 세계 경제학 필독서 50 - 경제학 50권을 한 권에,2023. 6. 9. 22:26,full-text,,9bca3af790dcb4f6ff811ad4cec3c01886bdd291d4c76accb1b9460f21d84fe2,1
223128260428,https://blog.naver.com/PostView.naver?blogId=agapeuni&logNo=223128260428&categoryNo=1213,[독서-782] 그림으로 이해하는 AWS 구조와 기술 - 클라우드,2023. 6. 14. 2:56,full-text,,2044de7f9f2ee9239a20a2fd81c806cc643d10008e71cf6ed5e926e256ae333b,1
223130076554,https://blog.naver.com/PostView.naver?blogId=agapeuni&logNo=223130076554&categoryNo=1213,[독서-783] 세상에서 가장 쉬운 챗GPT - 챗GPT 입문서,2023. 6. 15. 23:05,full-text,,778bbb5d926ec82fdb22adbcdf0b0951e9c555015a5103b0d43ba6b8f1aefa7c,1
223133249729,https://blog.naver.com/PostView.naver?blogId=agapeuni&logNo=223133249729&categoryNo=1213,[독서-784] 평생 간직하고픈 시 - 윤동주 외 지음,2023. 6. 19. 21:23,full-text,,5c05df90d1a94a4a443c4f5661891b43609eed24202f09db8ad93efd3aa2b326,1
223133388331,https://blog.naver.com/PostView.naver?blogId=agapeuni&logNo=223133388331&categoryNo=1213,[독서-785] 군주론 - 통치할 것인가? 통치당할 것인가?,2023. 6. 20. 0:02,full-text,,301e0f6623c2b6ada464cb7ea182ae023749cbb956a9019fc9f329dc19a384bd,1
223134343649,https://blog.naver.com/PostView.naver?blogId=agapeuni&logNo=223134343649&categoryNo=1213,[독서-786] 101가지 컴퓨터 활용팁 - 업무에서 자주 사용하는,2023. 6. 20. 23:20,full-text,,04b9e2ca84a367fbf4d8b472bd15981b8def0c3a41d0f127e1f86adf1d780c6e,1
223139899755,https://blog.naver.com/PostView.naver?blogId=agapeuni&logNo=223139899755&categoryNo=1213,[독서-787] 심플라이프 - 나를 지치게 하는 것들과 작별하는,2023. 6. 27. 10:43,full-text,,712eea77e8651a669feb20f4324d0826ea4b6707ff0d359a43422dcbbb735a60,1
223139937594,https://blog.naver.com/PostView.naver?blogId=agapeuni&logNo=223139937594&categoryNo=1213,[독서-788] 고대하다 연연하다 성찰하다 - 한국대표시인집,2023. 6. 27. 11:22,full-text,,bb1fa90e1717217c8c54ce212233f93d1261afb15ebefa663cb9ab487022c9e6,1
223140914424,https://blog.naver.com/PostView.naver?blogId=agapeuni&logNo=223140914424&categoryNo=1213,[독서-789] 이쁘게 관계 맺는 당신이 좋다 - 관계는 실전이다,2023. 6. 28. 11:03,full-text,,d82bb583ac556d4b979cab5fed68361d0805ebb9b9dcff1fc19b2d80d913d1b6,1
223143432724,https://blog.naver.com/PostView.naver?blogId=agapeuni&logNo=223143432724&categoryNo=1213,[독서-790] 말을 잘한다는 것 - 가치를 높이는 말하기의 정석,2023. 6. 30. 21:36,full-text,,0e388952fe9aa4c5a15470f52d8ac6f229ddffeae5b1ca2c0ed1f8e0d301c271,1
223143491394,https://blog.naver.com/PostView.naver?blogId=agapeuni&logNo=223143491394&categoryNo=1213,[독서-791] 우선순위의 법칙 - 알고 있던 모든 것이 틀렸다,2023. 6. 30. 22:51,full-text,,d652bf81b0e4f55bbb9279b8ee05c8c5977ea5f1a08d9f26f32f95dd3045db17,1
223144147074,https://blog.naver.com/PostView.naver?blogId=agapeuni&logNo=223144147074&categoryNo=1213,[독서-792] 나는 죽을 때까지 지적이고 싶다 - 삶의 무기,2023. 7. 1. 21:17,full-text,,6ecabe241e655b08e844b6745733dfb1c72af6c57e4789a014467777d4e36565,1
223144164847,https://blog.naver.com/PostView.naver?blogId=agapeuni&logNo=223144164847&categoryNo=1213,[독서-793] 더는 나를 증명하지 않기로 했다 - 타인의 평가,2023. 7. 1. 21:45,full-text,,fa22a67a0e8c7c0a95fb9d8a32f478cd9348d019a5518baaada404b34710476d,1
223147382579,https://blog.naver.com/PostView.naver?blogId=agapeuni&logNo=223147382579&categoryNo=1213,[독서-794] 세상에서 제일 쉬운 암호화폐 입문서 - 코인캣츠,2023. 7. 5. 11:39,full-text,,cc5b84f8728aadac0773285600b4437b8e99083048eefb9bde56b07f65b0ecef,1
223148371321,https://blog.naver.com/PostView.naver?blogId=agapeuni&logNo=223148371321&categoryNo=1213,[독서-795] 인생에서 8가지 일에만 집중하라 - 실전 인생 법칙,2023. 7. 6. 11:24,full-text,,aef2de16b5123de4c9dce348eb153e42d07c0c4854c399068c956cfb2725e316,1
223148424115,https://blog.naver.com/PostView.naver?blogId=agapeuni&logNo=223148424115&categoryNo=1213,[독서-796] 메타버스 유토피아 - 돈 버는 디지털 세계의 탄생,2023. 7. 6. 12:26,full-text,,3a6bee0a1af2ab0511ec6eeb7a14821b6246662f64e7b57669e3e14225501220,1
223149587599,https://blog.naver.com/PostView.naver?blogId=agapeuni&logNo=223149587599&categoryNo=1213,"[독서-797] 다시, 시작하는 인생 수업 - 인생은 플랜B가 있다",2023. 7. 7. 15:32,full-text,,8ed7726fa8bab91da1bff303623744a41687b37978860b68fa64474f23c1292e,1
223149703262,https://blog.naver.com/PostView.naver?blogId=agapeuni&logNo=223149703262&categoryNo=1213,포스텍 권장도서 - 많이 읽는 사람보다 깊이 읽는 사람이 성장,2023. 7. 7. 17:19,full-text,,1b93ffeb842b9abd68526554482648a0dc98c9e1c47003ebc63df17d630c4b6d,1
223149749962,https://blog.naver.com/PostView.naver?blogId=agapeuni&logNo=223149749962&categoryNo=1213,세인트존스 대학교 고전 목록 - 독서와 토론으로 수업을 한다,2023. 7. 7. 19:00,full-text,,3878a4957e578956a3c58068e9fec4e954a0cd83551cab9ca1a9e5b832f267f3,1
223154086462,https://blog.naver.com/PostView.naver?blogId=agapeuni&logNo=223154086462&categoryNo=1213,[독서-798] 에세이 만드는 법 - 편집자의 모험,2023. 7. 12. 15:34,full-text,,2cbc2cc05c2a774e0244e6db14823f8d7dc4338b324140c166aa7052e8be747a,1
223154636331,https://blog.naver.com/PostView.naver?blogId=agapeuni&logNo=223154636331&categoryNo=1213,[독서-799] 출판사에서 내 책 내는 법 - 투고의 왕도,2023. 7. 13. 3:46,full-text,,4a227f764e52683e503156a0822a0799bde431efacc43e8cc651611a955f50a1,1
223154698585,https://blog.naver.com/PostView.naver?blogId=agapeuni&logNo=223154698585&categoryNo=1213,[독서-800] 메타인지의 힘 - 대체 불가능한 존재가 되는 법,2023. 7. 13. 7:53,full-text,,775d58c66ed7e663c80ffc004c49e849a927c2fcce02fb1bdcf159466e91000d,1
223155412354,https://blog.naver.com/PostView.naver?blogId=agapeuni&logNo=223155412354&categoryNo=1213,[독서-801] 대화의 기술 - 단호하게 나를 표현한다,2023. 7. 13. 21:18,full-text,,740a8fed328f7855d47ddb207afc1faf34ea143e9f5542024126fd2850ddfa26,1
223155655763,https://blog.naver.com/PostView.naver?blogId=agapeuni&logNo=223155655763&categoryNo=1213,[독서-802] 최고의 결정 - 최고의 의사결정자가 고려해야 할 모든 것,2023. 7. 14. 2:28,full-text,,b134890d2e76e91ff3a54bf4d28419c9076d780b9fc4889fe08a44f65effd815,1
223155694678,https://blog.naver.com/PostView.naver?blogId=agapeuni&logNo=223155694678&categoryNo=1213,[독서-803] 인간은 필요 없다 - 인공지능 시대 빅뱅을 대비,2023. 7. 14. 5:48,full-text,,84e31183e15fec14fc6399e46eac5200eccae4ff0dd9a40b4caabb0280aa707b,1
223160903140,https://blog.naver.com/PostView.naver?blogId=agapeuni&logNo=223160903140&categoryNo=1213,[독서-804] 꼰대지수 낮춰 드립니다 - 회사에서 바로 통합니다,2023. 7. 19. 21:43,full-text,,8e7435bdc046ed3202d4cc9d275ecd2ce7aa812d24cc3857cb4bbc351373bd14,1
223160962120,https://blog.naver.com/PostView.naver?blogId=agapeuni&logNo=223160962120&categoryNo=1213,[독서-805] 인생의 답은 독서에 있었다 - 꿈에 날개를 달자,2023. 7. 19. 22:52,full-text,,503ba1ab33c5840a12b4ca848ebb886dc7987c88d95e31024598cdfad9ad5c09,1
223161072731,https://blog.naver.com/PostView.naver?blogId=agapeuni&logNo=223161072731&categoryNo=1213,[독서-806] 포스트 챗GPT 역량 딥다이브 - 이제는 역량 전쟁,2023. 7. 20. 1:14,full-text,,f6344b79dd733b9a2ea59137312a540156f3ed6315ccaa23eb312967000d7213,1
223165254846,https://blog.naver.com/PostView.naver?blogId=agapeuni&logNo=223165254846&categoryNo=1213,[독서-807] 프랭크루박의 편지 - 하나님과 동행한 사람의 고백,2023. 7. 25. 2:12,full-text,,b4fd324633c4cdfeb91c1235a5cc927f80496ba0dd88ea272986560d85863503,1
223165493806,https://blog.naver.com/PostView.naver?blogId=agapeuni&logNo=223165493806&categoryNo=1213,"[독서-808] 위대한 팀의 탄생 - 성과 내는 조직, 무엇이 다른가",2023. 7. 25. 11:35,full-text,,85a4d2260fd8aec55b8d7a4c303a2dc976e2d861194f3f82be4c41b4b05641a7,1
223166161953,https://blog.naver.com/PostView.naver?blogId=agapeuni&logNo=223166161953&categoryNo=1213,"[독서-809] AI 저널리즘 - 챗GPT 시대, 언론 미디어의 대전환",2023. 7. 26. 0:24,full-text,,ca260b35229197efe69942b0378c02baf7302ca10a90d1d16d8e02f2702cc2b8,1
223170393450,https://blog.naver.com/PostView.naver?blogId=agapeuni&logNo=223170393450&categoryNo=1213,[독서-810] 메타버스는 나의 힘 - 현실을 넘어서는 가상 세계,2023. 7. 31. 1:18,full-text,,b6de3c5079a441172af47917645d84dbc930c66865882350578c2d450051e25d,1
223170954372,https://blog.naver.com/PostView.naver?blogId=agapeuni&logNo=223170954372&categoryNo=1213,[독서-811] ChatGPT가 직접 쓴 챗GPT 입문 - 읽기 좀 피곤함,2023. 7. 31. 16:56,full-text,,0d4a9a7a91f20e6b0f32fcf73caa02c53dc69a3ad21773f8b65e8071d7cab86c,1
223172400433,https://blog.naver.com/PostView.naver?blogId=agapeuni&logNo=223172400433&categoryNo=1213,[독서-812] 챗GPT : 마침내 찾아온 특이점 - 특별한 내용 없음,2023. 8. 2. 1:59,full-text,,1e5e9b3c89cf7114dc1300d4f1869552b490a7f9e705a7868a76d5151e43d51c,1
223172428554,https://blog.naver.com/PostView.naver?blogId=agapeuni&logNo=223172428554&categoryNo=1213,[독서-813] 데일 카네기의 주도권 수업 - 최고의 인생 로드맵,2023. 8. 2. 3:43,full-text,,5627129dfb0ec414ddb0470ad459c9293d5e7cee34e12e1b41e1eb5232ee78d8,1
223173399162,https://blog.naver.com/PostView.naver?blogId=agapeuni&logNo=223173399162&categoryNo=1213,[독서-814] 챗GPT와 글쓰기 - 챗GPT와 함께하는 AI 글쓰기,2023. 8. 3. 3:01,full-text,,9e401e84f3dadf103dc37dbc3702013f155a019055c12ebcc9c23d1c31928121,1
223174398252,https://blog.naver.com/PostView.naver?blogId=agapeuni&logNo=223174398252&categoryNo=1213,"[독서-815] 1% 유대인의 생각훈련 - 5,000년 탈무드의 지혜",2023. 8. 4. 6:04,full-text,,b65e19c3af63936e3e0d668f21e0d540696059fdecf0cf87a593f44827442c3d,1
223175747863,https://blog.naver.com/PostView.naver?blogId=agapeuni&logNo=223175747863&categoryNo=1213,[독서-816] 내 인생의 첫 책쓰기 - 책 출간까지의 모든 과정,2023. 8. 5. 20:22,full-text,,a5be7e50f839e0f3cca070134fb64f3a571f9860e27ac0b2171d74839d712dc4,1
223176612102,https://blog.naver.com/PostView.naver?blogId=agapeuni&logNo=223176612102&categoryNo=1213,[독서-817] 인생이 바뀌는 시간관리의 비밀 - 시간을 장악하라,2023. 8. 6. 23:49,full-text,,67e0a00fcc8d9a57e07d392c54c7a549c3320c22f6fcb18a5ad79f2d78549d65,1
223179245226,https://blog.naver.com/PostView.naver?blogId=agapeuni&logNo=223179245226&categoryNo=1213,[독서-818] AI에게 AI의 미래를 묻다 - AI로 그리는 부의 미래,2023. 8. 9. 16:53,full-text,,c55a8f463d5fcf15ba91e14e0c2b800978013fcf88b05c8e36c772887fc8d494,1
223179470078,https://blog.naver.com/PostView.naver?blogId=agapeuni&logNo=223179470078&categoryNo=1213,[독서-819] Happy Job - 취업전문가의 진솔한 진로 이야기,2023. 8. 9. 21:32,full-text,,f19e69f11bda31659394a19fa49b396b4c6207c937f4f2b668f7b42d9c82459d,1
223179615630,https://blog.naver.com/PostView.naver?blogId=agapeuni&logNo=223179615630&categoryNo=1213,[독서-820] 네옴시티 - 제2의 중동붐인가 아님 신기루인가,2023. 8. 10. 0:25,full-text,,7fdb2fb84d8659333ed61eef3fa742870e27c351dff9d708ab42c82392adf210,1
223180462041,https://blog.naver.com/PostView.naver?blogId=agapeuni&logNo=223180462041&categoryNo=1213,[독서-821] 인간의 책쓰기 - 챗GPT를 이기는 책쓰기 방법,2023. 8. 10. 21:54,full-text,,06f729136a4f6c11c72d950a6c23eccb354792b9335014d0a043d7163cfc2cf7,1
223180576124,https://blog.naver.com/PostView.naver?blogId=agapeuni&logNo=223180576124&categoryNo=1213,[독서-822] 카이스트 하루 습관 - 변화를 만드는 학습 혁명,2023. 8. 11. 0:10,full-text,,636b285783ab4b6c9b10bf1405f4b221c30ff6b8327bd8e5576645b81b22704f,1
223182925658,https://blog.naver.com/PostView.naver?blogId=agapeuni&logNo=223182925658&categoryNo=1213,[독서-823] 오늘의 이스라엘 - 팔레스타인과 분쟁하는 나라,2023. 8. 14. 1:26,full-text,,47b4d0d37c9a908334528062ab5ed91a40262ea023ed25a3e153639a8d6b5d2f,1
223183713025,https://blog.naver.com/PostView.naver?blogId=agapeuni&logNo=223183713025&categoryNo=1213,[독서-824] 하루 15분 자존감 수업 - 자신을 믿고 사랑하기,2023. 8. 14. 22:09,full-text,,3fdb7bfcd9650d2560f09c670d7d4c8ee1d58bca4d10aac9cd25cc64a2b35194,1
223183805286,https://blog.naver.com/PostView.naver?blogId=agapeuni&logNo=223183805286&categoryNo=1213,[독서-825] 인생의 저력 - 호연지기로 내 갈 길을 간다,2023. 8. 15. 0:01,full-text,,f1beba664ea1ae87aa387618a1f57aa16bd1badeb498db97d8f222a39139b862,1
223184261901,https://blog.naver.com/PostView.naver?blogId=agapeuni&logNo=223184261901&categoryNo=1213,[독서-826] 인류 최초의 문명과 이스라엘 - 고대근동 3천 년,2023. 8. 15. 16:50,full-text,,d8a37603f7a461025a1d413c60f2f730e794843d0a3cb8ec63e63f4abc3adab8,1
223185513897,https://blog.naver.com/PostView.naver?blogId=agapeuni&logNo=223185513897&categoryNo=1213,[독서-827] 뉴노멀 시대 경제 시스템의 전환 - 비즈니스 모델,2023. 8. 16. 22:54,full-text,,19c48979f81947e6244a30c00f05285f667671bfc5a6a66c84772d685caf32db,1
223185548683,https://blog.naver.com/PostView.naver?blogId=agapeuni&logNo=223185548683&categoryNo=1213,[독서-828] 나는 더 천천히 부자가 되기로 했다 - 진짜 부자란,2023. 8. 16. 23:33,full-text,,8edbc1488f699c71cd96217b7af52a0e23ff4d3f75d9a46016eeaf19aca506a7,1
223186512457,https://blog.naver.com/PostView.naver?blogId=agapeuni&logNo=223186512457&categoryNo=1213,[독서-829] 뭘 해도 잘되는 사람의 독서법 - 전락적 책 읽기,2023. 8. 17. 23:27,full-text,,ac3fd7fd2e025e993b735d0d4e4d896311244ddd683de33e8d552d85182dccd7,1
223186533575,https://blog.naver.com/PostView.naver?blogId=agapeuni&logNo=223186533575&categoryNo=1213,[독서-830] 경제는 내 친구 - 재미있는 경제 이야기,2023. 8. 17. 23:52,full-text,,f1919877a6a69e878c552de85800acb97f2bbcf57d19478eab783dbfd308e7e4,1
223187365554,https://blog.naver.com/PostView.naver?blogId=agapeuni&logNo=223187365554&categoryNo=1213,[독서-831] 마음을 돌보는 뇌과학 - 좋은 삶을 위한 뇌 사용법,2023. 8. 18. 21:39,full-text,,ef4a0e4f6408f46147e5076a8058059e4f15e7326c548e30a60edbb60c6c4906,1
223187445082,https://blog.naver.com/PostView.naver?blogId=agapeuni&logNo=223187445082&categoryNo=1213,[독서-832] 조화로운 삶 - 세상의 모든 것이 당신 안에 있다,2023. 8. 18. 23:30,full-text,,2227e7508ec2bc43b172a79fd59ee2d94f263ae408e0c82843b82810753e55f2,1
223187547460,https://blog.naver.com/PostView.naver?blogId=agapeuni&logNo=223187547460&categoryNo=1213,[독서-833] 중학교 최상위 1% 수학 프로젝트 - 수학 이야기,2023. 8. 19. 3:18,full-text,,e6a36670fb6b547ba667bd6b0959504be5671a83cc54a58e3614cefe237577da,1
223188926783,https://blog.naver.com/PostView.naver?blogId=agapeuni&logNo=223188926783&categoryNo=1213,[독서-834] 작가를 위한 집필 안내서 - 작가와 출판의 이야기,2023. 8. 21. 1:58,full-text,,e9022c4900a44b35f3b9550d56d2b81234de9e7e2bbbda05cf8b0ed3d5fa3ec0,1
223189442847,https://blog.naver.com/PostView.naver?blogId=agapeuni&logNo=223189442847&categoryNo=1213,[독서-835] 리더 디퍼런트 - 사람과 숫자 모두를 얻는 리더,2023. 8. 21. 16:10,full-text,,28c47fb22f76ca50c081f86f2da3df9a843d8d61d5d5f496984831757eb2faf5,1
223189822288,https://blog.naver.com/PostView.naver?blogId=agapeuni&logNo=223189822288&categoryNo=1213,[독서-836] 부엌에서 물리찾기 - 부엌에서 나누는 물리 이야기,2023. 8. 21. 23:26,full-text,,1ea6fa5979572f9e4881bf23bd87058ea64215f945d21fe22b60c909345193a0,1
223189912214,https://blog.naver.com/PostView.naver?blogId=agapeuni&logNo=223189912214&categoryNo=1213,[독서-837] 역노화 - 젊게 오래 사는 시대가 온다,2023. 8. 22. 1:48,full-text,,4e2d459346a68b2b5c72e5cb8d78cb251b174d71b81766a0071272b938b8e85e,1
223190769359,https://blog.naver.com/PostView.naver?blogId=agapeuni&logNo=223190769359&categoryNo=1213,[독서-838] 왜 책을 쓰는가? - 책쓰기 코치로 인생역전,2023. 8. 22. 22:49,full-text,,7e1abab0c91b22e89cf49abc95c6897593a5d71400a724d8a12550320bd2230b,1
223190898851,https://blog.naver.com/PostView.naver?blogId=agapeuni&logNo=223190898851&categoryNo=1213,[독서-839] 심리 대화술 - 속마음 들키지 않고 할 말 다 하는,2023. 8. 23. 1:53,full-text,,d69995daa2dd0d7fbe42ffb9bf80b96e2e10e42c909815b71b0f7101ce597e04,1
223193257520,https://blog.naver.com/PostView.naver?blogId=agapeuni&logNo=223193257520&categoryNo=1213,[독서-840] 행복한 사람은 단순하게 삽니다 - 단순할수록 좋다,2023. 8. 25. 14:59,full-text,,1af639a836a0690635bb845a7cbc04a407e05df20a9c2c70dfb7fc669ca0775b,1
223193347483,https://blog.naver.com/PostView.naver?blogId=agapeuni&logNo=223193347483&categoryNo=1213,[독서-841] 교육혁명 2030 - 미래 학교의 모든 것,2023. 8. 25. 16:28,full-text,,9d957a19df5f9c3f97c92c914e6e20d5bd3933658309700aeac360a6a9dbc8f9,1
223193481825,https://blog.naver.com/PostView.naver?blogId=agapeuni&logNo=223193481825&categoryNo=1213,[독서-842] 성공투자를 위한 선한투자의 법칙 - ESG 투자,2023. 8. 25. 19:00,full-text,,0885ef6cc7f69556505eb07421282094dc698b6ca68ca50a0236267d44cf8892,1
223193622121,https://blog.naver.com/PostView.naver?blogId=agapeuni&logNo=223193622121&categoryNo=1213,[독서-843] 디파이 사용설명서- 암호화폐가 바꿀 새로운 금융,2023. 8. 25. 22:14,full-text,,146e8c329c83e7a45aabaadc08a10989392b27c7c61c1a930931c5b9216d5443,1
223196161538,https://blog.naver.com/PostView.naver?blogId=agapeuni&logNo=223196161538&categoryNo=1213,[독서-844] 챗GPT의 거짓말 - 인공지능의 한계와 위험,2023. 8. 29. 0:57,full-text,,a01a99d99f4137359595486af5909b8059ab3cf96a2aea0fae0b7cfb42e3ff5a,1
223198169158,https://blog.naver.com/PostView.naver?blogId=agapeuni&logNo=223198169158&categoryNo=1213,[독서-845] 나를 지키는 관계의 기술 - 건강한 인간관계,2023. 8. 31. 1:09,full-text,,7ef3c0abcb7243aadb1cba898a30335d9060894e31cfededeea5610c75ed26dc,1
223198233592,https://blog.naver.com/PostView.naver?blogId=agapeuni&logNo=223198233592&categoryNo=1213,[독서-846] 기술전쟁 - 한국의 운명을 바꿀 6개의 전장,2023. 8. 31. 4:09,full-text,,9754c549601004dd2aa1870c9e1c4cb32c8bc7d0693b7696fb9e93efbd73e5ca,1
223198254797,https://blog.naver.com/PostView.naver?blogId=agapeuni&logNo=223198254797&categoryNo=1213,[독서-847] 독자와 출판사를 유혹하는 웹소설 시놉시스 작성법,2023. 8. 31. 5:57,full-text,,0186a8c52f651fe2d65912005ce82f3a43cad15acd85f256dd1d48f525b9eeb6,1
223199253461,https://blog.naver.com/PostView.naver?blogId=agapeuni&logNo=223199253461&categoryNo=1213,"[독서-848] 性, 사랑의 길 - 인문학과 성의 만남",2023. 9. 1. 4:50,full-text,,ad5d68c1ece3408949ea3f0071b40af9706f61704859bafd0082366d7674ecd9,1
223200106592,https://blog.naver.com/PostView.naver?blogId=agapeuni&logNo=223200106592&categoryNo=1213,[독서-849] 챗GPT 자기주도 공부법 - AI로 공부습관 만들기,2023. 9. 2. 0:31,full-text,,bea5e75871655a6756811eaaa8dc7370b6e33a68d2455c88896b683b310fcdea,1
223200169106,https://blog.naver.com/PostView.naver?blogId=agapeuni&logNo=223200169106&categoryNo=1213,[독서-850] 마음을 꿰뚫는 일상의 심리학 - 심리의 세계,2023. 9. 2. 3:19,full-text,,0bd4425c0d1b2526243155f2548e696365b9d8e9c858e66eda22a622a3c27884,1
223201561313,https://blog.naver.com/PostView.naver?blogId=agapeuni&logNo=223201561313&categoryNo=1213,[독서-851] 반도체를 사랑한 남자 - 삼성전자 반도체 이야기,2023. 9. 4. 1:03,full-text,,9eb467f09153bc4b31c11ef7afcca207568381d0cff3ce9074714da5af46f3b8,1
223201635464,https://blog.naver.com/PostView.naver?blogId=agapeuni&logNo=223201635464&categoryNo=1213,[독서-852] 쉽게 풀어쓴 세계관 특강 - 손봉호 교수,2023. 9. 4. 6:13,full-text,,32176bc861e74e4de3c9dcec7bc563b3479a77108d5c23007eb6e5e76223f621,1
223202654405,https://blog.naver.com/PostView.naver?blogId=agapeuni&logNo=223202654405&categoryNo=1213,[독서-853] 멘탈을 회복하는 연습 - 두뇌 재훈련 프로젝트,2023. 9. 5. 7:11,full-text,,1257bec4c263b443907683dcfb0ea5a48933653a28c4594a3ffa6bee3d6ec356,1
223202912192,https://blog.naver.com/PostView.naver?blogId=agapeuni&logNo=223202912192&categoryNo=1213,"[독서-854] 트렌드의 배신 - 대중의 욕망, 기업의 마케팅",2023. 9. 5. 12:55,full-text,,3ccb2df98da5220802e4c9a3eaf3db7d73a9b591f38fdc04b988d5d05847a73b,1
223203023517,https://blog.naver.com/PostView.naver?blogId=agapeuni&logNo=223203023517&categoryNo=1213,[독서-855] 꿈을 찾는 아카데미 - 10대를 위한 완벽 진로수업,2023. 9. 5. 14:50,full-text,,39747f03a0de0dff54ec01a2c7627821120e67bee269789aa33d767eb6a24887,1
223203595688,https://blog.naver.com/PostView.naver?blogId=agapeuni&logNo=223203595688&categoryNo=1213,[독서-856] 하루 하나 브랜딩 - 당신이 채워갈 하루 하나,2023. 9. 6. 2:59,full-text,,ec536cb283925a72d78a946f42811fd7a4bb789314e9c94b586bab87f1c37803,1
223203893279,https://blog.naver.com/PostView.naver?blogId=agapeuni&logNo=223203893279&categoryNo=1213,[독서-857] 청소년을 위한 돈이 되는 경제 교과서 - 경제 수업,2023. 9. 6. 12:50,full-text,,9b7dfa2977e9fda646f69a4568d1a7d8599e3d5cf1d64878dbe228b79629b6d7,1
223204522085,https://blog.naver.com/PostView.naver?blogId=agapeuni&logNo=223204522085&categoryNo=1213,[독서-858] 지구가 낳은 흙 이야기 - 미운오리 그림동화,2023. 9. 7. 0:52,full-text,,6fb1d670357c5049fb040c009a68d21f4ffad3d8c39ae8785c027dab6372870d,1
223204549060,https://blog.naver.com/PostView.naver?blogId=agapeuni&logNo=223204549060&categoryNo=1213,[독서-859] 인공지능을 만들기 위한 핵심 지식 - AI 솔루션,2023. 9. 7. 1:56,full-text,,132c1e357b223405aa630c3792336cbafb2fc0e78f9047a70c3375c727f7db65,1
223206267687,https://blog.naver.com/PostView.naver?blogId=agapeuni&logNo=223206267687&categoryNo=1213,[독서-860] 일흔에 쓴 창업일기 - 하던 일도 접는다는 나이,2023. 9. 8. 21:17,full-text,,193da5a74340adbaedaa9019c1fb3246bc76855d6544a17af3ae0a06ddeae80b,1
223206494548,https://blog.naver.com/PostView.naver?blogId=agapeuni&logNo=223206494548&categoryNo=1213,[독서-861] 나는 회사를 고소하기로 했다 - 회사에 잘못 입사,2023. 9. 9. 5:59,full-text,,93694adb9906d328d3012995d7cbcbf5e1bac4359f1df6d40f802d0d9b866d2f,1
223206887402,https://blog.naver.com/PostView.naver?blogId=agapeuni&logNo=223206887402&categoryNo=1213,[독서-862] 부모님을 위한 스마트폰 무작정 따라하기,2023. 9. 9. 19:10,full-text,,1a660887a14e49f8eaa0e97ef6434537f73a5e371c91efe7a1de69877d703375,1
223206907451,https://blog.naver.com/PostView.naver?blogId=agapeuni&logNo=223206907451&categoryNo=1213,[독서-863] 내 삶을 여기에 담아본다 - 인생이 한 폭의 그림,2023. 9. 9. 19:51,full-text,,d8f2627d01938769a41d381639f05db2888ec14a89fd0302da0281134b74ddd1,1
223207185313,https://blog.naver.com/PostView.naver?blogId=agapeuni&logNo=223207185313&categoryNo=1213,[독서-864] 하버드 100년 전통 자기관리 수업 - 자기관리강의,2023. 9. 10. 6:31,full-text,,e319e5838e5b579a5a61fd55f307851cebd8621c3ca01688c4575cdadc5ce998,1
223207325684,https://blog.naver.com/PostView.naver?blogId=agapeuni&logNo=223207325684&categoryNo=1213,[독서-865] 루이스 헤이의 치유 워크북 - 나를 사랑하라,2023. 9. 10. 12:25,full-text,,911eb2d1c5b1a95a886c8b827faf86083b619f1e0a39901150819fce416e9e2a,1
223207465514,https://blog.naver.com/PostView.naver?blogId=agapeuni&logNo=223207465514&categoryNo=1213,[독서-866] 가질 수 있고 될 수 있고 할 수 있다,2023. 9. 10. 16:19,full-text,,68ef065afcdcbb423bae1c647efc91218bd571a6f143556eedf5ea763af03ba3,1
223207857684,https://blog.naver.com/PostView.naver?blogId=agapeuni&logNo=223207857684&categoryNo=1213,[독서-867] 당신의 하루가 가벼웠으면 좋겠습니다 - 항문 건강,2023. 9. 11. 1:06,full-text,,e98c11534a24cecf04de246fb5f908d962fca4befc9604f4069880532a6b003c,1
223207916009,https://blog.naver.com/PostView.naver?blogId=agapeuni&logNo=223207916009&categoryNo=1213,[독서-868] 착하게 사느라 피곤한 사람들 - 피플 플리저 관계,2023. 9. 11. 4:54,full-text,,d377d132c235e4548b12f99c30146b210cab6e9e2b76cf283b3c1fe777ea4450,1
223209885237,https://blog.naver.com/PostView.naver?blogId=agapeuni&logNo=223209885237&categoryNo=1213,[독서-869] 닥터 필로소피 - 내 삶을 치유하는 철학 솔루션,2023. 9. 13. 0:59,full-text,,6eaaf945c5c9b0de299d5dac8b0833dc422e6944f61cb02f12a1b81734198fe3,1
223209915761,https://blog.naver.com/PostView.naver?blogId=agapeuni&logNo=223209915761&categoryNo=1213,[독서-870] 과로사 할래 퇴사 할래 - 6번 퇴사와 7번 입사,2023. 9. 13. 2:15,full-text,,5ed90c33175af3bb1e516e68e045d37fb1aec9eb1a1115c118375ec329431008,1
223210833548,https://blog.naver.com/PostView.naver?blogId=agapeuni&logNo=223210833548&categoryNo=1213,"[독서-871] 확장현실 - XR 비즈니스, 디지털 전환의 미래",2023. 9. 14. 0:01,full-text,,24cca822cb5116eaabb6b8c84ebba65b92eb0adc394dd438bcb2cb5629607961,1
223210921479,https://blog.naver.com/PostView.naver?blogId=agapeuni&logNo=223210921479&categoryNo=1213,"[독서-872] 빅데이터 시대, 현대인의 필수 교양 정보 문해력",2023. 9. 14. 4:02,full-text,,46bcafa04e9de5dcfb9785acb450c38f0c294ea7b25b74927e31b0f3ab15af38,1
223211808127,https://blog.naver.com/PostView.naver?blogId=agapeuni&logNo=223211808127&categoryNo=1213,[독서-873] 작게 나누어 생각하기 - 문제를 해결하는 도구,2023. 9. 15. 0:09,full-text,,acdf87a34a0783f90bca33fa018447bf4b0e06a1a8b7434a6996c62bcd2cf401,1
223211920661,https://blog.naver.com/PostView.naver?blogId=agapeuni&logNo=223211920661&categoryNo=1213,"[독서-874] 직장 노예 - 마흔 여덟, 열 번째 퇴사를 준비하다",2023. 9. 15. 6:31,full-text,,bbedbe94504ce8d224ade82d855d434e35a667d5b561349e51a0aade1598ef73,1
223213040374,https://blog.naver.com/PostView.naver?blogId=agapeuni&logNo=223213040374&categoryNo=1213,[독서-875] 기적의 호르몬 다이어트 - 여성 맞춤 프로젝트,2023. 9. 16. 12:56,full-text,,86976f39c55df030b4e3e59f63a317e14fcea0e8fe0b3688b4fef8bb7602f697,1
223213127389,https://blog.naver.com/PostView.naver?blogId=agapeuni&logNo=223213127389&categoryNo=1213,[독서-876] 우리 뇌는 어떻게 창조하는가 - 인공지능과 뇌과학,2023. 9. 16. 15:24,full-text,,bb9d29d33efd059b1c8eaf66a443758438a8bee9694653a9fac22b0b9ddf11f6,1
223214078626,https://blog.naver.com/PostView.naver?blogId=agapeuni&logNo=223214078626&categoryNo=1213,[독서-877] K홀릭 - 세계를 뒤흔든 대한민국의 힘,2023. 9. 17. 21:41,full-text,,fe65f765590146c20b9630974597bc7f794ff1155b27f2e36a8dc54c821678ba,1
223214217356,https://blog.naver.com/PostView.naver?blogId=agapeuni&logNo=223214217356&categoryNo=1213,[독서-878] 세컨드 펭귄 - 확실하게 살아남는 이인자의 공식,2023. 9. 18. 0:13,full-text,,e257fd81cb1babe759150091adf047962be68c428eec9dc40cf0d507d2892574,1
223217441930,https://blog.naver.com/PostView.naver?blogId=agapeuni&logNo=223217441930&categoryNo=1213,"[독서-879] 챗GPT, 이렇게 써먹으면 됩니다 - 전문가 설명",2023. 9. 21. 8:55,full-text,,6cd7cb9de5084b8a9888fbac653704ebeb82a7ae414377e133594bf3aefd433f,1
223218013673,https://blog.naver.com/PostView.naver?blogId=agapeuni&logNo=223218013673&categoryNo=1213,"[독서-880] 물이 나다 - 물, 몸과 마음을 살리는 자연의 기적",2023. 9. 21. 19:30,full-text,,acef97ad8b9ab6b54c69eb57d06e563b46cba438b522a71275e00e0069946d6c,1
223219827322,https://blog.naver.com/PostView.naver?blogId=agapeuni&logNo=223219827322&categoryNo=1213,[독서-881] 비즈니스 디지털 레볼루션 - 디지털 전환 시대,2023. 9. 23. 23:31,full-text,,aab263f665369487a15fbb03cca418a9fb20f3a934ada3f02c537664bb1282db,1
223220671896,https://blog.naver.com/PostView.naver?blogId=agapeuni&logNo=223220671896&categoryNo=1213,"[독서-882] 밀레니얼 워커십 - 새로운 시대, 일의 의미와 가치",2023. 9. 25. 3:27,full-text,,dcba7bc5950c259823108e78ae20386b1015a336a2adffacc65e22750364f10f,1
223220913711,https://blog.naver.com/PostView.naver?blogId=agapeuni&logNo=223220913711&categoryNo=1213,[독서-883] 미디어 리터러시 - 챗GPT 인공지능 시대 대비법,2023. 9. 25. 11:50,full-text,,50dcc5ad2292ce952bff13ce9682eab9007cb44eeaf8931fa2977e108ef36f6a,1
223221368093,https://blog.naver.com/PostView.naver?blogId=agapeuni&logNo=223221368093&categoryNo=1213,"[독서-884] 일본이 온다 - 일본의 부상, 한국 경제의 위기",2023. 9. 25. 19:40,full-text,,e93ea16fc6627e1fafd954a67bdfc6d539535e0b14ba5251ffab64bbaece89f4,1
223221717119,https://blog.naver.com/PostView.naver?blogId=agapeuni&logNo=223221717119&categoryNo=1213,[독서-885] 우리는 가상 세계로 간다 - 인류가 만든 사회,2023. 9. 26. 6:31,full-text,,1d84e8466c429f3bb77357141512f3fa0c5cd2b0017c4c3b9a5f9269382f7356,1
223222088163,https://blog.naver.com/PostView.naver?blogId=agapeuni&logNo=223222088163&categoryNo=1213,[독서-886] 좋았다면 추억이고 나빴다면 경험이다 - 일과 관계,2023. 9. 26. 14:43,full-text,,368fcfbb3a9cf72fdd22513fbdab85bb227c94f25748c1239363595f17d76cc9,1
223222624162,https://blog.naver.com/PostView.naver?blogId=agapeuni&logNo=223222624162&categoryNo=1213,[독서-887] 유리 멘탈이지만 절대 깨지지 않아 - 마음강화습관,2023. 9. 27. 1:01,full-text,,f09534a19378f86284306d3c6e84429b653bdcd136e9bc69194336abde4596b7,1
223223394269,https://blog.naver.com/PostView.naver?blogId=agapeuni&logNo=223223394269&categoryNo=1213,[독서-888] 너의 눈물엔 우산이 필요해 - 황리제 시집,2023. 9. 27. 21:38,full-text,,4ecd4955b49bad31cf2507817fad79dde6d486b317103cc869f4d866bfe76cb1,1
223223517599,https://blog.naver.com/PostView.naver?blogId=agapeuni&logNo=223223517599&categoryNo=1213,[독서-889] 왜 그 사람은 하는 일마다 잘될까? - 습관 20가지,2023. 9. 28. 0:26,full-text,,d57ad2244e315b7d0f392264c325e511ec2df6ed20a4ca9c59c638c6f1189853,1
223223881106,https://blog.naver.com/PostView.naver?blogId=agapeuni&logNo=223223881106&categoryNo=1213,[독서-890] 착각에 빠진 리더들 - 8가지 리더십 전략,2023. 9. 28. 16:33,full-text,,c767aaa72be430ea2cb28311934d2acfd3b60305f2c6ef3b884d330bc21a6b8c,1
223223943433,https://blog.naver.com/PostView.naver?blogId=agapeuni&logNo=223223943433&categoryNo=1213,"[독서-891] 잘하는 것도, 하고 싶은 일도 없다는 너에게",2023. 9. 28. 18:36,full-text,,67bb42e399ea39337734edbcc87e07bb3ced03fc2a81f6ed3d601ab26b7ad843,1
223224191216,https://blog.naver.com/PostView.naver?blogId=agapeuni&logNo=223224191216&categoryNo=1213,"[독서-892] 종교분쟁, 무엇이 문제일까? - 종교 갈등의 원인",2023. 9. 29. 2:11,full-text,,b6c30379188faa53cc281d137b4bb22ed354fdc78c94869ec4b1636017407e5d,1
223225209302,https://blog.naver.com/PostView.naver?blogId=agapeuni&logNo=223225209302&categoryNo=1213,[독서-893] 상위 1% 인플루언서로 가는 절세 노하우,2023. 9. 30. 22:20,full-text,,ea638a26717bb3536bd763792d416645972211d4404d61b82ff128fbf7dc4ae4,1
223225421961,https://blog.naver.com/PostView.naver?blogId=agapeuni&logNo=223225421961&categoryNo=1213,[독서-894] 더 나은 웹 개발을 위한 가이드 - 웹사이트 구축,2023. 10. 1. 7:47,full-text,,5a8ca271c3bfeaead5160127012981440006eb83dfd0dfdf7cd0f2e1d4d818e0,1
223225958818,https://blog.naver.com/PostView.naver?blogId=agapeuni&logNo=223225958818&categoryNo=1213,[독서-895] 어린 시절의 부모를 이해하는가 - 상처의 근원,2023. 10. 2. 0:45,full-text,,c0c1a5a34f6f20ef8d29c04b36fc1a17c3609e7a22feedb5ad087fc3b31af161,1
223226054847,https://blog.naver.com/PostView.naver?blogId=agapeuni&logNo=223226054847&categoryNo=1213,[독서-896] 그럼에도 인생은 흐른다 - 나를 돌보는 철학,2023. 10. 2. 7:02,full-text,,3727b72c20873af7865117a57c7a998eec171ee0aeef4b358419e3b19eea1fdc,1
223226310505,https://blog.naver.com/PostView.naver?blogId=agapeuni&logNo=223226310505&categoryNo=1213,[독서-897] 블록체인 토크노믹스 - 다시 집중해야 하는 이유,2023. 10. 2. 15:45,full-text,,cb3165dc4dd9221797c036295e7539d7640e83d0bcb0f8600fd1ef93e982fa63,1
223226438225,https://blog.naver.com/PostView.naver?blogId=agapeuni&logNo=223226438225&categoryNo=1213,[독서-898] 틀을 깨는 사고력 - 생각의 틀을 깨라,2023. 10. 2. 19:16,full-text,,0e1838bf9d0f63a93fc5828589645659d7cb58b004c57ef8f92b19ec1ea7d062,1
223226524398,https://blog.naver.com/PostView.naver?blogId=agapeuni&logNo=223226524398&categoryNo=1213,[독서-899] 너무 애쓰지 않아도 괜찮아 - 인생행복 내비게이션,2023. 10. 2. 21:32,full-text,,a2ee15cd7ca67c2d5000195051c3d093e6fb1c3d50333b6fcf99058d77d15363,1
223226609969,https://blog.naver.com/PostView.naver?blogId=agapeuni&logNo=223226609969&categoryNo=1213,[독서-900] 마지못해 사는 건 인생이 아니야 - 인생 돌보기,2023. 10. 2. 23:25,full-text,,c4cc9dee183beb0f39274773996ba63e8ef4e41f7a43e8433da91e2534983eb4,1
223226699241,https://blog.naver.com/PostView.naver?blogId=agapeuni&logNo=223226699241&categoryNo=1213,[독서-901] 프로젝트 관리자를 위한 프로젝트 관리 이야기,2023. 10. 3. 1:46,full-text,,faf52d8f52475c0508d73c3feea84b9d4970c96fa32937978b384785b1854627,1
223227089243,https://blog.naver.com/PostView.naver?blogId=agapeuni&logNo=223227089243&categoryNo=1213,[독서-902] 결단은 칼처럼 행동은 화살처럼 - 기업가 정신,2023. 10. 3. 17:03,full-text,,6b44d9b5f67280ddefd7e2a31a67fc426d963f43f9f0744f03e1146bc9edfea1,1
223227237796,https://blog.naver.com/PostView.naver?blogId=agapeuni&logNo=223227237796&categoryNo=1213,[독서-903] 백년 심장 만들기 - 건강한 심장을 유지하는 법,2023. 10. 3. 20:43,full-text,,4cd499745876765c491ef824861667164124d5852d9492c950fd9ad1fe507e75,1
223227436858,https://blog.naver.com/PostView.naver?blogId=agapeuni&logNo=223227436858&categoryNo=1213,[독서-904] 무엇이 강대국을 만드는가 - 가장 위대한 제국들,2023. 10. 4. 0:49,full-text,,c28a4b8274889eb251b07a80fd12a33fe48624fcbe2238adb8af78d01d3d98f2,1
223227498143,https://blog.naver.com/PostView.naver?blogId=agapeuni&logNo=223227498143&categoryNo=1213,[독서-905] 시선이 기준이 되지 않도록 - 보고 싶은 것만 보고,2023. 10. 4. 4:11,full-text,,ad81c0ff2808c2ffb6e3d34ba9dc51bc48ce237b6aa640161c41b91ca3058d6b,1
223228418592,https://blog.naver.com/PostView.naver?blogId=agapeuni&logNo=223228418592&categoryNo=1213,[독서-906] 돈 공부 전에 일 공부 끝장내기 - 일의 언어를 알기,2023. 10. 5. 1:25,full-text,,bcc5049c916d7fedf6edb3fd3e42944659701745f281f3621780aa91f54f4f55,1
223228457783,https://blog.naver.com/PostView.naver?blogId=agapeuni&logNo=223228457783&categoryNo=1213,[독서-907] 나는 나를 지배하고 싶다 - 인생 아포리즘,2023. 10. 5. 3:46,full-text,,7e9571b3b40dd2c41b0361a4cdab83d927885384f5e5e007ff6b0cbd690336ba,1
223229307737,https://blog.naver.com/PostView.naver?blogId=agapeuni&logNo=223229307737&categoryNo=1213,[독서-908] 나를 돌보지 못했던 시간들 - 인생 로드맵 6단계,2023. 10. 5. 23:54,full-text,,820c9564afb9e56a3b9f18cbebca5c05b821d0bb5c0af0e2b10ecd186b9aa0c4,1
223229838355,https://blog.naver.com/PostView.naver?blogId=agapeuni&logNo=223229838355&categoryNo=1213,"[독서-909] 10대, 세상과 맞서기 전 알아야 할 인생 수업",2023. 10. 6. 15:42,full-text,,1ebe550d1cf2db364ba8fb228688b0318028ef55e72ef3d3728a6efb9e7fb5ee,1
223229961649,https://blog.naver.com/PostView.naver?blogId=agapeuni&logNo=223229961649&categoryNo=1213,"[독서-910] 내 머릿속에서 이 생각 좀 치워주세요 - 불안, 강박",2023. 10. 6. 17:50,full-text,,f3f920930ccb4855d5fd923e784c745f41cf0dced609bd54ee59cac044233035,1
223230641691,https://blog.naver.com/PostView.naver?blogId=agapeuni&logNo=223230641691&categoryNo=1213,[독서-911] 챗GPT 바이블 - 생성형 프롬프트 활용 전략,2023. 10. 7. 17:11,full-text,,ad0ed67dd0d76f78d93170918cd8e8412d532c4e7894055333b76b6c95e704ef,1
223230844809,https://blog.naver.com/PostView.naver?blogId=agapeuni&logNo=223230844809&categoryNo=1213,[독서-912] 슈퍼모닝 - 매일 아침 내 삶을 리부팅하는 시간,2023. 10. 7. 23:29,full-text,,b9c2b9ae758ce351d505d7f6ce36f70667a493257f8d2e34856a5c6de49f3f55,1
223231319246,https://blog.naver.com/PostView.naver?blogId=agapeuni&logNo=223231319246&categoryNo=1213,[독서-913] 너라는 별에 행복을 줄게 - 일상에서 행복 찾기,2023. 10. 8. 19:41,full-text,,a476c53c02c6c8dc87f43440098bb7374321c65f42570949ca70fa6a332109db,1
223231559692,https://blog.naver.com/PostView.naver?blogId=agapeuni&logNo=223231559692&categoryNo=1213,[독서-914] 반드시 좋은 날이 올 거야 - 속도보다 방향이다,2023. 10. 9. 2:13,full-text,,a867a91b8eb2c50a24441f549e22d625b05ddeee7e4802c4afadc7e7a9abc6a9,1
223232179947,https://blog.naver.com/PostView.naver?blogId=agapeuni&logNo=223232179947&categoryNo=1213,[독서-915] 기본 수학의 정석 - 확률과 통계 (2023년용),2023. 10. 9. 22:43,full-text,,2ff6d5aa155b725688b946c37e8b9cac5ddba9239c765bc10e66ab5fadabde2c,1
223232297810,https://blog.naver.com/PostView.naver?blogId=agapeuni&logNo=223232297810&categoryNo=1213,[독서-916] 데이터 과학을 위한 기초 수학 - with 파이썬,2023. 10. 10. 1:26,full-text,,19b2bc0c09d6fb176ecfd71085833852f03363cf1bac745c847f9e5078c3656c,1
223232812325,https://blog.naver.com/PostView.naver?blogId=agapeuni&logNo=223232812325&categoryNo=1213,[독서-917] 코끼리 코를 찾아서 - 글쓰기 다섯 길을 걷다,2023. 10. 10. 16:14,full-text,,4f1cc63670b64cab6b5bee280b0092fd90610f350ee35ddba91656708192a074,1
223233075382,https://blog.naver.com/PostView.naver?blogId=agapeuni&logNo=223233075382&categoryNo=1213,[독서-918] 백만장자처럼 생각하라 - 부자들의 진실,2023. 10. 10. 21:15,full-text,,0d3c33a922aa98c0a1cfbe8ac93bcc2bc853a51782921879c9f003dcee41b7e9,1
223236022820,https://blog.naver.com/PostView.naver?blogId=agapeuni&logNo=223236022820&categoryNo=1213,[독서-919] 부자의 그릇 - 돈을 다루는 능력을 키우는 법,2023. 10. 13. 21:31,full-text,,5814dd28772c2d6b238ea5bed25331141247ca0186e538bca040f60dd8b2f21f,1
223236926824,https://blog.naver.com/PostView.naver?blogId=agapeuni&logNo=223236926824&categoryNo=1213,[독서-920] 비즈니스모델 사용설명서 - 기술 트렌드 활용방법,2023. 10. 15. 4:06,full-text,,48e3b18d0dc739f70b2aeee8eec4eb0ffc466a3ac0db36de5f1da97555de4fe9,1
223237157482,https://blog.naver.com/PostView.naver?blogId=agapeuni&logNo=223237157482&categoryNo=1213,[독서-921] 나는 휘둘리지 않기로 했다 - 행복하게 사는 법,2023. 10. 15. 14:28,full-text,,21d1b1583fd49a515a58891caa22867c52e934ce9dc584fe72089c38ea596d75,1
223237639805,https://blog.naver.com/PostView.naver?blogId=agapeuni&logNo=223237639805&categoryNo=1213,[독서-922] 애쓰지 않는 기술 - 불안과 이별하는 실전 심리학,2023. 10. 16. 2:38,full-text,,9b3d508e895c4d495e8570d8c4eee7ebc70f4d5e64d2a39763afc654e6efda1b,1
223238617409,https://blog.naver.com/PostView.naver?blogId=agapeuni&logNo=223238617409&categoryNo=1213,[독서-923] 오늘 아침은 우울하지 않았습니다 - 감정심리치료,2023. 10. 17. 1:23,full-text,,dd1328398bc11a453485e6fbd048a967befea1655bf62a002bdb7deb9c3f1303,1
223238648186,https://blog.naver.com/PostView.naver?blogId=agapeuni&logNo=223238648186&categoryNo=1213,"[독서-924] 행복, 이거 너 다 가져 - 까꿍이가 전하는 행복박스",2023. 10. 17. 3:02,full-text,,4cd7d982f27a084374193702fb1d2e96c8f297ca0e1f4d258b2e24d7201e31b3,1
223241294303,https://blog.naver.com/PostView.naver?blogId=agapeuni&logNo=223241294303&categoryNo=1213,[독서-925] 키웨스트의 디지털 자산 투자 - 부자 되는 원칙,2023. 10. 19. 21:11,full-text,,60b79c876701512f7b80022f96cb65a951178a9b4a5bf324f14799cb0f478161,1
223241343274,https://blog.naver.com/PostView.naver?blogId=agapeuni&logNo=223241343274&categoryNo=1213,[독서-926] 공복 최고의 약 - 암을 극복한 의사가 직접 실천,2023. 10. 19. 22:13,full-text,,3d9f457536ac898b721e4e9b821903a1b699ba3a6c443b50e1538c26f085988d,1
223241415733,https://blog.naver.com/PostView.naver?blogId=agapeuni&logNo=223241415733&categoryNo=1213,[독서-927] 자기암시 - 우리의 몸과 마음을 치유하는 방법,2023. 10. 19. 23:40,full-text,,830ab217d22cba820c1e616659bffa55c22b224eeb1c6d8cb98f86936f76d568,1
223241484618,https://blog.naver.com/PostView.naver?blogId=agapeuni&logNo=223241484618&categoryNo=1213,[독서-928] 품격을 높이는 말의 기술 - 말하는 스피치의 기술,2023. 10. 20. 1:36,full-text,,2aeb082389040d0c7c274d7695284e3032a86a8b4f1af38ce69c9e599263c282,1
223244867116,https://blog.naver.com/PostView.naver?blogId=agapeuni&logNo=223244867116&categoryNo=1213,[독서-929] 2024 AI 트렌드 - AI로 바뀔 세상을 포착하다,2023. 10. 24. 7:09,full-text,,e94ffbd53823442355ef52d911a19e9e3288e4b41df4180c35b2ec7080df76b5,1
223245712558,https://blog.naver.com/PostView.naver?blogId=agapeuni&logNo=223245712558&categoryNo=1213,[독서-930] 하늘과 바람과 별과 시 유고집 - 윤동주 시 선집,2023. 10. 24. 23:43,full-text,,4f01d03b6de0b43c6aca34bd73b6c0d36396acb07f1f023e228cd2b933ee95c9,1
223246606715,https://blog.naver.com/PostView.naver?blogId=agapeuni&logNo=223246606715&categoryNo=1213,[독서-931] 최선의 우울 - 우울한 마음에 필요한 것은?,2023. 10. 25. 22:06,full-text,,56596fb060eaa7fe5580e2a6f153c229bcc82a48017059c9611ea92018a38ec1,1
223246685609,https://blog.naver.com/PostView.naver?blogId=agapeuni&logNo=223246685609&categoryNo=1213,[독서-932] 남의 비위 맞추기는 이제 그만 - 유쾌하게 사는 법,2023. 10. 25. 23:38,full-text,,92acf56983c05afd539c750a6e34ae30057cabde963e18b73982729fd66a6b01,1
223247619726,https://blog.naver.com/PostView.naver?blogId=agapeuni&logNo=223247619726&categoryNo=1213,[독서-933] 나는 왜 나를 사랑하지 못할까 - 자기 사랑 심리학,2023. 10. 26. 22:47,full-text,,f7cba47444930589b2dc8cf0b03f9f97e51bdb45abd2b89edd5d7c3ccd718680,1
223248265965,https://blog.naver.com/PostView.naver?blogId=agapeuni&logNo=223248265965&categoryNo=1213,"[독서-934] 위대한 착각, 올바른 미래 - 기술의 오해와 진실",2023. 10. 27. 16:30,full-text,,b1dcffc030cf0733c766a427d75ef39e22ab6a379a038d6650ac277b9c9587ba,1
223248390888,https://blog.naver.com/PostView.naver?blogId=agapeuni&logNo=223248390888&categoryNo=1213,[독서-935] 스티브 잡스는 왜 오징어 게임을 죽였을까?,2023. 10. 27. 18:46,full-text,,a15516d733341173debf61c2ae8762c84e11c0d5559e691836a1842b670fc49f,1
223248996641,https://blog.naver.com/PostView.naver?blogId=agapeuni&logNo=223248996641&categoryNo=1213,[독서-936] 더플래닝 - 기획은 새로운 길을 찾는 것이다,2023. 10. 28. 16:02,full-text,,5d1a4e19e0f078fb7f925f80ecc7e0e49c72e98dd3454923ed7234605b65b4c0,1
223249072319,https://blog.naver.com/PostView.naver?blogId=agapeuni&logNo=223249072319&categoryNo=1213,[독서-937] 연봉 말고 5000만 원 더 벌기 - 재태크 습관,2023. 10. 28. 18:14,full-text,,ab253bf39b2d55c1e0722045946be3d6783db53b30c83f546e2c8c5806e722ef,1
223249402488,https://blog.naver.com/PostView.naver?blogId=agapeuni&logNo=223249402488&categoryNo=1213,[독서-938] 공부에 미친 사람들 - 급이 다른 공부의 길,2023. 10. 29. 5:13,full-text,,8b9ab9ece7b664a2cb6ac16e228240032a6bb978ab0e81aa6f7c4eef71274028,1
223251120714,https://blog.naver.com/PostView.naver?blogId=agapeuni&logNo=223251120714&categoryNo=1213,[독서-939] 세계 2.0 - 메타버스 세계 어떻게 구축할 것인가,2023. 10. 31. 1:18,full-text,,ccc4645569dd5a2c8072f693a76226e42b94a38d8e3119cd4f81f406ff79c817,1
223251877237,https://blog.naver.com/PostView.naver?blogId=agapeuni&logNo=223251877237&categoryNo=1213,[독서-940] 마흔에 버렸더라면 더 좋았을 것들 - 내려놓음,2023. 10. 31. 19:56,full-text,,0496e9d56bf62b42fcaac9730f4521114c90ed0b91269d274b3627ac3a7bfddb,1
223252619623,https://blog.naver.com/PostView.naver?blogId=agapeuni&logNo=223252619623&categoryNo=1213,[독서-941] 데이터사이언스를 위한 기초수학 with 파이썬,2023. 11. 1. 14:50,full-text,,e7b15eaacfcd624753effbb494471954fe44a445fffdd95ee6b8a484de980a20,1
223252771366,https://blog.naver.com/PostView.naver?blogId=agapeuni&logNo=223252771366&categoryNo=1213,[독서-942] 폴리매스 - 세상을 바꾼 천재 지식인의 역사,2023. 11. 1. 17:10,full-text,,a37da21538bb351c897e04959817820cd8452089221c1979824170a318ff1415,1
223252924830,https://blog.naver.com/PostView.naver?blogId=agapeuni&logNo=223252924830&categoryNo=1213,"[독서-943] 초심력 - 돈, 시간, 자유를 얻는 6가지 성공 마인드",2023. 11. 1. 19:55,full-text,,f17dff8e857721ee03aa00246d17afa5948edbcc4047ae4c8ee260dec619007d,1
223255631409,https://blog.naver.com/PostView.naver?blogId=agapeuni&logNo=223255631409&categoryNo=1213,[독서-944] 그림으로 배우는 AI - 인공지능의 모든 것,2023. 11. 4. 19:30,full-text,,1c563e5b4c911802324e06a4a0ff76954ca259824cb8f12d77fcdf2927ebff97,1
223256874572,https://blog.naver.com/PostView.naver?blogId=agapeuni&logNo=223256874572&categoryNo=1213,[독서-945] 직장인 말하기의 모든 것 - 아나운서 스피치 코칭,2023. 11. 6. 11:00,full-text,,ddf63270ac2abb7698706b440a4a4b210dff0563864f34d65d238d003b040919,1
223256921044,https://blog.naver.com/PostView.naver?blogId=agapeuni&logNo=223256921044&categoryNo=1213,[독서-946] 챗GPT 프롬프트 디자인 - 인공지능 나만의 무기,2023. 11. 6. 11:48,full-text,,2a8ccd9f60a1e4042e2d399f6e4918af4dc6fc64c148c50de7d921c17692e547,1
223257663566,https://blog.naver.com/PostView.naver?blogId=agapeuni&logNo=223257663566&categoryNo=1213,[독서-947] 경제위기 투자 바이블 - 불확실한 시기 투자전략,2023. 11. 7. 1:08,full-text,,c538f2f1a5d146aa3eb3f17d7dda96d6cfbe4c175808a6281f9f7a5d68fb0cc8,1
223257713500,https://blog.naver.com/PostView.naver?blogId=agapeuni&logNo=223257713500&categoryNo=1213,"[독서-948] 너의 이름은 - 아직 만난 적 없는 너를, 찾고 있어",2023. 11. 7. 3:32,full-text,,1ff74b3e08ef9e6f8d94343393f26d0d4b9f091d5b11a23e580f2051277bafdc,1
223258042536,https://blog.naver.com/PostView.naver?blogId=agapeuni&logNo=223258042536&categoryNo=1213,[독서-949] 조율하여 리딩하라 - 의학적으로 밝힌 성과의 비밀,2023. 11. 7. 13:15,full-text,,79be08498559c90b2996f48b64ec3623750956eff979a32fd4f541822af695fc,1
223258676283,https://blog.naver.com/PostView.naver?blogId=agapeuni&logNo=223258676283&categoryNo=1213,[독서-950] 2024 IT 메가 트렌드 - AI 센트릭 시대가 온다,2023. 11. 8. 1:19,full-text,,6b921a525b9d7aab13ef36fbc9d4c578da4e5d9e91689304207e7e5d860a1c0c,1
223258731932,https://blog.naver.com/PostView.naver?blogId=agapeuni&logNo=223258731932&categoryNo=1213,[독서-951] 예수처럼 리드하라 - 예수께 배우는 최고의 리더십,2023. 11. 8. 4:38,full-text,,b756612e296cc4c098df41fa91a14a296a237a75c1638206ece3e114ddabcb65,1
223259410955,https://blog.naver.com/PostView.naver?blogId=agapeuni&logNo=223259410955&categoryNo=1213,[독서-952] 모든 삶은 실수로 시작된다 - 솔직한 인생 이야기,2023. 11. 8. 19:38,full-text,,1856bc2eb6a6a1299538d63a18171126bf7d46de2380f6e7353f073e24e5b18c,1
223259751962,https://blog.naver.com/PostView.naver?blogId=agapeuni&logNo=223259751962&categoryNo=1213,[독서-953] 세상을 바꾸는 한마디 - 더 나은 나를 위한 말의 힘,2023. 11. 9. 5:51,full-text,,50edad12ab32cfb915bc219aa00945911f163e183a53eeb8d2e181d77e1cb5d3,1
223260617908,https://blog.naver.com/PostView.naver?blogId=agapeuni&logNo=223260617908&categoryNo=1213,[독서-954] 디지털 미디어 인사이트 2024 - 미디어 패러다임,2023. 11. 9. 23:53,full-text,,b18af5b08d3c209482015f2b20118f737b02cf2796924c1632383375131d2260,1
223260715424,https://blog.naver.com/PostView.naver?blogId=agapeuni&logNo=223260715424&categoryNo=1213,[독서-955] 스파이크 - 브랜드 팬을 만드는 궁극의 법칙,2023. 11. 10. 3:36,full-text,,d65e75ceeb9bf4edcc7151c1be2631375a4c6262cf3775e223be357764224d2f,1
223260757362,https://blog.naver.com/PostView.naver?blogId=agapeuni&logNo=223260757362&categoryNo=1213,[독서-956] 파이브 포인츠 - 아이를 핵심 인재로 키우는 질문,2023. 11. 10. 6:52,full-text,,492ced46558c8b6af6037b67df6850617dc645cd7e9c37b47d6490ff9dc62d22,1
223261084697,https://blog.naver.com/PostView.naver?blogId=agapeuni&logNo=223261084697&categoryNo=1213,[독서-957] AI 시대 챗GPT 리터러시를 만나다 - 활용가이드,2023. 11. 10. 14:24,full-text,,7d607ade1410929e83a53b8dcab12e2261c9c84617eb39ea2d281a00310be375,1
223261685468,https://blog.naver.com/PostView.naver?blogId=agapeuni&logNo=223261685468&categoryNo=1213,[독서-958] 부자가 되려거든 기록하라 - 돈 관리 재테크 시작,2023. 11. 11. 7:21,full-text,,79eaa3f7f36fbdc30d1ab69341e6fcdc0bf48a890cca3e9b6ba5354ad1a73cd9,1
223261948516,https://blog.naver.com/PostView.naver?blogId=agapeuni&logNo=223261948516&categoryNo=1213,"[독서-959] 편집의 신 - 고퀄리티 영상, 한 권으로 끝내기",2023. 11. 11. 16:13,full-text,,16634ab7f57324c7e63720c0ca2ace1b8d1e21d14b292a6023d83e6a94666397,1
223262032857,https://blog.naver.com/PostView.naver?blogId=agapeuni&logNo=223262032857&categoryNo=1213,[독서-960] 고교선생님의 특별한 금융경제 수업 - 경제 상식,2023. 11. 11. 18:42,full-text,,357df7b124903edf7eb3d0b6900e6ed245a2c5c390882bbba7ae22ff6855f255,1
223262274257,https://blog.naver.com/PostView.naver?blogId=agapeuni&logNo=223262274257&categoryNo=1213,[독서-961] 실무자를 위한 파이썬 100제 - 실무에서 활용방법,2023. 11. 12. 1:10,full-text,,b1e923b0c61c4142ac0c8b55c9cb0fa957f0bc9270934e794a22a24a4fd4a26a,1
223262314505,https://blog.naver.com/PostView.naver?blogId=agapeuni&logNo=223262314505&categoryNo=1213,[독서-962] 만들면서 배우는 파이썬과 40개의 작품들,2023. 11. 12. 3:06,full-text,,f13168313e2dced6133c6112b69dbcbaa649558d54b5a54a03e7f02c482d45ce,1
223262975672,https://blog.naver.com/PostView.naver?blogId=agapeuni&logNo=223262975672&categoryNo=1213,[독서-963] 슈퍼휴먼 - 바닥부터 시작해 자수성가한 상위 1%,2023. 11. 13. 0:18,full-text,,2e28fa47dcd9e7f08b5b1ff0d55c6ec484c086de05465da89644dbdf0effa289,1
223263057113,https://blog.naver.com/PostView.naver?blogId=agapeuni&logNo=223263057113&categoryNo=1213,[독서-964] 먹는 경제학 - 음식 속에 숨은 경제 이야기,2023. 11. 13. 3:58,full-text,,b0de3de4a1fa9b9792aaa7224c353e9037a07844b44275e7a9727e8758af65f0,1
223263824040,https://blog.naver.com/PostView.naver?blogId=agapeuni&logNo=223263824040&categoryNo=1213,[독서-965] AI가 바꾸는 학교 수업 챗GPT 교육 활용 - 교육편,2023. 11. 13. 21:07,full-text,,967fccc9562ce325cdc8af0fb6547f642144b6d99a93928684c8e25f6b87528f,1
223264011298,https://blog.naver.com/PostView.naver?blogId=agapeuni&logNo=223264011298&categoryNo=1213,[독서-966] 타임라인 경제교실 - 세계사로 읽는 경제 이야기,2023. 11. 14. 0:47,full-text,,0d3ae08f5faecccb7d160b4b364269844cd98e9f656c0f530ebb57e1153b809f,1
223264091137,https://blog.naver.com/PostView.naver?blogId=agapeuni&logNo=223264091137&categoryNo=1213,[독서-967] 나는 테슬라에서 인생 주행법을 배웠다,2023. 11. 14. 5:48,full-text,,fc37f5743fd4a4f72f116f32a2149b7ee7317ff7cd5ab5de2aeabbbd5e189383,1
223264134486,https://blog.naver.com/PostView.naver?blogId=agapeuni&logNo=223264134486&categoryNo=1213,[독서-968] 예수쟁이 다이어리 - 기독교가 제일 싫었던 사람,2023. 11. 14. 8:03,full-text,,267d8805af9f297fc84c70961489b71ed0ce8ae9e22605c56c549a291494fa63,1
223264538521,https://blog.naver.com/PostView.naver?blogId=agapeuni&logNo=223264538521&categoryNo=1213,[독서-969] 가까운 사람이 의존성 성격 장애일 때,2023. 11. 14. 15:45,full-text,,7a972eedf6e5e107296da187edf6e4e4c781f4ea3320eeff2c23e548f41b9f38,1
223265071055,https://blog.naver.com/PostView.naver?blogId=agapeuni&logNo=223265071055&categoryNo=1213,[독서-970] 말의 진심 - 언어의 마음을 알려주는 심리학,2023. 11. 15. 3:08,full-text,,49dd5f17683569e1c601d0fc3410da33a3b69d0487a7e4cfb1051e51eb7aea3e,1
223265218970,https://blog.naver.com/PostView.naver?blogId=agapeuni&logNo=223265218970&categoryNo=1213,"[독서-971] 사람이 따르는 말, 사람이 떠나는 말 - 대화 습관",2023. 11. 15. 9:53,full-text,,2fac5a014070a2468acc76aac8c596f1b4dfb281d20a4ea2609a716c9883c188,1
223265263095,https://blog.naver.com/PostView.naver?blogId=agapeuni&logNo=223265263095&categoryNo=1213,[독서-972] 필연적 편협 - 우리는 필연적인 편협을 깨야 한다,2023. 11. 15. 10:43,full-text,,5774191031714a5f4a34ef4bc7581d5afa20c2cf43793ed94d92c6f5a86485dc,1
223266064762,https://blog.naver.com/PostView.naver?blogId=agapeuni&logNo=223266064762&categoryNo=1213,[독서-973] 서울대 의대 1학년의 찐 합격 노트 - 6개 의대 합격,2023. 11. 16. 2:24,full-text,,94f60317bd1c9457c76c01ab5c925f0276a782c6e2630aa86bb793a8929dc476,1
223267028524,https://blog.naver.com/PostView.naver?blogId=agapeuni&logNo=223267028524&categoryNo=1213,[독서-974] 복잡한 세상의 현자 - 인생을 통찰하는 성공 법칙,2023. 11. 17. 1:13,full-text,,f41e38f291d0145ebc9235798a603a187dabfb7d12be77e6326c25e942955360,1
223267074655,https://blog.naver.com/PostView.naver?blogId=agapeuni&logNo=223267074655&categoryNo=1213,[독서-975] 10년 먼저 시작하는 여유만만 은퇴생활 - 경제적 자유,2023. 11. 17. 3:38,full-text,,4598decb083d5d793297a848906d81fe8773bef30d4bd635d67e43b0525a9c46,1
223267075726,https://blog.naver.com/PostView.naver?blogId=agapeuni&logNo=223267075726&categoryNo=1213,[독서-976] 곽수종 박사의 경제대예측 2024-2028,2023. 11. 17. 3:44,full-text,,8f320dc81c130d0737a5a3028ed33889a0254c12f08b107ee73dfb89892aaf3b,1
223267856868,https://blog.naver.com/PostView.naver?blogId=agapeuni&logNo=223267856868&categoryNo=1213,[독서-977] 크립토 시대 돈은 어떻게 진화하는가? - 돈의 진화,2023. 11. 17. 22:45,full-text,,b5ccee632d080d221fd53624df832d40c1747b823d700172712bc157700afa79,1
223267958287,https://blog.naver.com/PostView.naver?blogId=agapeuni&logNo=223267958287&categoryNo=1213,[독서-978] 끝없는 월요일 - 월급쟁이 탈출한 40대 자산가,2023. 11. 18. 1:27,full-text,,ca1453257563d3b72631470e5efb40a944bbbf4e23b72191e931fad78ab6dde2,1
223268642725,https://blog.naver.com/PostView.naver?blogId=agapeuni&logNo=223268642725&categoryNo=1213,[독서-979] 왜 모두가 그 상사와 일하고 싶어하는가 - 리더십,2023. 11. 19. 2:53,full-text,,4db75b4f3fb9604a212b2f639a5674efd9c0f09de6444894441aabbe6b9514fa,1
223268664395,https://blog.naver.com/PostView.naver?blogId=agapeuni&logNo=223268664395&categoryNo=1213,[독서-980] 삶이 당신보다 더 잘 안다 - 숲속 현자 내맡김 수업,2023. 11. 19. 4:59,full-text,,7c8ec7e43cbdfcf34c6a84bda0f0cb0dd33a43246e7453d3d8ec2a7868c67805,1
223271319486,https://blog.naver.com/PostView.naver?blogId=agapeuni&logNo=223271319486&categoryNo=1213,[독서-981] 쉬는 기술 - 덜 지치고 더 빨리 회복하기 위한,2023. 11. 22. 3:23,full-text,,ba8c19e52a2a7d2a8337cf1dd28915e83b80e1670fdf6c0d98c1b6a1dd2ab9cf,1
223271359633,https://blog.naver.com/PostView.naver?blogId=agapeuni&logNo=223271359633&categoryNo=1213,[독서-982] 챗GPT 교과서 - 수업에서 바로 활용하는,2023. 11. 22. 6:49,full-text,,c25b67a57b27c680cbbc2b224146c33123b65e48fd585afcc2ee89a447d891b6,1
223272118505,https://blog.naver.com/PostView.naver?blogId=agapeuni&logNo=223272118505&categoryNo=1213,[독서-983] 천상의 천사 - 천국의 실제와 천사들과의 만남,2023. 11. 22. 22:06,full-text,,4d540cf28327e9d3901238b85863a2bb1f55a8dcc551cbf0efc0c170e55b2f38,1
223275641036,https://blog.naver.com/PostView.naver?blogId=agapeuni&logNo=223275641036&categoryNo=1213,[독서-984] 마음을 여는 듣기의 힘 - 경청하면 마음이 열린다,2023. 11. 27. 6:37,full-text,,f1adcc6dd14c5c8cdf24f0312005f1b94165f4ff6f998951aa73653c7a88284c,1
223276456420,https://blog.naver.com/PostView.naver?blogId=agapeuni&logNo=223276456420&categoryNo=1213,[독서-985] 뉴 로봇 원칙 -  AI 시대에 꼭 필요한 새로운 법칙,2023. 11. 27. 22:22,full-text,,a9e89577623c0f5935f0116ff053ec9c6e1912f3bd26ca51968b8a999cfb26a6,1
223276604634,https://blog.naver.com/PostView.naver?blogId=agapeuni&logNo=223276604634&categoryNo=1213,"[독서-986] 네이버 스마트스토어 월 수입 1,000만원",2023. 11. 28. 1:32,full-text,,292a309730e40ae314a0962a605822f9209c8b8c6af93fa087a48e0068915716,1
223277548245,https://blog.naver.com/PostView.naver?blogId=agapeuni&logNo=223277548245&categoryNo=1213,[독서-987] 1위 사고 - 압도적인 속도로 성과를 내는 습관,2023. 11. 28. 23:48,full-text,,2df25ea05583486932a04c628e0d54583e732095fa96de018b97c2a4479b4f63,1
223277638760,https://blog.naver.com/PostView.naver?blogId=agapeuni&logNo=223277638760&categoryNo=1213,[독서-988] 반드시 해낼 거라는 믿음 - 모든 것이 가능하다,2023. 11. 29. 2:49,full-text,,ab3c10ef1df75489f41e7847d6b52ac3269195efc4330c6f950f26f8912006da,1
223278021075,https://blog.naver.com/PostView.naver?blogId=agapeuni&logNo=223278021075&categoryNo=1213,[독서-989] 알기 쉬운 구매실무 첫걸음 - 구매관리 실무 정리,2023. 11. 29. 14:22,full-text,,c687757bae03cd1f4ed98150df93f02cad6151e8a92e9219674ff9e0496724d9,1
223278156222,https://blog.naver.com/PostView.naver?blogId=agapeuni&logNo=223278156222&categoryNo=1213,[독서-990] 진짜공부 vs 가짜공부 - 자발적인 공부를 하자,2023. 11. 29. 16:34,full-text,,558ad2b84cd7132b436518fdab102a7b25a46b91fd2f9bbbab7ddd421c9515c2,1
223278621684,https://blog.naver.com/PostView.naver?blogId=agapeuni&logNo=223278621684&categoryNo=1213,[독서-991] 다시 사랑하게 된다면 - 성장의 심리학,2023. 11. 30. 2:37,full-text,,e6d6c09e66aede29a36becd3ae8d5a4c8cbc636fa2a78bc3444ed7b4899bb93f,1
223279544773,https://blog.naver.com/PostView.naver?blogId=agapeuni&logNo=223279544773&categoryNo=1213,[독서-992] 더 기프트 - 삶을 선물로 바꾸는 12번의 치유 수업,2023. 11. 30. 23:38,full-text,,6bd9a967a6a496514c134436f456f353120ce442e0ff2dd3c8f8a14becbc26c3,1
223279618593,https://blog.naver.com/PostView.naver?blogId=agapeuni&logNo=223279618593&categoryNo=1213,[독서-993] 원 워드(One Word) - 인생을 바꾸는 한 단어,2023. 12. 1. 1:16,full-text,,a5d32a68aae12b31de2e1f80a13c9e3ccde4df01b111866a6685b3a313cd0751,1
223279837937,https://blog.naver.com/PostView.naver?blogId=agapeuni&logNo=223279837937&categoryNo=1213,"[독서-994] 아이 문해력, 초등 6년이 답이다 - 문해력 모든 것",2023. 12. 1. 10:31,full-text,,9bdcee335d9131b2ece9bd58db066468faf9c8b65a0800354f1016a8e31a72eb,1
223279990691,https://blog.naver.com/PostView.naver?blogId=agapeuni&logNo=223279990691&categoryNo=1213,[독서-995] 대기업을 이긴 한국의 스타트업 - 스타트업 혁신,2023. 12. 1. 13:14,full-text,,709b0b47f8a4bd78cd6a2f0b7c4e1202d49447b37c3dca999559ef897ff57eed,1
223280640711,https://blog.naver.com/PostView.naver?blogId=agapeuni&logNo=223280640711&categoryNo=1213,[독서-996] 나는 당신이 설레었으면 좋겠습니다 - 셀프 위로,2023. 12. 2. 2:54,full-text,,5ddb74a39e78030a45a872ff26a2f85df72550c8ada078975053999812ae668c,1
223280932436,https://blog.naver.com/PostView.naver?blogId=agapeuni&logNo=223280932436&categoryNo=1213,[독서-997] 간신 : 간신론 - 국민을 도탄에 빠뜨리는 자,2023. 12. 2. 14:50,full-text,,7ce945b9cf01b3b7ba3a7ab6c47bc4146f607f6e01b73dfbc664a64234054d97,1
223281320467,https://blog.naver.com/PostView.naver?blogId=agapeuni&logNo=223281320467&categoryNo=1213,[독서-998] 종이화폐에서 탈출하라 - 달러의 몰락과 블록체인,2023. 12. 3. 0:47,full-text,,6957059c55600180521ce134beeb6f587891fba3977a40a12a766a2d02d1b166,1
223281822800,https://blog.naver.com/PostView.naver?blogId=agapeuni&logNo=223281822800&categoryNo=1213,"[독서-999] 1시간의 죽음, 지옥과 천국에 다녀오다",2023. 12. 3. 20:10,full-text,,232f219b19f4eac3f2a8220d2babe722e557464f33511e68e38bce2840e61d49,1
223281965791,https://blog.naver.com/PostView.naver?blogId=agapeuni&logNo=223281965791&categoryNo=1213,[독서-1000] DO IT 두잇 - 마지막 때를 알고 이기는 자가 되는,2023. 12. 3. 23:03,full-text,,922c1888e69b9cb257e0a081757f70cf775378f87f37ce0c46b9ba2fb537ddff,1
223282908087,https://blog.naver.com/PostView.naver?blogId=agapeuni&logNo=223282908087&categoryNo=1213,[독서-1001] 인간관계 정리 상자 - 관계의 모든 고민을 해결,2023. 12. 4. 21:26,full-text,,3a5c4e7c815aa03e3035483b907ca5feea4c3fd1aca2911701c9519392321c83,1
223283098326,https://blog.naver.com/PostView.naver?blogId=agapeuni&logNo=223283098326&categoryNo=1213,[독서-1002] 가장 쉬운 인공지능 AI 입문서 - AI가 뭔가요?,2023. 12. 5. 1:12,full-text,,3a787e6622b4c723d3e8bb4b254f36fc0c75396329aa36e7a865f6683a239f22,1
223284218092,https://blog.naver.com/PostView.naver?blogId=agapeuni&logNo=223284218092&categoryNo=1213,[독서-1003] 수학 잘하는 환경은 따로 있습니다 - 학습환경,2023. 12. 6. 6:51,full-text,,d2bb6beb111dbde3d7eaa4b641f4035b7aee7c9ce7141f446662169768cc3ce8,1
223284245565,https://blog.naver.com/PostView.naver?blogId=agapeuni&logNo=223284245565&categoryNo=1213,[독서-1004] 사랑은 어떻게 역사를 움직이는가 - 사랑 이야기,2023. 12. 6. 8:03,full-text,,3a1c7a713bcb92dd62a9e1563275fe41647fb73c98ed088372201b6fcdec01fe,1
223284301756,https://blog.naver.com/PostView.naver?blogId=agapeuni&logNo=223284301756&categoryNo=1213,[독서-1005] 노량 : 최후의 바다 - 가장 치열한 마지막 해전,2023. 12. 6. 9:38,full-text,,d118d081eee501ab62959d96ca9478b028efec2dd72dcd40feebb20ea0ae6f67,1
223285212140,https://blog.naver.com/PostView.naver?blogId=agapeuni&logNo=223285212140&categoryNo=1213,[독서-1006] 판단력 수업 - 탁월한 선택을 위한 40가지 통찰,2023. 12. 7. 2:21,full-text,,7dcdf076b362e3370efc62e5974ded7d5077006653f19d65f69140c81e902d9b,1
223285474022,https://blog.naver.com/PostView.naver?blogId=agapeuni&logNo=223285474022&categoryNo=1213,[독서-1007] 평온한 부자 - 건강한 가정을 만드는 부모와 자녀,2023. 12. 7. 11:38,full-text,,c21ed8190df1bbaf11be7c681a8312c16f79fb539bf660a4167f4d88f4cae174,1
223286169695,https://blog.naver.com/PostView.naver?blogId=agapeuni&logNo=223286169695&categoryNo=1213,[독서-1008] 완성되지 않은 나와 당신이지만,2023. 12. 7. 23:36,full-text,,a275158a2020c01522aa5d6af096ac2cb21f98919ef50e6ae54a73eff76e1344,1
223286183346,https://blog.naver.com/PostView.naver?blogId=agapeuni&logNo=223286183346&categoryNo=1213,[독서-1009] AI 시대 직장인 생존법 - 문과생도 알 수 있는,2023. 12. 7. 23:52,full-text,,06642598bf3390d6e3c625dcae938e4c19479740b636b86b0f28abfd57f0d4be,1
223287268283,https://blog.naver.com/PostView.naver?blogId=agapeuni&logNo=223287268283&categoryNo=1213,[독서-1010] 2023 SD에듀 이슈 & 시사상식 199호,2023. 12. 9. 2:20,full-text,,085afb05c575b9cf3078163f451afe4df4c066528441d42599d61ae71e374cac,1
223287355414,https://blog.naver.com/PostView.naver?blogId=agapeuni&logNo=223287355414&categoryNo=1213,[독서-1011] 미래 경제 지식 사전 - 생존 필수 지식,2023. 12. 9. 8:15,full-text,,c9a6a7e5665a48686aff57f6c5466d7e6ed2fcc848d90c59172c380b9d0b8ac9,1
223288876265,https://blog.naver.com/PostView.naver?blogId=agapeuni&logNo=223288876265&categoryNo=1213,"[독서-1012] 부스 (Booth) - 링컨 암살, 최초의 기록",2023. 12. 11. 8:20,full-text,,5d707f791d99d8f63dc3d33f6f9ab9197f37ce053f6f784c5c4ae1deb25851b2,1
223289295422,https://blog.naver.com/PostView.naver?blogId=agapeuni&logNo=223289295422&categoryNo=1213,[독서-1013] 인생에 정답은 존재하지 않는다 - 삶에 대한 조언,2023. 12. 11. 15:31,full-text,,cc72e18bfd5e5275aa37d9c60482ca54061e47a22bac88d1c5d14dea7ccd5a5b,1
223289495490,https://blog.naver.com/PostView.naver?blogId=agapeuni&logNo=223289495490&categoryNo=1213,[독서-1014] 성장은 나를 최고로 만든다 - 비전을 현실로,2023. 12. 11. 18:22,full-text,,635710b4c664843cc9a4a9d52c67aedf2fd528a4d711a192e74c48ca956a03a7,1
223289611977,https://blog.naver.com/PostView.naver?blogId=agapeuni&logNo=223289611977&categoryNo=1213,[독서-1015] 애도의 기술 - 사람들을 위한 심리학,2023. 12. 11. 20:36,full-text,,c090debcb8ab22354642c8aec81a5145f3bce5c6fe94b817b38176a1b41b2ee4,1
223289861377,https://blog.naver.com/PostView.naver?blogId=agapeuni&logNo=223289861377&categoryNo=1213,[독서-1016] 엄마가 알려주는 초등 영어 레벨업 - 특급 솔루션,2023. 12. 12. 1:36,full-text,,103bcc59e8ea95d2c647224d33edd4c18a1e3f40339df3638b19a641cdfcfd9d,1
223290942060,https://blog.naver.com/PostView.naver?blogId=agapeuni&logNo=223290942060&categoryNo=1213,[독서-1017] 우유부단한 인생이 꼭 알아야 할 선택의 심리학,2023. 12. 13. 0:40,full-text,,3781a918ce940f779b83edc27fefc7064be882cdd48932dc1dfac2764a9563cb,1
223290998764,https://blog.naver.com/PostView.naver?blogId=agapeuni&logNo=223290998764&categoryNo=1213,[독서-1018] 내 마음 묻기 내 마음 듣기-나를 이해하는 글쓰기,2023. 12. 13. 2:49,full-text,,4fce98ecea042f3a2d927fe1b376a531616aa82810b528941f8d01800ba3f3a8,1
223292642215,https://blog.naver.com/PostView.naver?blogId=agapeuni&logNo=223292642215&categoryNo=1213,[독서-1019] 나를 돌보는 묵상독서 - 인생 후반기를 위하여,2023. 12. 14. 16:27,full-text,,e9014871d281a1a68ae7098658af0e9f8d8b4353449f56a68f9d366e077ed098,1
223292877677,https://blog.naver.com/PostView.naver?blogId=agapeuni&logNo=223292877677&categoryNo=1213,[독서-1020] 내 인생 5년 후 - 인생이 달라지는 5년 프로젝트,2023. 12. 14. 20:25,full-text,,af8b3dd0f20b97b23fccb795d7d95aaeb9802465ed7edcfeaf90b2dd3b7818cc,1
223293036898,https://blog.naver.com/PostView.naver?blogId=agapeuni&logNo=223293036898&categoryNo=1213,[독서-1021] 하늘에 계신이가 웃으심이여 나도 웃나이다,2023. 12. 14. 23:28,full-text,,8c52e3740451371a0070c2fac61649bcc98455683ce9af82ab3eeb3d6c5af79e,1
223295496603,https://blog.naver.com/PostView.naver?blogId=agapeuni&logNo=223295496603&categoryNo=1213,[독서-1022] Do it! 정직하게 코딩하며 배우는 딥러닝 입문,2023. 12. 17. 19:27,full-text,,0d372b1ec9a382b1bec3e424874662c7b1c85b4817f523619b620c2cf7c7b203,1
223295608700,https://blog.naver.com/PostView.naver?blogId=agapeuni&logNo=223295608700&categoryNo=1213,[독서-1023] 세상의 마지막 기차역 - 리커버 에디션,2023. 12. 17. 21:57,full-text,,ddba13af54fd40c4c21dbfeb5d2aef4c4d33397c8a7064bd9958179a400e1202,1
223296362468,https://blog.naver.com/PostView.naver?blogId=agapeuni&logNo=223296362468&categoryNo=1213,[독서-1024] 일 잘하는 사람이 반드시 쓰는 글 습관,2023. 12. 18. 15:59,full-text,,cc8d310959a92d1556f6498cfb28811ccdcd9d01af0940882730a63707d7a09d,1
223296902422,https://blog.naver.com/PostView.naver?blogId=agapeuni&logNo=223296902422&categoryNo=1213,[독서-1025] 나는 아직 내가 낯설다 - 52가지 심리 여행,2023. 12. 19. 3:29,full-text,,dc3da48678d12fd581d0a04c1962fe0f9140dd2552924ed733db481c602620ae,1
223296973982,https://blog.naver.com/PostView.naver?blogId=agapeuni&logNo=223296973982&categoryNo=1213,[독서-1026] 완벽한 대화의 비밀 - 심리학과 언어의 완벽 결합,2023. 12. 19. 7:40,full-text,,f3e1aaf18e525ce272f4430a51d2d574a4b19ff821958f07f3a55b04a33cd877,1
223297960583,https://blog.naver.com/PostView.naver?blogId=agapeuni&logNo=223297960583&categoryNo=1213,[독서-1027] 돈 걱정 없는 인생 - 슬기로운 평생 재무 계획,2023. 12. 20. 2:31,full-text,,5c7174c958aff93819c5f78d32ba018491e39f87f4275d3832d718f9a8baa3fa,1
223298789109,https://blog.naver.com/PostView.naver?blogId=agapeuni&logNo=223298789109&categoryNo=1213,[독서-1028] 인간다움 - 인간다운 삶을 지탱하는 3가지 기준,2023. 12. 20. 21:05,full-text,,bc866c1972e06c0a6da4786a19a564b8009c393fa8e4d961239b9f9c5b122b14,1
223299080780,https://blog.naver.com/PostView.naver?blogId=agapeuni&logNo=223299080780&categoryNo=1213,[독서-1029] 성공의 카르마 - 부와 행복을 끌어당기는 법칙,2023. 12. 21. 7:13,full-text,,2520ef8431cbddc3451d2061fb031a533de20023312573ea85ab9538beb058e7,1
223299931719,https://blog.naver.com/PostView.naver?blogId=agapeuni&logNo=223299931719&categoryNo=1213,[독서-1030] 한 권으로 끝내는 소프트 스킬 10 - 스펙보다 일머리,2023. 12. 21. 23:38,full-text,,0192012545f564a90ed58f5d5478f56f5dcff75309fed997451b4301c40e6ee4,1
223300878087,https://blog.naver.com/PostView.naver?blogId=agapeuni&logNo=223300878087&categoryNo=1213,[독서-1031] 집단의 힘 - 현명한 선택과 협력을 이끄는 도구,2023. 12. 22. 22:49,full-text,,0f14c337055cb48adf0c7a7b86ca4fe93118e6a1b4fd869783afb497d6ce00a1,1
223300913220,https://blog.naver.com/PostView.naver?blogId=agapeuni&logNo=223300913220&categoryNo=1213,[독서-1032] 초등학생의 공부는 습관이 90%를 좌우한다,2023. 12. 22. 23:36,full-text,,75c547748846129f68106ec433d9381b47eac59cfc94569a9d871941341de8af,1
223301283621,https://blog.naver.com/PostView.naver?blogId=agapeuni&logNo=223301283621&categoryNo=1213,[독서-1033] 산책하듯 가볍게 - 인생에서 여유를 찾는 이에게,2023. 12. 23. 15:00,full-text,,91361ae4fe5e9471e96d5dd3e1d5ad3075f984ca0483116b649513b30ccaa278,1
223301398842,https://blog.naver.com/PostView.naver?blogId=agapeuni&logNo=223301398842&categoryNo=1213,[독서-1034] 오늘도 딴생각에 빠진 당신에게 - 집중력 관리,2023. 12. 23. 18:21,full-text,,1960312739474bd37bfa09959d234cbb2271b035dfcf15fc9007e938106ade46,1
223303563353,https://blog.naver.com/PostView.naver?blogId=agapeuni&logNo=223303563353&categoryNo=1213,[독서-1035] 지구에 처음 온 사람처럼 - 엉뚱한 창의적인 잡담,2023. 12. 26. 15:37,full-text,,4d9644d29dc2e98f063985d60c099fb169791d5456f88af62fee8f1b270a84c9,1
223303806043,https://blog.naver.com/PostView.naver?blogId=agapeuni&logNo=223303806043&categoryNo=1213,[독서-1036] 혼자여도 괜찮아 - 혼자 있는 시간의 힘,2023. 12. 26. 19:36,full-text,,54d19a210c5c75c2faec155e3703921faa2f1abd671243a7245a0d2ed9c0c35e,1
223304090278,https://blog.naver.com/PostView.naver?blogId=agapeuni&logNo=223304090278&categoryNo=1213,[독서-1037] 회사생활이 힘드냐고 아들러가 물었다,2023. 12. 27. 0:27,full-text,,ed73471db3c183f7d47939358eb0e5842151e6424518d6511581aeafe96e96fb,1
223304137938,https://blog.naver.com/PostView.naver?blogId=agapeuni&logNo=223304137938&categoryNo=1213,[독서-1038] 휴탈리티 : 미래 인재의 조건 - 인간 고유의 영역,2023. 12. 27. 1:48,full-text,,70692c97a903c074fa09d46bb7d0c0c46c851c584011e17b09988acbc5bef6bd,1
223305188496,https://blog.naver.com/PostView.naver?blogId=agapeuni&logNo=223305188496&categoryNo=1213,"[독서-1039] 근성, 끝까지 너를 이겨라 - 인생 승부법",2023. 12. 28. 2:23,full-text,,35b1a47b88b22266885423d69d469d9e9c2768f7265261b0a390eb2618863366,1
223306113944,https://blog.naver.com/PostView.naver?blogId=agapeuni&logNo=223306113944&categoryNo=1213,[독서-1040] 아마 평생 사랑할 너에게 - 하루새벽,2023. 12. 28. 23:45,full-text,,b92622fdea90086077f01fa26b59c927c8011941c75c4e69723ee43c1922a899,1
223306255812,https://blog.naver.com/PostView.naver?blogId=agapeuni&logNo=223306255812&categoryNo=1213,[독서-1041] 간신 : 간신전 - 어떻게 나라를 망치는가,2023. 12. 29. 5:46,full-text,,b91739235aa5c8965d847f01e663b3c724decae80d6e644b0aa3ddb68ff077f2,1
223306453028,https://blog.naver.com/PostView.naver?blogId=agapeuni&logNo=223306453028&categoryNo=1213,[독서-1042] 행복을 구하는 공식 - 행복의 원리를 밝혀낸 교수,2023. 12. 29. 11:37,full-text,,390abc0f4ebdfc86c835f5c109a026aed1f3903793883b2f83fa97910b229b2a,1
223306752346,https://blog.naver.com/PostView.naver?blogId=agapeuni&logNo=223306752346&categoryNo=1213,[독서-1043] 2024년 명화 탁상 달력 - 클로드 모네,2023. 12. 29. 17:08,full-text,,72a3181d90dce07359cd397b298908a1d7de2ddf2a82e9a18cab9c7533e09056,1
223308432370,https://blog.naver.com/PostView.naver?blogId=agapeuni&logNo=223308432370&categoryNo=1213,[독서-1044] 습관을 바꾸면 인생이 바뀐다,2023. 12. 31. 19:48,full-text,,7bb39db6c2cfdc16ada0bae2cbd13ad9b0eca5db431762d7d6bc96be60a67efc,1
223309061851,https://blog.naver.com/PostView.naver?blogId=agapeuni&logNo=223309061851&categoryNo=1213,[독서-1045] 시련이 가져다준 선물 - 비로소 보이는 것들,2024. 1. 1. 13:29,full-text,,21e1a867414983c43d6920e00e377f3d4f880b11dcce2c39b4ebcd1cf54f5500,1
223309221850,https://blog.naver.com/PostView.naver?blogId=agapeuni&logNo=223309221850&categoryNo=1213,[독서-1046] 재미있고 쓸모있는 화학 이야기 - 모두의 화학,2024. 1. 1. 17:19,full-text,,51e015441d75ebbb11e5395f0d9ac5019bbe8f71a55cec8a2848b7a9b3c153c1,1
223309326555,https://blog.naver.com/PostView.naver?blogId=agapeuni&logNo=223309326555&categoryNo=1213,[독서-1047] 긍정 효과 - 불안과 부정을 희망과 성공으로,2024. 1. 1. 19:41,full-text,,82f0ec70f1e567c66932211d3ffe9420d53480f24c2402b542213b537a8385fd,1
223309626538,https://blog.naver.com/PostView.naver?blogId=agapeuni&logNo=223309626538&categoryNo=1213,[독서-1048] 여성호르몬 공략집 - 사춘기 딸과 갱년기 엄마,2024. 1. 2. 0:53,full-text,,a522c187adca17d1ab07846f0f0d6283c7794ab1da3d90305ec7a10111a71236,1
223309675658,https://blog.naver.com/PostView.naver?blogId=agapeuni&logNo=223309675658&categoryNo=1213,[독서-1049] 전쟁과 학살을 넘어 - 왜 인류는 싸우는가?,2024. 1. 2. 2:33,full-text,,171767f8d826aeaa5b5426d1ce82ade5aeddc175d58c5964e4410ae172599bf7,1
223310741249,https://blog.naver.com/PostView.naver?blogId=agapeuni&logNo=223310741249&categoryNo=1213,[독서-1050] 초등 1학년 기적의 첫 독서법 - 엄마표 독서,2024. 1. 3. 1:38,full-text,,74a0525f44540850f0fb65be829bc07f904ead3fe0d96c24974fd0dbc8ff7f2d,1
223311858430,https://blog.naver.com/PostView.naver?blogId=agapeuni&logNo=223311858430&categoryNo=1213,[독서-1051] 머니테이커 - 상위 1% 경제적 자유로 가는 여정,2024. 1. 4. 3:49,full-text,,69e13fe6d2b365beda5dbf04b15d0d37d42e7f55f2153bb65257bd3735d89b14,1
223313958215,https://blog.naver.com/PostView.naver?blogId=agapeuni&logNo=223313958215&categoryNo=1213,[독서-1052] 프로젝트 매니저 - 최고 경영진이 되고 싶다면,2024. 1. 6. 3:33,full-text,,17616b7fb06b4230b7cb1ea7b681e9a291b82820249ed9e32df0769921cbb373,1
223315024369,https://blog.naver.com/PostView.naver?blogId=agapeuni&logNo=223315024369&categoryNo=1213,"[독서-1053] 오십 너머, 인생에서 가장 아름다운 꽃이 핀다",2024. 1. 7. 15:04,full-text,,64203e5f049e4dfec2319d926674469241970e607a43344598d467355213260a,1
223315148928,https://blog.naver.com/PostView.naver?blogId=agapeuni&logNo=223315148928&categoryNo=1213,[독서-1054] SKY 합격 한 가지 습관만 들이면 됩니다,2024. 1. 7. 18:02,full-text,,100da9cf4f6c8c445bb5aee560b59c088d7b716e5c168b7299f3f69517422099,1
223315315798,https://blog.naver.com/PostView.naver?blogId=agapeuni&logNo=223315315798&categoryNo=1213,[독서-1055] 지급결제를 알아야 돈이 보인다 - 금융의 미래,2024. 1. 7. 21:36,full-text,,8dfab423934a6d4ca1a1aac1356b353bafd314bc966f2a6351e6f1257d90a31c,1
223315505857,https://blog.naver.com/PostView.naver?blogId=agapeuni&logNo=223315505857&categoryNo=1213,[독서-1056] 수학의 진짜 재미 - 생각의 무기가 되는 수학,2024. 1. 8. 1:07,full-text,,878b42c487357e381be78f3956aff012b3a700419c76940b60e0a66dd745a780,1
223315558846,https://blog.naver.com/PostView.naver?blogId=agapeuni&logNo=223315558846&categoryNo=1213,[독서-1057] 기업의 벽 - 43인의 글로벌 CEO의 문제 해결법,2024. 1. 8. 2:55,full-text,,e687b98612d44b73b65af02968ad219bc5961a3fb7a322bbf42f20d4f3301ebb,1
223315579002,https://blog.naver.com/PostView.naver?blogId=agapeuni&logNo=223315579002&categoryNo=1213,[독서-1058] 1일 1채소 - 매일 채식으로 100세까지 건강하게,2024. 1. 8. 3:58,full-text,,309698dd1ff9dcf62294d3913fd7e1f4e281468d63d88d78a408c28fa192aecf,1
223315607356,https://blog.naver.com/PostView.naver?blogId=agapeuni&logNo=223315607356&categoryNo=1213,[독서-1059] 당신이 잘 잤으면 좋겠습니다 - 피곤 숙면 처방,2024. 1. 8. 6:05,full-text,,f028192754c77e9e98b3eec98f383a3f6eb19520cb8b13c4eaaf50cd55aef170,1
223316657735,https://blog.naver.com/PostView.naver?blogId=agapeuni&logNo=223316657735&categoryNo=1213,[독서-1060] 서울대 석학이 알려주는 자녀교육법 - 경영·경제,2024. 1. 9. 3:37,full-text,,de23f03316a044afcdbd5be683dbb06772805ba0fe3f3a49e54daf6d39fe09cc,1
223316671505,https://blog.naver.com/PostView.naver?blogId=agapeuni&logNo=223316671505&categoryNo=1213,[독서-1061] 인생을 바꾸는 작은 습관들 - 미라클 상상훈련,2024. 1. 9. 4:43,full-text,,bf30192969e483e2f2feba53204612b94da6d89a0fd4a0d10a6e918a748b0980,1
223316744845,https://blog.naver.com/PostView.naver?blogId=agapeuni&logNo=223316744845&categoryNo=1213,[독서-1062] 나보다 똑똑한 AI와 사는 법 - 4차 산업혁명 중심,2024. 1. 9. 8:26,full-text,,86add43e3f811fb985fcdd46ed89549dd45e253537349adb96bd2fc83725041c,1
223317175069,https://blog.naver.com/PostView.naver?blogId=agapeuni&logNo=223317175069&categoryNo=1213,[독서-1063] 경이로움의 힘 - 삶을 다시 설레게 만드는 감정,2024. 1. 9. 15:44,full-text,,14eae9c26e68b8b47f860129a2934b0d1860a3f651f5cc5a99f94585663364c2,1
223317245230,https://blog.naver.com/PostView.naver?blogId=agapeuni&logNo=223317245230&categoryNo=1213,[독서-1064] 3초 표현 - 사람과 돈이 따르는 센스 있는,2024. 1. 9. 16:46,full-text,,4d1d7e12d0e9fd3d53cda67d9680028050809b6fc3c1d6f810c1b8b54638caa7,1
223317666937,https://blog.naver.com/PostView.naver?blogId=agapeuni&logNo=223317666937&categoryNo=1213,[독서-1065] 내일부터 Project Manager가 되어야 한다,2024. 1. 10. 0:28,full-text,,4240e22757d78029740e8d6b72b075b0f8e021423d23a1d2c4b6ca3976162ae1,1
223317742732,https://blog.naver.com/PostView.naver?blogId=agapeuni&logNo=223317742732&categoryNo=1213,"[독서-1066] 한 달의 후쿠오카 - 청춘, 미식 그리고 일본 문화",2024. 1. 10. 3:10,full-text,,bc7d3da5eae84bc58f35e4ebe20ed78335dbeb6769b8dd5af4e3143ba35e0619,1
223317852790,https://blog.naver.com/PostView.naver?blogId=agapeuni&logNo=223317852790&categoryNo=1213,"[독서-1067] 이순신의 심중일기 1, 2 - 혁명이냐 죽음이냐?",2024. 1. 10. 8:51,full-text,,8289878756396a10f00db3ce5ac7f5dfc60957bb96e6c06ef329fd56772ae5dd,1
223319537093,https://blog.naver.com/PostView.naver?blogId=agapeuni&logNo=223319537093&categoryNo=1213,[독서-1068] 산업 디지털 전환 - 대전환 시대의 성공 요건,2024. 1. 11. 18:42,full-text,,458287cfd56568de02f9c2611b4bf086b239a811081e640bb5e53b3b5c92c5ce,1
223322323215,https://blog.naver.com/PostView.naver?blogId=agapeuni&logNo=223322323215&categoryNo=1213,[독서-1069] 챗GPT의 두 얼굴 - 바꿀 수 있는 것과 없는 것,2024. 1. 14. 21:44,full-text,,0b9f99e2d39502972985988a8675b7735a08831da6ce0bbb25aead36a2287f6a,1
223323673770,https://blog.naver.com/PostView.naver?blogId=agapeuni&logNo=223323673770&categoryNo=1213,[독서-1070] 대화의 리더십 - 말의 힘을 키우는 대화의 기술,2024. 1. 16. 1:43,full-text,,691857c33b48a083efa6be9e735bb2b8d20d55b4f653bcef9c9e62aa19fce65c,1
223328312071,https://blog.naver.com/PostView.naver?blogId=agapeuni&logNo=223328312071&categoryNo=1213,[독서-1071] 공부머리 대화법 - 특별한 인재들의 비밀,2024. 1. 20. 13:48,full-text,,aa09b1650cd8c00f8f665aad8776b877474100e22a733f7550f76c7f83df4c8e,1
223328418768,https://blog.naver.com/PostView.naver?blogId=agapeuni&logNo=223328418768&categoryNo=1213,[독서-1072] 원씽 - 복잡한 세상을 이기는 단순함의 힘,2024. 1. 20. 16:11,full-text,,9be6053ba4bc04f4bf479e5264c65b9a49cfd3fa27200508667209eb445c1b1b,1
223330625148,https://blog.naver.com/PostView.naver?blogId=agapeuni&logNo=223330625148&categoryNo=1213,[독서-1073] 챌린지 - 1% 도전의 행복 - 할머니의 미라클 모닝,2024. 1. 22. 22:55,full-text,,5a95fc63b4d774abaca2eb444c53b87f0745fe1fc62333d36139139b2e5c579b,1
223330654854,https://blog.naver.com/PostView.naver?blogId=agapeuni&logNo=223330654854&categoryNo=1213,[독서-1074] 재야의 고수들 - 크몽으로 월 천버는 성공 비법,2024. 1. 22. 23:25,full-text,,cfc3bba7f3551c80323333765996c8208c52ae446bd3811a58b81f5ac7b9634a,1
223333948616,https://blog.naver.com/PostView.naver?blogId=agapeuni&logNo=223333948616&categoryNo=1213,[독서-1075] 알아두면 쓸모 있는 심리학 상식 사전,2024. 1. 25. 23:56,full-text,,c7a8d1dffaf1f06d1713dcb069b7e8e9361db2b74fc5c033b8b7e142f35c1831,1
223335012828,https://blog.naver.com/PostView.naver?blogId=agapeuni&logNo=223335012828&categoryNo=1213,"[독서-1076] 질병 정복의 꿈, 바이오 사이언스 - 건강 혁신의 여정",2024. 1. 26. 23:54,full-text,,d81a108b959f13cbb15f8af40d1c0cf069dddbf24a5f4b4c3a7c509865c0655a,1
223335769273,https://blog.naver.com/PostView.naver?blogId=agapeuni&logNo=223335769273&categoryNo=1213,[독서-1077] 세상은 나의 보물섬이다 - 김웅기 회장의 이야기,2024. 1. 27. 22:57,full-text,,fcd1188ce4e680efae0d0a3537717172a155569f5cf32263a818848ea26ff16c,1
223335813061,https://blog.naver.com/PostView.naver?blogId=agapeuni&logNo=223335813061&categoryNo=1213,[독서-1078] 마음 지구력 - 삶의 경로를 재탐색하는 이야기,2024. 1. 27. 23:53,full-text,,0e1007b6e8627785263b06ffb753772fbfa482f6268014e31a6942f1825b57b8,1
223340085653,https://blog.naver.com/PostView.naver?blogId=agapeuni&logNo=223340085653&categoryNo=1213,[독서-1079] 좌충우돌 청춘 수학교실 - 수학의 기초가 쌓이는,2024. 1. 31. 22:53,full-text,,006ce66179decd08a2e43f130bd3a9b27575bf10e5c530974418f8c6dd7489d5,1
223340109313,https://blog.naver.com/PostView.naver?blogId=agapeuni&logNo=223340109313&categoryNo=1213,[독서-1080] CEO의 책쓰기 - 사장님 이름으로 된 책 한 권,2024. 1. 31. 23:12,full-text,,13c68417800e1617a121ee841bf9b134cc3be74cf398a4a62793d86ab94ace4f,1
223340140437,https://blog.naver.com/PostView.naver?blogId=agapeuni&logNo=223340140437&categoryNo=1213,[독서-1081] 2040 위대한 격차의 시작 - 기술이 만드는 차이,2024. 1. 31. 23:40,full-text,,0e3af721c8610b1599f26d9ff9dc056326b7593fe336c8c1b74958e7e79ab715,1
223340161134,https://blog.naver.com/PostView.naver?blogId=agapeuni&logNo=223340161134&categoryNo=1213,[독서-1082] 개혁의 정석 - 교육·노동·연금·조세·정부개혁,2024. 1. 31. 23:57,full-text,,307ac8076fc26caf11f22da86f0e3c1573bf1bcaafe232b81428c71b83bfd558,1
223340259000,https://blog.naver.com/PostView.naver?blogId=agapeuni&logNo=223340259000&categoryNo=1213,[독서-1083] 서른에 읽는 아들러 - 인생을 살기 위한 심리수업,2024. 2. 1. 1:54,full-text,,a7052f5b78f14cd36354f9203ee06bc8c6904fda889f7dca9dd0bec2cdf66851,1
223340299597,https://blog.naver.com/PostView.naver?blogId=agapeuni&logNo=223340299597&categoryNo=1213,[독서-1084] 더 멘탈 - 당장 부의 주인이 되는 20가지 비법,2024. 2. 1. 3:20,full-text,,467c7cf903b3d90decd3ff1fcdf9429e3732d1f3f51d9feba3e2ebd14c485e56,1
223341239827,https://blog.naver.com/PostView.naver?blogId=agapeuni&logNo=223341239827&categoryNo=1213,[독서-1085] 문화의 중력 - 숨어 있는 강력한 힘에 대하여,2024. 2. 1. 21:21,full-text,,3d33144356b96cb4d0e5fb5f37a17c0124fbd24232ea7cba676d5d3a1c9fa0f1,1
223341308684,https://blog.naver.com/PostView.naver?blogId=agapeuni&logNo=223341308684&categoryNo=1213,[독서-1086] 몸값 상승 시크릿 - 성공을 위한 현실적인 커리어,2024. 2. 1. 22:32,full-text,,82ffc7c6a2c7b3f99dbbbc61369c66e86c5adff3df12807a77b136b095208a02,1
223341365190,https://blog.naver.com/PostView.naver?blogId=agapeuni&logNo=223341365190&categoryNo=1213,[독서-1087] 무기가 되는 리더의 심리학 수업 - 집단 심리 힘,2024. 2. 1. 23:30,full-text,,0e4f079d7e2107da075d8b456d93421db1268f69e95a79b4ce5a2d79ea564671,1
223341385361,https://blog.naver.com/PostView.naver?blogId=agapeuni&logNo=223341385361&categoryNo=1213,[독서-1088] 더 커밍 웨이브 - 전 세계 석학들의 찬사,2024. 2. 1. 23:50,full-text,,247cd94964765b2ba827fd5d13d81613aef76b695c28c739db13a938005b3b6d,1
223341417873,https://blog.naver.com/PostView.naver?blogId=agapeuni&logNo=223341417873&categoryNo=1213,[독서-1089] 야망의 힘 - 꿈을 현실로 바꾸는 강력한 마인드셋,2024. 2. 2. 0:22,full-text,,59c564c262bed0471179f2b81936141fe92b0ef121f7c397aeebdc22397bb195,1
223341456520,https://blog.naver.com/PostView.naver?blogId=agapeuni&logNo=223341456520&categoryNo=1213,"[독서-1090] 사랑, 마음 뒤로 숨다 - 힘들고 외로운 사람들",2024. 2. 2. 1:06,full-text,,717056e7801e191a1822a655f29e60c798304f9c7670112766e7ed1d8b83baf4,1
223343262620,https://blog.naver.com/PostView.naver?blogId=agapeuni&logNo=223343262620&categoryNo=1213,[독서-1091] 기분 좋은 말투 품격 있는 말투 - 말하기 수업,2024. 2. 3. 23:42,full-text,,a76f8a062cb3bff7ca69f21bf5c1ae14f2b8816c4047546147d722e110365f20,1
223343276975,https://blog.naver.com/PostView.naver?blogId=agapeuni&logNo=223343276975&categoryNo=1213,[독서-1092] 마흔에 글을 쓴다는 것 - 인생이 어둠을 지날 때,2024. 2. 3. 23:59,full-text,,97e4ef0a098110dc4180e2644328956c37d1f9b1a9450ce2aaad1bc5dc69018e,1
223345433390,https://blog.naver.com/PostView.naver?blogId=agapeuni&logNo=223345433390&categoryNo=1213,[독서-1093] 감성 기술 - 더 나은 삶을 살아가기 위한 지혜,2024. 2. 6. 4:39,full-text,,18f84304f78a74e3ddaa7f90fb1b2cc1d69ec24e0f74ad658f8c04555ca90d56,1
223345440150,https://blog.naver.com/PostView.naver?blogId=agapeuni&logNo=223345440150&categoryNo=1213,[독서-1094] 감정이 힘든 어른들을 위한 심리학 - 마음의 주인,2024. 2. 6. 5:12,full-text,,24ab658ed737357957744e2f30ed7ee5a7f196f76c6f9bfc2cc104933acd9173,1
223345878220,https://blog.naver.com/PostView.naver?blogId=agapeuni&logNo=223345878220&categoryNo=1213,[독서-1095] 시뮬레이터 + 키트로 완성하는 아두이노 입문,2024. 2. 6. 14:44,full-text,,668c1af4b85b74b5de1ccdd9e95e1bac0d56217788d868ca9ce384081a94d2c6,1
223346427004,https://blog.naver.com/PostView.naver?blogId=agapeuni&logNo=223346427004&categoryNo=1213,[독서-1096] 나는 이 커뮤니티로 연봉 1억이 되었다,2024. 2. 6. 23:09,full-text,,4c703312a3fc83dd7dc170193f0465d34103da43d870da617f932a8514365ac5,1
223347764733,https://blog.naver.com/PostView.naver?blogId=agapeuni&logNo=223347764733&categoryNo=1213,[독서-1097] 챗GPT 슬기로운 일상생활의 자동화,2024. 2. 8. 6:26,full-text,,c8ddc13a49d68597d552aff9a08ae12729c9e38a2131db91ee892fbc3eaee928,1
223347779459,https://blog.naver.com/PostView.naver?blogId=agapeuni&logNo=223347779459&categoryNo=1213,[독서-1098] 자바스크립트 - GOAT 시리즈,2024. 2. 8. 7:07,full-text,,dbf0ec81a10c9b526c5a16d055c82fee1cea4a7f7b791620e788a4c0be5cbfdb,1
223349020214,https://blog.naver.com/PostView.naver?blogId=agapeuni&logNo=223349020214&categoryNo=1213,[독서-1099] 해봐야 알지 - 내가 선택한 대로 사는 것도,2024. 2. 9. 14:08,full-text,,cf3cb3d705719f54d96fac07eb86e7e07e397753985f76334ce77ec81b390106,1
223349280841,https://blog.naver.com/PostView.naver?blogId=agapeuni&logNo=223349280841&categoryNo=1213,[독서-1100] 센스 있는 직장인의 대화법은 1%가 다르다,2024. 2. 9. 21:14,full-text,,33a06fc6acc5d85f36b25aceb64db69f2f145fa1acea25fffc772fe8ebec4329,1
223349316847,https://blog.naver.com/PostView.naver?blogId=agapeuni&logNo=223349316847&categoryNo=1213,[독서-1101] OKR 파워 실천편 - OKR로 성과 내는 방법,2024. 2. 9. 22:08,full-text,,db6d31b9264692d7875340605964032f42913c57405d65a8f1f758ba96fe3351,1
223349653621,https://blog.naver.com/PostView.naver?blogId=agapeuni&logNo=223349653621&categoryNo=1213,[독서-1102] 다정한 수학책 - 숨겨진 수학 본능을 깨우는 시간,2024. 2. 10. 11:19,full-text,,728a0e669167403f64185de0fbe4500c635b349e9db8a802c966694f765c485e,1
223349945660,https://blog.naver.com/PostView.naver?blogId=agapeuni&logNo=223349945660&categoryNo=1213,"[독서-1103] 미루는 습관을 이기는 힘 - 뇌를 리셋, 목표 달성",2024. 2. 10. 21:07,full-text,,242da87671c0738712949cf5b0f0c9d9ae5ac32abe86087fe1cfdbb0af43a378,1
223351678487,https://blog.naver.com/PostView.naver?blogId=agapeuni&logNo=223351678487&categoryNo=1213,[독서-1104] 원소 이야기 - 118개 원소의 특별한 연대기,2024. 2. 13. 3:11,full-text,,ea2a2393573dc4bc1fbe2aaf4d6b7f1359845fcb5f10a35a6ee0eb2826c964e8,1
223352134679,https://blog.naver.com/PostView.naver?blogId=agapeuni&logNo=223352134679&categoryNo=1213,[독서-1105] 비전공자를 위한 이해할 수 있는 IT 지식,2024. 2. 13. 14:32,full-text,,2ebd9d2b7866cfa1c2f9a0fd66e0cd1c17778fc1b8c9fbede61396a8167ad47c,1
223353820836,https://blog.naver.com/PostView.naver?blogId=agapeuni&logNo=223353820836&categoryNo=1213,[독서-1106] 서울대 석학이 알려주는 자녀교육법 - 문해력,2024. 2. 14. 22:58,full-text,,561540ddc12f95c7d7b3b2ef1ff13d7a08f73f5e88bf802193a913bab5959c9c,1
223353876200,https://blog.naver.com/PostView.naver?blogId=agapeuni&logNo=223353876200&categoryNo=1213,[독서-1107] 사람들이 죽기 전에 후회하는 33가지,2024. 2. 14. 23:55,full-text,,5618ae7f54111bd9dccffe36e0f693f3c8b98d081a6d4d74cdb24f116bf57ffc,1
223353988590,https://blog.naver.com/PostView.naver?blogId=agapeuni&logNo=223353988590&categoryNo=1213,[독서-1108] 삶의 순간 - 모든 날들이 나를 만든 순간이었다,2024. 2. 15. 3:10,full-text,,c3741c1d9e4f15b553e1fd4a59b60e2195f1f8111723713ba80a54af753f3c1e,1
223354000529,https://blog.naver.com/PostView.naver?blogId=agapeuni&logNo=223354000529&categoryNo=1213,[독서-1109] 데일 카네기 자기관리론 - 진정한 삶으로 나아가라,2024. 2. 15. 3:49,full-text,,ed28f10ed8dc9fd63fbb4315599f78c08a6a42adc9993e73e0fba8b8a0eb4e12,1
223354956696,https://blog.naver.com/PostView.naver?blogId=agapeuni&logNo=223354956696&categoryNo=1213,[독서-1110] 책쓰기의 10가지 선물 - 책쓰기의 위안,2024. 2. 15. 23:01,full-text,,3f3f48581d9cf14edc059a09bb75aabd0e5dea0af0969742c351c4ba40e9e790,1
223355002536,https://blog.naver.com/PostView.naver?blogId=agapeuni&logNo=223355002536&categoryNo=1213,"[독서-1111] 데이터에서 비즈니스 성과로, BI를 위한 대시보드 설계와 구축",2024. 2. 15. 23:51,full-text,,07d1e6bb4cf941c19f5c6c5afda76675cd3b14b5270936dafdf51f2a66a24e57,1
223355107097,https://blog.naver.com/PostView.naver?blogId=agapeuni&logNo=223355107097&categoryNo=1213,[독서-1112] 철학 입문을 위한 최소한의 서양 철학사 - 인물편,2024. 2. 16. 2:40,full-text,,1e73e2654424239bcfc94212fa8fcc06faf18e14c85513b6d4d3146946afbf98,1
223355718343,https://blog.naver.com/PostView.naver?blogId=agapeuni&logNo=223355718343&categoryNo=1213,[독서-1113] 프리즘 - 대체 불가능한 존재가 되는 행동과학,2024. 2. 16. 16:44,full-text,,965e9958aae3687ea3dcbdebc5fb326d7185f4bddb19d4e5c8ddb1e3cf00d2f9,1
223356602119,https://blog.naver.com/PostView.naver?blogId=agapeuni&logNo=223356602119&categoryNo=1213,[독서-1114] 하버드 100년 전통 행복 수업 - 마음 훈련법,2024. 2. 17. 17:31,full-text,,dabcbb8b2da297c763807fe7e6ee5bca35897b6b72c2bcc3b0ef31b4078d8a98,1
223357912367,https://blog.naver.com/PostView.naver?blogId=agapeuni&logNo=223357912367&categoryNo=1213,[독서-1115] 지극히 짧고도 사소한 인생 잠언,2024. 2. 19. 6:41,full-text,,5e3f02be0aee23f0ea6579100a56ce6752d7386035c766773cb9b2e0ec3d3e68,1
223362265508,https://blog.naver.com/PostView.naver?blogId=agapeuni&logNo=223362265508&categoryNo=1213,[독서-1116] 서울대 석학이 알려주는 자녀교육법 - 수학,2024. 2. 22. 22:46,full-text,,9cb312182402839d0a5d8af259029a19b1819f16a709bc84b5343158801ad8ce,1
223362462494,https://blog.naver.com/PostView.naver?blogId=agapeuni&logNo=223362462494&categoryNo=1213,[독서-1117] 공감력 - 부와 성공을 이끄는 새로운 패러다임,2024. 2. 23. 5:14,full-text,,736f40c12da41d8707bd78957f30cd876f019a23296b0c0bfe2eacc23fff6f65,1
223369443564,https://blog.naver.com/PostView.naver?blogId=agapeuni&logNo=223369443564&categoryNo=1213,"[독서-1118] AI, 질문이 직업이 되는 세상 - 청소년 액션 전략",2024. 2. 29. 22:25,full-text,,77a08b68955b5797e6749e422e8ac810afaf61dc4f230aa9cbfe973110a81ec7,1
223369480805,https://blog.naver.com/PostView.naver?blogId=agapeuni&logNo=223369480805&categoryNo=1213,[독서-1119] 전략적 UX 기획 - 혁신적 프레임워크,2024. 2. 29. 23:02,full-text,,11255e54d3594560d92d0298ba8655e984eeeadf80e94cef9e3a279f25b22102,1
223369530330,https://blog.naver.com/PostView.naver?blogId=agapeuni&logNo=223369530330&categoryNo=1213,[독서-1120] 결 - 언어로 작곡한 피아노 소품을 듣는 듯하다,2024. 2. 29. 23:52,full-text,,e19656ad11f222ccef34c1906cf01794101ef465bac74db18515f8ace8ea1a45,1
223370993397,https://blog.naver.com/PostView.naver?blogId=agapeuni&logNo=223370993397&categoryNo=1213,[독서-1121] 항복론 - 성공을 위한 내려놓기,2024. 3. 2. 18:10,full-text,,7723d94cf72a7d5aacf99c89f60be450490130d841aaec20215e1d4d3345e35a,1
223376558676,https://blog.naver.com/PostView.naver?blogId=agapeuni&logNo=223376558676&categoryNo=1213,[독서-1122] 내 삶을 지키는 바운더리 - 인간관계 선을 그어라,2024. 3. 7. 22:50,full-text,,d92ca5fb4ef858289032ec67124c89cea7751333bf4028dce78957c12ebfa3fe,1
223376595723,https://blog.naver.com/PostView.naver?blogId=agapeuni&logNo=223376595723&categoryNo=1213,[독서-1123] 사람들은 왜 내 말을 안 들을까? - 말하는 기술,2024. 3. 7. 23:29,full-text,,7c64fdde8d2ec116f8bd0a47eca60013df491e3deaaf37badfaf4fde5a536325,1
223376610845,https://blog.naver.com/PostView.naver?blogId=agapeuni&logNo=223376610845&categoryNo=1213,[독서-1124] 역사를 바꾼 100책 - EBS 독서진흥 자문위원회,2024. 3. 7. 23:46,full-text,,fab5decdfb543b42337ebd0419a6a37f2be543a4300f57dd001c978d278b20f6,1
223376617863,https://blog.naver.com/PostView.naver?blogId=agapeuni&logNo=223376617863&categoryNo=1213,[독서-1125] 나는 작은 회사 사장입니다 - 모험하는 인간,2024. 3. 7. 23:54,full-text,,9bc415815f67bc676b246bfd37b2c0ecba15e590b9b22500ddea523c2b13650b,1
223377659971,https://blog.naver.com/PostView.naver?blogId=agapeuni&logNo=223377659971&categoryNo=1213,[독서-1126] 성공 구조를 만드는 시스템 설계자,2024. 3. 8. 23:48,full-text,,55d48a31344d32cbd5604f8f5f04b44aa9b22706de7b5072fed7d68dc8a08743,1
223377664827,https://blog.naver.com/PostView.naver?blogId=agapeuni&logNo=223377664827&categoryNo=1213,[독서-1127] 최소한의 데이터 리터러시,2024. 3. 8. 23:54,full-text,,bedb2549b4659ef8a9aa6b729cfe8dc795a6349bd6e83c4eef0472e84001d9e6,1
223382650572,https://blog.naver.com/PostView.naver?blogId=agapeuni&logNo=223382650572&categoryNo=1213,[독서-1128] 알파벳 파닉스 수업 멘토링 - 11가지 솔루션,2024. 3. 13. 23:42,full-text,,6602f06ee5932b7cae0c9da0831c5cb73f3c52466f0b1fcd8ace7cff8e112cfd,1
223382685444,https://blog.naver.com/PostView.naver?blogId=agapeuni&logNo=223382685444&categoryNo=1213,[독서-1129] 애프터 워크 - 자유 시간을 위한 투쟁의 역사,2024. 3. 14. 0:21,full-text,,e85e7b88a075c30b2a47fc37022d0b09647607051573b539003f714885646916,1
223382832023,https://blog.naver.com/PostView.naver?blogId=agapeuni&logNo=223382832023&categoryNo=1213,[독서-1130] 리얼 도쿄 - 도쿄를 가장 멋지게 여행하는 방법,2024. 3. 14. 7:23,full-text,,157f0046c11916055c4219ab7dfb4eddce055c7e6a3e5f9ecd187739198d86ac,1
223383697765,https://blog.naver.com/PostView.naver?blogId=agapeuni&logNo=223383697765&categoryNo=1213,[독서-1131] 실습으로 배우는 인공지능 - AI를 체험하며 학습,2024. 3. 14. 22:34,full-text,,91e91057bcdd800951c4ff678eecf8fc177b3457f9e72a4a7eb31aeb1aaa2e52,1
223383752009,https://blog.naver.com/PostView.naver?blogId=agapeuni&logNo=223383752009&categoryNo=1213,[독서-1132] 어른의 평생공부 습관 - 매일 새로운 나를 만나다,2024. 3. 14. 23:33,full-text,,8c3f30ab9c5a5fb9a5268a3f52e04843b4646aa9e8499d6f4ee42dc887c38780,1
223383773861,https://blog.naver.com/PostView.naver?blogId=agapeuni&logNo=223383773861&categoryNo=1213,[독서-1133] 마음 근육 튼튼한 내가 되는 법,2024. 3. 14. 23:57,full-text,,cfea1193b3d177615e8d6622a5756ed7ccda54c7f7d970ce6453af20928dbe52,1
223384691021,https://blog.naver.com/PostView.naver?blogId=agapeuni&logNo=223384691021&categoryNo=1213,[독서-1134] 누구의 인생을 살고 있는가 - 현인들의 인생 질문,2024. 3. 15. 20:41,full-text,,024b0c7543bf172121aab7a7fb523b9821b502acc09c1d71f5cc5a6d356cc0e0,1
223384931351,https://blog.naver.com/PostView.naver?blogId=agapeuni&logNo=223384931351&categoryNo=1213,[독서-1135] 무엇이 나를 행복하게 만드는가,2024. 3. 16. 2:07,full-text,,0fca5132b081ea925250fc7acdce9803282a2809bce36c80ae2dd24022a5572e,1
223386368325,https://blog.naver.com/PostView.naver?blogId=agapeuni&logNo=223386368325&categoryNo=1213,"[독서-1136] 하룻밤, 300억을 포기한 남자 - 진솔한 인생 스토리",2024. 3. 17. 20:58,full-text,,77b8fe37d3931e76334d27d427d62d507dee4f8282f1688f6535f100caa69f6c,1
223388760110,https://blog.naver.com/PostView.naver?blogId=agapeuni&logNo=223388760110&categoryNo=1213,"[독서-1137] 몰입은 과학이다 - 원하는 순간, 초집중하는 기술",2024. 3. 19. 22:04,full-text,,782ff82a52a0434d40948e831dbd31f997ddefbbb484a9439065cd1ad05f3dd6,1
223388981009,https://blog.naver.com/PostView.naver?blogId=agapeuni&logNo=223388981009&categoryNo=1213,[독서-1138] 부모의 독서가 시작되면 아이의 미래가 달라진다,2024. 3. 20. 3:05,full-text,,eeedf98df537f8265e5256291327ccc312b98d64f75ae16bf8d13637f50f3624,1
223390235160,https://blog.naver.com/PostView.naver?blogId=agapeuni&logNo=223390235160&categoryNo=1213,[독서-1139] 때로는 나도 숨어버리고 싶다 - 나를 사랑하기,2024. 3. 21. 4:04,full-text,,850980e73a745d74fd9882063a4b6e8e0d5dbe2266271b0f54ca95598fed05d8,1
223392121965,https://blog.naver.com/PostView.naver?blogId=agapeuni&logNo=223392121965&categoryNo=1213,[독서-1140] 너에게 남은 시간 죽음의 디데이,2024. 3. 22. 18:25,full-text,,1562055b196f962389130622e93c8db084240b0429e3a7ff9aa5ea69256c0b83,1
223393312364,https://blog.naver.com/PostView.naver?blogId=agapeuni&logNo=223393312364&categoryNo=1213,[독서-1141] 나는 충분히 괜찮은 존재입니다 - 자존감 회복,2024. 3. 24. 5:29,full-text,,0389dbfeb6bf842c1e91ad0e563f84bb30956d081160cea656388ad2c0b8941d,1
223397418070,https://blog.naver.com/PostView.naver?blogId=agapeuni&logNo=223397418070&categoryNo=1213,[독서-1142] 그로스 프로덕트 - 사업 기획의 5가지 원칙,2024. 3. 27. 21:17,full-text,,10d825825082c89fbe089eb7b375f7f8d8f13cb90d6ca4154472b3a6d1231c17,1
223397537625,https://blog.naver.com/PostView.naver?blogId=agapeuni&logNo=223397537625&categoryNo=1213,[독서-1143] 사춘기 아이와 잘 지내시나요 - 중학생 자녀 부모,2024. 3. 27. 23:24,full-text,,0b4d124014f1f626da1fa10e947961071ccbc48b7e6c6260b4f07d816a8a4c57,1
223397555413,https://blog.naver.com/PostView.naver?blogId=agapeuni&logNo=223397555413&categoryNo=1213,[독서-1144] 일본어 독학 첫걸음 - 히라가나부터 JLPT까지,2024. 3. 27. 23:44,full-text,,00f8d9a17deee739b52cf4cf8c57b43af8de055dbc38f11ea95b50df8016a70f,1
223397568200,https://blog.naver.com/PostView.naver?blogId=agapeuni&logNo=223397568200&categoryNo=1213,[독서-1145] 두려움 없는 리더십 - 리더의 마인드셋,2024. 3. 27. 23:57,full-text,,63a9e575ff390f54a5b8db4eda19a72a7b5a8db08a376e48273c6f588ad24aba,1
223398493963,https://blog.naver.com/PostView.naver?blogId=agapeuni&logNo=223398493963&categoryNo=1213,[독서-1146] 아빠의 노트 - 내 인생의 북킷리스트,2024. 3. 28. 20:02,full-text,,7fe59c21442332c4f85ec4079ff50e3842c3e3ef5e4cafa181da023bda78e29d,1
223398642548,https://blog.naver.com/PostView.naver?blogId=agapeuni&logNo=223398642548&categoryNo=1213,"[독서-1147] Hey, 파이썬! 생성형 AI 활용 앱 만들어 줘",2024. 3. 28. 22:51,full-text,,32a9600d8330cafc0910e25c5a2d3129292583fe80351735306637c599180f1a,1
223398695673,https://blog.naver.com/PostView.naver?blogId=agapeuni&logNo=223398695673&categoryNo=1213,[독서-1148] 당신도 오늘부터 IT기업 개발자 - 취업의 모든 것,2024. 3. 28. 23:48,full-text,,dc4e37e18e138585f5681a4373dbf5f6a291118990bb3a5fccee461f34e52d5c,1
223398871120,https://blog.naver.com/PostView.naver?blogId=agapeuni&logNo=223398871120&categoryNo=1213,"[독서-1149] 혼자라서 외로운 사람, 혼자서도 행복한 사람",2024. 3. 29. 6:01,full-text,,d7e4520c07d188e127ee98315981a514b48fce5ef63ca221f8d18e77d0d6f6a9,1
223398899745,https://blog.naver.com/PostView.naver?blogId=agapeuni&logNo=223398899745&categoryNo=1213,[독서-1150] 세컨드 브레인 부스트 - 최고의 방법은 명쾌하다,2024. 3. 29. 7:05,full-text,,9a6b8cbe88d1100c0f051fc0284ac740436c151d38fd15756d1bcf4c6a184d28,1
223400157260,https://blog.naver.com/PostView.naver?blogId=agapeuni&logNo=223400157260&categoryNo=1213,[독서-1151] 연봉 1억 직장을 때려치우고 백수가 되었습니다,2024. 3. 30. 13:16,full-text,,c34428393eb5abb6de92409cc0220e0afed1fc616ed720d46395361f37c6e240,1
223400227678,https://blog.naver.com/PostView.naver?blogId=agapeuni&logNo=223400227678&categoryNo=1213,"[독서-1152] 비트코인의 미래 - 머스크, 트럼프가 설계하는",2024. 3. 30. 15:01,full-text,,0f4cc89ddeb117b26f3e78ecdfd1a44a841c519d5a2e609526fd53fd1aeea810,1
223400255224,https://blog.naver.com/PostView.naver?blogId=agapeuni&logNo=223400255224&categoryNo=1213,[독서-1153] 근본력 - 남보다 빠른 성장을 실현하는 기본기,2024. 3. 30. 15:42,full-text,,38321d6986570a8d66382950e7db5cd472efbb9312a6ff5eeb946939b3b666d7,1
223401713195,https://blog.naver.com/PostView.naver?blogId=agapeuni&logNo=223401713195&categoryNo=1213,[독서-1154] 일을 잘 맡기는 기술 - 일 잘 맡기는 리더가 되라,2024. 4. 1. 8:01,full-text,,548e067894a96233c7fbfea891328f06fdb3e7fbc713cebf8fca49573d7bbacc,1
223402631133,https://blog.naver.com/PostView.naver?blogId=agapeuni&logNo=223402631133&categoryNo=1213,"[독서-1155] 잘되는 사람의 말 - 오늘의 말, 내일의 내가 된다",2024. 4. 1. 22:31,full-text,,a55d42e35f1adcc08613100da47547a91454dea448deb09d3083aba166e5764b,1
223402663785,https://blog.naver.com/PostView.naver?blogId=agapeuni&logNo=223402663785&categoryNo=1213,"[독서-1156] 감사, 변화의 시작 - 인생의 터닝 포인트",2024. 4. 1. 23:01,full-text,,1f075170d5177b4de7a78a6e358274d189083956322e44af68de332e0c0d27d2,1
223404029609,https://blog.naver.com/PostView.naver?blogId=agapeuni&logNo=223404029609&categoryNo=1213,[독서-1157] HTML/CSS가 보이는 그림책,2024. 4. 3. 7:23,full-text,,d55e9665f105c1c48e76118c977a7d0f1b18dd4c973ff23e92a8e8f6ee7cbd22,1
223404035453,https://blog.naver.com/PostView.naver?blogId=agapeuni&logNo=223404035453&categoryNo=1213,[독서-1158] 더 나은 PIG를 선택하라 - 인간관계 마스터 스킬,2024. 4. 3. 7:37,full-text,,019d2940981ab13aad192a9c4c4fbbfaa41c04e9a7fef96db71fbc0014329b96,1
223406199610,https://blog.naver.com/PostView.naver?blogId=agapeuni&logNo=223406199610&categoryNo=1213,[독서-1159] 101가지 비즈니스 모델 이야기 - 성공 스타트업,2024. 4. 5. 3:07,full-text,,5dc1bba668a37080eb88ee4ad9ce9a32ecb24867c8f77c8162745c71eb21c190,1
223406210452,https://blog.naver.com/PostView.naver?blogId=agapeuni&logNo=223406210452&categoryNo=1213,"[독서-1160] 꽃길이 따로 있나, 내 삶이 꽃인 것을 (9점)",2024. 4. 5. 3:48,full-text,,bba3f5b28d9129d4dfacf12ee18814163d14f722e624d13878903f3ca082ff29,1
223406225383,https://blog.naver.com/PostView.naver?blogId=agapeuni&logNo=223406225383&categoryNo=1213,[독서-1161] 케이크 먹고 헬스하고 영화 보면 기분이 나아질 줄 알았다,2024. 4. 5. 4:49,full-text,,c82cb51c3cb7d8b0167da8255940d64b1c72dfc65e6f63fe95c71d0409d8be93,1
223407272457,https://blog.naver.com/PostView.naver?blogId=agapeuni&logNo=223407272457&categoryNo=1213,[독서-1162] 비즈니스 설계자 - 누구나 할 수 있는 창업 설계,2024. 4. 6. 4:36,full-text,,c96ee0980cc523c91b6d317da5c1dca0dc2516ab7f8e8e2bec1e1cfe17a0e91c,1
223407281902,https://blog.naver.com/PostView.naver?blogId=agapeuni&logNo=223407281902&categoryNo=1213,[독서-1163] 진짜 여행 일본어 - 일본 완벽하게 여행하는 방법,2024. 4. 6. 5:28,full-text,,f5b28683b8e6d7207f175f0ba5f33c3ff6b2f7423a87eafc4d91c5a439a2accb,1
223411778225,https://blog.naver.com/PostView.naver?blogId=agapeuni&logNo=223411778225&categoryNo=1213,[독서-1164] Do it! 프런트엔드 UI 개발 with Vue.js,2024. 4. 10. 23:36,full-text,,6c82aa5f65296c0b119fc258bddf60c1d70f6950f207230f96f12c045e69adbf,1
223418804473,https://blog.naver.com/PostView.naver?blogId=agapeuni&logNo=223418804473&categoryNo=1213,[독서-1165] 나는 왜 항상 바쁠까? - 똑똑한 시간관리 기술,2024. 4. 17. 22:08,full-text,,83e70297033354652f45c015a17472a6e58f2aba4ea25ecb33d67364ca16b346,1
223418964439,https://blog.naver.com/PostView.naver?blogId=agapeuni&logNo=223418964439&categoryNo=1213,[독서-1166] 알아두면 쓸모 있는 과학 상식 사전,2024. 4. 18. 1:06,full-text,,368e1f63bdd4a4e0f10c6cfd31f226613586f4dab584025602dc72438d7328f4,1
223423754005,https://blog.naver.com/PostView.naver?blogId=agapeuni&logNo=223423754005&categoryNo=1213,[독서-1167] 한 달의 요코하마 - 아름다운 도시는 언제나 블루,2024. 4. 22. 20:22,full-text,,edbb67215e9fd50d322e90013992b4eaffa8896c28773dcdcc0c9cde8070a59c,1
223425302329,https://blog.naver.com/PostView.naver?blogId=agapeuni&logNo=223425302329&categoryNo=1213,[독서-1168] 생성형 AI로 웹툰 만화 제작하기 - 프롬프트 제공,2024. 4. 24. 7:32,full-text,,46aa9592bf46e6c8b83ea7f3e648e9f68ce99522b519858c8a6da42bcdb8fc0e,1
223426248263,https://blog.naver.com/PostView.naver?blogId=agapeuni&logNo=223426248263&categoryNo=1213,"[독서-1169] 생명, 태초에 설계되었다 - 과학과 논리로 밝히다",2024. 4. 24. 23:21,full-text,,014d5c4329098d05febf212d934af5a93ecfddee4419a62cb5aab8775174af90,1
223426427923,https://blog.naver.com/PostView.naver?blogId=agapeuni&logNo=223426427923&categoryNo=1213,[독서-1170] 일 잘하는 사람의 말은 이렇게 시작합니다,2024. 4. 25. 6:47,full-text,,d7dae39e48173bb2801f7558425619c35b615452131c88cf357094422007026c,1
223426445815,https://blog.naver.com/PostView.naver?blogId=agapeuni&logNo=223426445815&categoryNo=1213,[독서-1171] 브라이언 트레이시의 행운의 법칙 - 70가지 삶의 원리,2024. 4. 25. 7:28,full-text,,c6b01079faee8ae67791c8d13083616932da0745ec5b2c61b08f604cf64c55d4,1
223428539193,https://blog.naver.com/PostView.naver?blogId=agapeuni&logNo=223428539193&categoryNo=1213,[독서-1172] 모두의 깃 & 깃허브 - 쉽게 시작하는 버전 관리,2024. 4. 27. 0:35,full-text,,6e2fe7022ab3248b8a792f019dc9515bf7bbd0b2077e066135fc93cd59af4e20,1
223432927042,https://blog.naver.com/PostView.naver?blogId=agapeuni&logNo=223432927042&categoryNo=1213,[독서-1173] 알리 쇼크 - 어떻게 시장을 점령하는가,2024. 5. 1. 14:12,full-text,,ce372904144746f17373d10191f1b0eafcd7ef1718620847454044c4a8afa81d,1
223432947023,https://blog.naver.com/PostView.naver?blogId=agapeuni&logNo=223432947023&categoryNo=1213,[독서-1174] 벌거벗은 세계사 - 권력자편,2024. 5. 1. 14:35,full-text,,f92169313be689a6d916d887b57be58814d5a049a81db4d520d412bd2f9f7d4a,1
223433250736,https://blog.naver.com/PostView.naver?blogId=agapeuni&logNo=223433250736&categoryNo=1213,[독서-1175] 리틀씽 - 아주 작고 사소한 것들의 가치,2024. 5. 1. 20:19,full-text,,343e690ce1a047dcf4b1e91f43d2ac2e92ea81d8a5eee54aea47c508b7d0bd65,1
223433341879,https://blog.naver.com/PostView.naver?blogId=agapeuni&logNo=223433341879&categoryNo=1213,[독서-1176] 타입스크립트 교과서 - 타입스크립트 올인원,2024. 5. 1. 21:57,full-text,,3b0f02735b773b3df524b33408bf8e705acf2c6b76f59d4d5024e1c1ead29ff5,1
223438009477,https://blog.naver.com/PostView.naver?blogId=agapeuni&logNo=223438009477&categoryNo=1213,[독서-1177] 불평 없이 살아보기 - 인생 개조 프로젝트,2024. 5. 6. 17:41,full-text,,2f71075b0ee6f9d356ca7ace1a56148eff8e20769b9375fdb147974c07306779,1
223441866609,https://blog.naver.com/PostView.naver?blogId=agapeuni&logNo=223441866609&categoryNo=1213,[독서-1178] 프로덕트 성장 바이블 - 네트워크 효과와 연결,2024. 5. 9. 23:45,full-text,,ccc045342a711277887750b9c3fdb7f02b5df7030baaac8984c7a289ceb11dd5,1
223444394508,https://blog.naver.com/PostView.naver?blogId=agapeuni&logNo=223444394508&categoryNo=1213,"[독서-1179] 아들아, 나는 너에게 무엇을 남겨줄 수 있을까",2024. 5. 12. 19:31,full-text,,75337652da34b8e2d174d0883dc63a175d1172ad90be4dc26050bbc58b5e20a4,1
223445561377,https://blog.naver.com/PostView.naver?blogId=agapeuni&logNo=223445561377&categoryNo=1213,[독서-1180] 업무와 일상을 정리하는 새로운 방법 '노션',2024. 5. 13. 19:12,full-text,,345ebf305980de528b5d0c508cfc397283ca37c48ec3426e1686c6011c0ff2c3,1
223445871423,https://blog.naver.com/PostView.naver?blogId=agapeuni&logNo=223445871423&categoryNo=1213,[독서-1181] 내면아이의 상처 치유하기 - 행복하게 사는 법,2024. 5. 14. 0:31,full-text,,fbd9f68402893b9336763252145c47191afaacd1128eab65adce5593fb375d17,1
223447873492,https://blog.naver.com/PostView.naver?blogId=agapeuni&logNo=223447873492&categoryNo=1213,[독서-1182] 유튜브 콘텐츠 지도사 자격 가이드 - 심화 과정,2024. 5. 15. 23:38,full-text,,bfab633e2e5a768a80e09aac935546b5bd8479d2fa94e9cf79baea11c5c91c50,1
223449011891,https://blog.naver.com/PostView.naver?blogId=agapeuni&logNo=223449011891&categoryNo=1213,[독서-1183] 여유가 두려운 당신에게 - 솔직하고 치열한 고백,2024. 5. 16. 22:52,full-text,,4c31bfccc98bd555df575275c54ce0b5b2c902b9e10e5080781eb39cb6979528,1
223449039289,https://blog.naver.com/PostView.naver?blogId=agapeuni&logNo=223449039289&categoryNo=1213,[독서-1184] 쇼펜하우어의 논쟁 대화법 - 모든 토론에서 승리,2024. 5. 16. 23:19,full-text,,76e8d8725fd86347dc4d983f086ec1ca540c18b63a76bd323e9f79d00c44ba0c,1
223449073599,https://blog.naver.com/PostView.naver?blogId=agapeuni&logNo=223449073599&categoryNo=1213,[독서-1185] DX 디지털 대전환 시대 AX 인공지능 대전환,2024. 5. 16. 23:54,full-text,,dfe26e8c6ae0da18eca0e4bbddec183dff407ec1b84a3ec0d5d5311b4e2bfb18,1
223450673479,https://blog.naver.com/PostView.naver?blogId=agapeuni&logNo=223450673479&categoryNo=1213,[독서-1186] 우리는 왜 사소한 결정조차 어려워할까,2024. 5. 18. 15:56,full-text,,460ef8091804cfd8f06ed9f22f85d21aed377774e46dedfe2d9db4e3e10ef437,1
223450977246,https://blog.naver.com/PostView.naver?blogId=agapeuni&logNo=223450977246&categoryNo=1213,[독서-1187] 모든 삶은 충분해야 한다 - 우리 시대의 역설,2024. 5. 18. 23:07,full-text,,9961132f4eee000b1af6df8df2a6ca1a775d599e0bce137ed4359f3190591646,1
223451523479,https://blog.naver.com/PostView.naver?blogId=agapeuni&logNo=223451523479&categoryNo=1213,[독서-1188] 네빌 고다드의 부활 - 상상이 현실을 창조한다,2024. 5. 19. 17:05,full-text,,bc88ba0baecb5f576c1b37f3fbc2e27bd181c99a4eed9fafb016fecbc0deb2c0,1
223451820898,https://blog.naver.com/PostView.naver?blogId=agapeuni&logNo=223451820898&categoryNo=1213,[독서-1189] 반은퇴 - 행복한 노후를 위한 100일 플랜,2024. 5. 19. 23:12,full-text,,9e4648adcd45b63d21e7660ad8f9ad2e725c2376a74c2c91385fbeb29cdbb4c8,1
223454178778,https://blog.naver.com/PostView.naver?blogId=agapeuni&logNo=223454178778&categoryNo=1213,[독서-1190] 데일 카네기의 인간관계론,2024. 5. 21. 23:15,full-text,,97805807efdf330f1a6095414e0e7d999ffaa53f263d43c1e1d974ffda030226,1
223454387568,https://blog.naver.com/PostView.naver?blogId=agapeuni&logNo=223454387568&categoryNo=1213,[독서-1191] AI 터치다운 - 현실로 활용하는 슬기로운 AI 생활,2024. 5. 22. 7:19,full-text,,d8babeb9a3aec10160f33f6cba4215b4279106b401c6546a4f4e67c1af137a24,1
223455228609,https://blog.naver.com/PostView.naver?blogId=agapeuni&logNo=223455228609&categoryNo=1213,[독서-1192] 덜 먹고 우직하게 달려라 - 단 하나의 건강 습관,2024. 5. 22. 21:15,full-text,,a4197570a6ac58285301a7c1bdbdb0a5e3e667b915f942e39bebc54012b3eb72,1
223455358147,https://blog.naver.com/PostView.naver?blogId=agapeuni&logNo=223455358147&categoryNo=1213,[독서-1193] 육각형 개발자 - 시니어 개발자로 성장하기 위한,2024. 5. 22. 23:31,full-text,,eb2590feb96274de487322447153b622119969d8c2d5cfcb13ce1b00893619ca,1
223456427980,https://blog.naver.com/PostView.naver?blogId=agapeuni&logNo=223456427980&categoryNo=1213,[독서-1194] 실패의 달인이 전하는 진심 - 1승이 간절한 그대,2024. 5. 23. 22:59,full-text,,2186a2ab9e6ca22cce3e375a2d6a419dd0442ac239b5310fa70c8d0f5130770c,1
223456464263,https://blog.naver.com/PostView.naver?blogId=agapeuni&logNo=223456464263&categoryNo=1213,[독서-1195] 왜 너는 편하게 살고자 하는가 - 라이즈 라이프,2024. 5. 23. 23:39,full-text,,5a62ce6fa025ec301abd359dc05aa9e418b20ff3d7932afa293de4974e3f98f6,1
223457568609,https://blog.naver.com/PostView.naver?blogId=agapeuni&logNo=223457568609&categoryNo=1213,[독서-1196] 무한한 가능성의 우주들 - 다중우주의 비밀,2024. 5. 24. 23:11,full-text,,f96dd3bacb35be12443fdd4ceb1c68514f1bde449f33e86160f1057ae8c4a5c3,1
223457577109,https://blog.naver.com/PostView.naver?blogId=agapeuni&logNo=223457577109&categoryNo=1213,"[독서-1197] 오늘이, 당신 인생의 마지막 날이라면",2024. 5. 24. 23:21,full-text,,6f1aa679e4b00815f57da79cd63f0f7936c94547c8407b57821e77784557b27c,1
223457591410,https://blog.naver.com/PostView.naver?blogId=agapeuni&logNo=223457591410&categoryNo=1213,[독서-1198] 공부의 고수들이 들려주는 공부의 기술,2024. 5. 24. 23:39,full-text,,d8f3c945a5055f856ebed9a485f649e0d836a648272e78e4fdc3d0b8241fe746,1
223459277269,https://blog.naver.com/PostView.naver?blogId=agapeuni&logNo=223459277269&categoryNo=1213,[독서-1199] 욱하는 성질 잡는 뇌과학 - 화를 다스리는 방법,2024. 5. 26. 23:29,full-text,,674d2f1fa2a89db287101f3c31b945a75f32121f800c1b8bb77aa1caea23ce20,1
223460684922,https://blog.naver.com/PostView.naver?blogId=agapeuni&logNo=223460684922&categoryNo=1213,[독서-1200] 성공하는 리더의 역사공부,2024. 5. 28. 6:39,full-text,,99b1ad35fe0c2f160d3297db22d86714a1db351557892519a36ce68df2675431,1
223460725599,https://blog.naver.com/PostView.naver?blogId=agapeuni&logNo=223460725599&categoryNo=1213,[독서-1201] 나는 나쁜 딸입니다 - 라임 청소년 문학,2024. 5. 28. 7:58,full-text,,71a17b14a2d49f5b8b4452693d10ffd5abbbf09f668dd03c43d91a1bfdc472ab,1
223462006260,https://blog.naver.com/PostView.naver?blogId=agapeuni&logNo=223462006260&categoryNo=1213,[독서-1202] AI 시대의 부의 지도 - 인공지능 시대의 투자법,2024. 5. 29. 10:18,full-text,,4fabae24bef944cb890022c4ee226bbd85fe92b5bcb7a977fad4efd0b74669dc,1
223464017316,https://blog.naver.com/PostView.naver?blogId=agapeuni&logNo=223464017316&categoryNo=1213,[독서-1203] 생성형 AI 시대에 생존하라 - 프로세스 혁신 기법,2024. 5. 30. 23:55,full-text,,0e81cdd940c22253377537ac10801ec2419415b48a77bdb26ae894393a49cf4b,1
223465268917,https://blog.naver.com/PostView.naver?blogId=agapeuni&logNo=223465268917&categoryNo=1213,[독서-1204] 빚 10억이 선물해준 자유 - 어느 약사 이야기,2024. 6. 1. 2:40,full-text,,f00ec7ec5257fba291f1c1a67529c2de5a8325a518057cdc8fc160ddcb18c076,1
223465535411,https://blog.naver.com/PostView.naver?blogId=agapeuni&logNo=223465535411&categoryNo=1213,[독서-1205] 데이터의 함정 - 숫자에 가려진 고객 인사이트,2024. 6. 1. 12:52,full-text,,48ade6219d9a85049e48c586fd5545cead213029a0eb2541beebc1dd6eeb70be,1
223465614891,https://blog.naver.com/PostView.naver?blogId=agapeuni&logNo=223465614891&categoryNo=1213,"[독서-1206] 개발자를 위한 생각의 정리, 문서 작성법",2024. 6. 1. 14:45,full-text,,62dc33978ab4c59dd983bd7a2da32e458b9cce8ae58667491d707a1292b9201a,1
223465949970,https://blog.naver.com/PostView.naver?blogId=agapeuni&logNo=223465949970&categoryNo=1213,[독서-1207] AI 사피엔스 - 전혀 다른 세상의 인류,2024. 6. 1. 22:33,full-text,,da511a5d3db306ca69a5d5c27e5b0f133da6216d4ebac1bd05aa4a4706f36d2b,1
223467042955,https://blog.naver.com/PostView.naver?blogId=agapeuni&logNo=223467042955&categoryNo=1213,[독서-1208] 하버드 논리학 강의 - 성공을 이끄는 논리적 사고,2024. 6. 3. 5:38,full-text,,298d1b699e36d121903a50c461033887a7e1aa81b146086d577204a14e12fa2d,1
223468041856,https://blog.naver.com/PostView.naver?blogId=agapeuni&logNo=223468041856&categoryNo=1213,[독서-1209] 뛰어난 사람은 내 감정에 휘둘리지 않는다,2024. 6. 3. 22:41,full-text,,a67d7b2ebe547b1a5361ec3b0f19cba1abb6b61026ec9b6809212457129d656e,1
223469299107,https://blog.naver.com/PostView.naver?blogId=agapeuni&logNo=223469299107&categoryNo=1213,[독서-1210] 자본주의 - EBS 다큐프라임,2024. 6. 4. 23:40,full-text,,8e85f7b34e29efd893b72d3e9b89c4a9f826b41f88f65bb24ba696796f9f69e2,1
223469408716,https://blog.naver.com/PostView.naver?blogId=agapeuni&logNo=223469408716&categoryNo=1213,[독서-1211] 50대 사건으로 보는 돈의 역사 - History of Money,2024. 6. 5. 2:46,full-text,,440f9c1434676f8fb6d201bff7cd00a942980b6c6114715da0ccdf0e2e4f7913,1
223470644140,https://blog.naver.com/PostView.naver?blogId=agapeuni&logNo=223470644140&categoryNo=1213,[독서-1212] 에세이 글쓰기 수업 - 글쓰기의 이론과 실습,2024. 6. 6. 8:55,full-text,,9999cf1a608515620f7e1c96ae040ac2eeed32d471c0867eb4119e1b3e22ce33,1
223471403344,https://blog.naver.com/PostView.naver?blogId=agapeuni&logNo=223471403344&categoryNo=1213,[독서-1213] 어긋난 대화 - 1분 만에 바로잡는 45가지 기술,2024. 6. 7. 2:14,full-text,,b7c1c38905d2e3c2dc90d17a1b9727eade9ca00d8f9c9f220d8eff1fb88db194,1
223472481399,https://blog.naver.com/PostView.naver?blogId=agapeuni&logNo=223472481399&categoryNo=1213,[독서-1214] 당신의 생각이 행복을 결정한다 - 응용 지침서,2024. 6. 8. 1:31,full-text,,91b18956bf11e6f8813d8cb4364b8d43e64a030758f24a8712fc8aa6faded98e,1
223472996061,https://blog.naver.com/PostView.naver?blogId=agapeuni&logNo=223472996061&categoryNo=1213,[독서-1215] 미래 인문학 - 미래지향 현대인을 위한,2024. 6. 8. 18:02,full-text,,b6e02f2910018b806583d0c380745b01dba6cde399a39644bb6e0571f16d10b5,1
223475355406,https://blog.naver.com/PostView.naver?blogId=agapeuni&logNo=223475355406&categoryNo=1213,[독서-1216] 플랜B는 없다 - 오로지 하나의 목표에 전념,2024. 6. 11. 2:48,full-text,,73ed5bb87e89f4a7f91cb4a65ea35dedccb4d26b18d0a21c0eef4d9593f2d3a0,1
223476532910,https://blog.naver.com/PostView.naver?blogId=agapeuni&logNo=223476532910&categoryNo=1213,[독서-1217] 언밸런스 - 삶에서 밸런스는 무의미하다,2024. 6. 12. 4:14,full-text,,3f8ac084b10d95b6c9ba326ed3203858d5ed27f1aa97b2c16488cdd98c7e1ce5,1
223476587622,https://blog.naver.com/PostView.naver?blogId=agapeuni&logNo=223476587622&categoryNo=1213,[독서-1218] 감정조절이 필요한 순간 - 행복하게 사는 법,2024. 6. 12. 7:07,full-text,,0792587768c8abfb0e0a3941181e2d08068a0efbd5d6261944e6e957337cc43d,1
223478931887,https://blog.naver.com/PostView.naver?blogId=agapeuni&logNo=223478931887&categoryNo=1213,[독서-1219] 내 일의 필로소피 - 계속 잘나가는 사람들의 비밀,2024. 6. 14. 7:30,full-text,,91608b4c9ff5534c23315598dc8ae2da8aee29e3b906ba3ff57d0438cd9c1883,1
223480494575,https://blog.naver.com/PostView.naver?blogId=agapeuni&logNo=223480494575&categoryNo=1213,"[독서-1220] 마흔, 폭풍성장으로 부의 추월차선에 올라타라",2024. 6. 15. 20:19,full-text,,e19f0e59fa25744f2e315cacb4c61ee49f98e45847b2553a6c61526d2cdf7a76,1
223480580774,https://blog.naver.com/PostView.naver?blogId=agapeuni&logNo=223480580774&categoryNo=1213,[독서-1221] 코딩 자율학습 Vue.js 프런트엔드 개발 입문,2024. 6. 15. 22:23,full-text,,63d2e1608129003555286d88e80f5149396c110bd687642cb51406e6e6388214,1
223480628270,https://blog.naver.com/PostView.naver?blogId=agapeuni&logNo=223480628270&categoryNo=1213,[독서-1222] 스프링 교과서 - 기초부터 배워서 바로 쓰는,2024. 6. 15. 23:26,full-text,,fcbc3fa5058c8f10571ad793cb08adb6b79f896338c1de9afd206b7255eb8e0f,1
223480705469,https://blog.naver.com/PostView.naver?blogId=agapeuni&logNo=223480705469&categoryNo=1213,[독서-1223] 말랑말랑 소프트 파워 - 필요한 진정한 힘,2024. 6. 16. 1:29,full-text,,7e83bda06659920deab758853d77994d0e3f850ea0dbac3fb6f8a1dc8c8b2453,1
223483772258,https://blog.naver.com/PostView.naver?blogId=agapeuni&logNo=223483772258&categoryNo=1213,[독서-1224] 인생의 폭풍 속에서 하나님을 만나다,2024. 6. 18. 22:27,full-text,,1602c2fab86e52a3015f0b1c55c4864d6efcc3dd64156f1df60aaeaf436925f0,1
223484880731,https://blog.naver.com/PostView.naver?blogId=agapeuni&logNo=223484880731&categoryNo=1213,[독서-1225] 어차피 죽을 거니까 - 하고 싶은 일을 하며 산다,2024. 6. 19. 21:18,full-text,,04a30b7c3b44554c01e830bc10aac8cac7350c7fa8b2667bd6825294c0aff3fd,1
223486329893,https://blog.naver.com/PostView.naver?blogId=agapeuni&logNo=223486329893&categoryNo=1213,[독서-1226] DX 2024 디지털 대전환의 시대 - DX 플랫폼,2024. 6. 21. 6:31,full-text,,4d2a61a5e6fbbfc2d99e5e28854459ecdd2fe0edb02f2f2bdd2d9ee57189285f,1
223486375203,https://blog.naver.com/PostView.naver?blogId=agapeuni&logNo=223486375203&categoryNo=1213,[독서-1227] 당신의 부르심은 무엇인가? - Your Destiny,2024. 6. 21. 8:08,full-text,,e0923bbbcbffa8effa0c55c6013018a7760e403ba3de9ba5ec3d628326476b34,1
223487893698,https://blog.naver.com/PostView.naver?blogId=agapeuni&logNo=223487893698&categoryNo=1213,[독서-1228] 포커스 리딩 - 더 빠르고 더 정확히 글을 읽어라,2024. 6. 22. 19:03,full-text,,5034ef1dab0c66cc611f4d2e8837e8c262fa0b26c480fe5086b2c6c60b823e48,1
223488342679,https://blog.naver.com/PostView.naver?blogId=agapeuni&logNo=223488342679&categoryNo=1213,[독서-1229] 홀로서기 철학 - 당신을 지탱해 줄 13가지 철학,2024. 6. 23. 10:45,full-text,,8ea9d22277777d7c35534ebc6e902de32460f10fb11e7574017053b48373770a,1
223494991275,https://blog.naver.com/PostView.naver?blogId=agapeuni&logNo=223494991275&categoryNo=1213,[독서-1230] 당신은 꽤 괜찮은 사람입니다 - 가치 있는 발견,2024. 6. 29. 4:51,full-text,,29dd56e010590b5fcee2a0934c68b2359fc08dcf7f85e8b16fc6e7a2d4bfdb95,1
223498095242,https://blog.naver.com/PostView.naver?blogId=agapeuni&logNo=223498095242&categoryNo=1213,[독서-1231] 인생 리셋 - 직장인이 직업인으로 살아가는 방법,2024. 7. 2. 0:26,full-text,,f4ee946d4d04f082c592d58831223b7de6bb319fbb30c026edfe367b4d0df748,1
223498156042,https://blog.naver.com/PostView.naver?blogId=agapeuni&logNo=223498156042&categoryNo=1213,[독서-1232] 제리 카플란 생성형 AI는 어떤 미래를 만드는가,2024. 7. 2. 2:05,full-text,,dea2f3f3ae8087c8922365487add5ecee7c55179f023b49f2fe5c86794e8bd4f,1
223500619651,https://blog.naver.com/PostView.naver?blogId=agapeuni&logNo=223500619651&categoryNo=1213,[독서-1233] 공감 소통 - 공감하면 사람은 90%가 바뀐다,2024. 7. 4. 2:18,full-text,,e3ee4e97512ead75aa4404877f9a6173cbfbfec589100138126d1d3b88277672,1
223500649007,https://blog.naver.com/PostView.naver?blogId=agapeuni&logNo=223500649007&categoryNo=1213,[독서-1234] 실패 예찬 - 위대한 사상가들의 실패에 대한 통찰,2024. 7. 4. 3:48,full-text,,6b83983d12fc405b7c75d7297de460bf945867541e84bf0c4954ae7039edbd03,1
223501705333,https://blog.naver.com/PostView.naver?blogId=agapeuni&logNo=223501705333&categoryNo=1213,[독서-1235] 오늘도 출근하는 나에게 - 일과 삶의 주도권,2024. 7. 4. 23:38,full-text,,866330f94d6e763c650ed522fc24f20b2f2c1efea6d05640b2dc730dc9c37dee,1
223501813285,https://blog.naver.com/PostView.naver?blogId=agapeuni&logNo=223501813285&categoryNo=1213,[독서-1236] 최소한의 서양 고전 - 슈퍼히어로물의 원형,2024. 7. 5. 2:17,full-text,,c66984526b5b47aa5ebb7b77e7387f527a5e5ef12e159b4465c18415e16741f0,1
223503016637,https://blog.naver.com/PostView.naver?blogId=agapeuni&logNo=223503016637&categoryNo=1213,[독서-1237] 자동차 자율주행 기술 교과서 - 자율주행 메커니즘 해설,2024. 7. 6. 3:12,full-text,,bb91e19e3b5722468575b18efcfcbf2086134bcc1020abf7db5893d95bbdf1a0,1
223507512725,https://blog.naver.com/PostView.naver?blogId=agapeuni&logNo=223507512725&categoryNo=1213,[독서-1238] 칼 비테의 행복한 천재 교육법,2024. 7. 10. 7:04,full-text,,0cb2c3b629c2fd3766999a1f4e6f38681296643a912e1fa2549b5c24a38e0995,1
223508531959,https://blog.naver.com/PostView.naver?blogId=agapeuni&logNo=223508531959&categoryNo=1213,[독서-1239] 어쩌다 독서 모임 호스트 - 지속 가능한 모임,2024. 7. 11. 0:05,full-text,,33da7b1c6c6fc2f2f5b8efc42310f14fbf90155365af9ebbf2b62a61364900ed,1
223509663014,https://blog.naver.com/PostView.naver?blogId=agapeuni&logNo=223509663014&categoryNo=1213,[독서-1240] 금쪽같은 기술자 - 스페셜리스트로 변신하는 법,2024. 7. 11. 22:51,full-text,,f17690b58de81ee8c9f78a4b14f799d9195be87ea79af620639f07beeb8dcf25,1
223509693649,https://blog.naver.com/PostView.naver?blogId=agapeuni&logNo=223509693649&categoryNo=1213,[독서-1241] 나를 사랑하는 것이 먼저다 - 인간관계에서의 상처,2024. 7. 11. 23:23,full-text,,eb2d0ce482654668c78fbccf2b54563ef9f61ab3901299f3e672c541c4fb91ee,1
223511067069,https://blog.naver.com/PostView.naver?blogId=agapeuni&logNo=223511067069&categoryNo=1213,[독서-1242] 불황시대의 토지 쇼핑 - 아파트가 가고 땅이 온다,2024. 7. 13. 7:10,full-text,,fa72514e5e03f54cce19bf475a594485a24e891beb89a51a4044360a335441ed,1
223511119993,https://blog.naver.com/PostView.naver?blogId=agapeuni&logNo=223511119993&categoryNo=1213,[독서-1243] 최소한의 부의 세계사 - 자본주의 31가지 이야기,2024. 7. 13. 9:09,full-text,,209ccdb1d0fe8fbe0767d473908ae72685c1e131fde6bd6c2100703711d7d6e5,1
223511826670,https://blog.naver.com/PostView.naver?blogId=agapeuni&logNo=223511826670&categoryNo=1213,[독서-1244] 성공운이 들어오는 50가지 습관,2024. 7. 14. 1:40,full-text,,7a0641bb8052dcc0803c13d3279091954c923ca80961dc0f865f30b1b6b81069,1
223512026191,https://blog.naver.com/PostView.naver?blogId=agapeuni&logNo=223512026191&categoryNo=1213,[독서-1245] 별일 없어도 읽습니다 - 인생에 대한 탐구,2024. 7. 14. 10:41,full-text,,29dc0bd1ca332aebcd0fed09008101bc4f9ffd9327970c184c2f7910fec55a5c,1
223516404202,https://blog.naver.com/PostView.naver?blogId=agapeuni&logNo=223516404202&categoryNo=1213,[독서-1246] 단순하게 몰입한다는 것 - 몰입의 힘 7가지 비밀,2024. 7. 17. 23:21,full-text,,61723f47602b5b6dae94b2e6d8ffd51c1469d17e2f3737c7e912c722263e266b,1
223516563054,https://blog.naver.com/PostView.naver?blogId=agapeuni&logNo=223516563054&categoryNo=1213,[독서-1247] 자해하는 자기애 - 상처 내는 사람을 위한 심리학,2024. 7. 18. 3:37,full-text,,8ed3c7b929f1a995f18e8121872b94bbc303b8672bafdeed371a8371756d84da,1
223517417119,https://blog.naver.com/PostView.naver?blogId=agapeuni&logNo=223517417119&categoryNo=1213,[독서-1248] 알아두면 쓸모 있는 철학 상식 사전,2024. 7. 18. 19:46,full-text,,c01251a83a164c4123c47969d41b026c83df701220a6e0b5f6954b5900bedefd,1
223517512662,https://blog.naver.com/PostView.naver?blogId=agapeuni&logNo=223517512662&categoryNo=1213,[독서-1249] 소심한 중년은 안전한 투자에 끌린다,2024. 7. 18. 21:36,full-text,,a943e6e10bce361964fd76c7d7708afe06079efdbdd4c7738a3a9d82f4190e1f,1
223518772426,https://blog.naver.com/PostView.naver?blogId=agapeuni&logNo=223518772426&categoryNo=1213,[독서-1250] 일 잘하는 사람은 가설부터 잘 세웁니다,2024. 7. 19. 22:33,full-text,,4f49538f38a728bf3cf9dea5bb41f230f29fbbd8eab6967d542edfe7b03f93c5,1
223518793527,https://blog.naver.com/PostView.naver?blogId=agapeuni&logNo=223518793527&categoryNo=1213,[독서-1251] 강한 기업으로 가는 길 - 멈춘 회사를 움직이는,2024. 7. 19. 22:57,full-text,,9b582c1ea27ff619d43019dcc9cd22a82e1bdba0d97b24915ea1dad2f389602c,1
223518830531,https://blog.naver.com/PostView.naver?blogId=agapeuni&logNo=223518830531&categoryNo=1213,[독서-1252] 불안을 이기는 심리학 - 불안이 삶을 지배할 때,2024. 7. 19. 23:39,full-text,,3bca72e57aeeb07d51b07cb80b054a80e7eab8aa8e471f3912250fd8d165d6c0,1
223519085006,https://blog.naver.com/PostView.naver?blogId=agapeuni&logNo=223519085006&categoryNo=1213,[독서-1253] 왜 아무도 알려주지 않은 거죠? - 인생 심리 기술,2024. 7. 20. 8:44,full-text,,da5452690a35d559e6bdd9b8c4671cef1e2349d299157edaa9c8a373d83b8ab3,1
223519380294,https://blog.naver.com/PostView.naver?blogId=agapeuni&logNo=223519380294&categoryNo=1213,[독서-1254] 나를 위해 살지 않으면 남을 위해 살게 된다,2024. 7. 20. 15:44,full-text,,809c3f7dbbf26d2ef18127a319793a63fce94f80080416b487dc7b4aacb62e61,1
223519866293,https://blog.naver.com/PostView.naver?blogId=agapeuni&logNo=223519866293&categoryNo=1213,[독서-1255] 사물이동성 - Mobility of Things,2024. 7. 21. 2:49,full-text,,4dd903b04769283753063f477382e8ffd58f7309b3d8301e523df9be6cf8f9c9,1
223519918363,https://blog.naver.com/PostView.naver?blogId=agapeuni&logNo=223519918363&categoryNo=1213,[독서-1256] 이기는 멘탈 - 4단계 멘탈 강화 트레이닝,2024. 7. 21. 5:54,full-text,,8e14491a667c736eb58133569bc98f53a9c1c32436f4bb36888e5951ffca840f,1
223520302740,https://blog.naver.com/PostView.naver?blogId=agapeuni&logNo=223520302740&categoryNo=1213,[독서-1257] 화를 이기는 불편한 심리학 - 얕고 깊은 분노의 근원,2024. 7. 21. 16:23,full-text,,17a9b25317c5e99f19bf72a8440d3cd8917684b2663f153e4ccb068a8c6c2b8b,1
223520797797,https://blog.naver.com/PostView.naver?blogId=agapeuni&logNo=223520797797&categoryNo=1213,[독서-1258] 생의 마지막을 생각할 때 삶은 비로소 시작된다,2024. 7. 22. 0:20,full-text,,f9f2b66234fb33a0ae57e923bcea95477dd16644b5e70e50aa0e14fa71bb853f,1
223522212106,https://blog.naver.com/PostView.naver?blogId=agapeuni&logNo=223522212106&categoryNo=1213,[독서-1259] 회복탄력성 - 삶의 역경과 시련을 뛰어넘는 법,2024. 7. 23. 6:08,full-text,,a3d9922006ff744791989382958090ea70243c443d7a6bd708ec0dc362d30126,1
223526952624,https://blog.naver.com/PostView.naver?blogId=agapeuni&logNo=223526952624&categoryNo=1213,[독서-1260] 생각이 너무 많은 나에게 - 마음 수행 가이드,2024. 7. 27. 3:54,full-text,,a7b2ad301ff3a4654e3bffee5c2f39f0956f5eb62ffff6dd7b6df1bd602394a6,1
223526970956,https://blog.naver.com/PostView.naver?blogId=agapeuni&logNo=223526970956&categoryNo=1213,[독서-1261] 우리는 사랑을 모른다 - 에리히 프롬의 심리학,2024. 7. 27. 4:58,full-text,,f01b6b949c7cfc17b3438b89cc51d1d26e910d3a7eb2f5056782c4effe436d39,1
223533314182,https://blog.naver.com/PostView.naver?blogId=agapeuni&logNo=223533314182&categoryNo=1213,"[독서-1262] 팀장의 AI - 관리자가 알아야 할 AI, 써야 할 AI, 봐야 할 AI",2024. 8. 1. 20:01,full-text,,180ff7010a8b17379de02ce3bac0c42affa5ca95f137175fd283e47ecb1c4997,1
223533666895,https://blog.naver.com/PostView.naver?blogId=agapeuni&logNo=223533666895&categoryNo=1213,[독서-1263] 100억을 만드는 스몰머니 투자법 - 용쌤 유근용,2024. 8. 2. 4:41,full-text,,42728f594109459c440aa41d528d3bba4a853045058a7992c260e9260aec3154,1
223535114991,https://blog.naver.com/PostView.naver?blogId=agapeuni&logNo=223535114991&categoryNo=1213,[독서-1264] 인생 설계자 - 잘 설계된 목표가 인생을 바꾼다,2024. 8. 3. 14:11,full-text,,94e1728ad7f30fa93a0991b32b2b08942e86338b61214f6a2bac929927d941c0,1
223535132429,https://blog.naver.com/PostView.naver?blogId=agapeuni&logNo=223535132429&categoryNo=1213,[독서-1265] 물리학은 어디까지 설명할 수 있는가,2024. 8. 3. 14:34,full-text,,1356cbdd2dccea40e5d99158257131fff675143f19c661fea042940a223a28df,1
223538936294,https://blog.naver.com/PostView.naver?blogId=agapeuni&logNo=223538936294&categoryNo=1213,[독서-1266] 일센스 99 - 불황을 이기고 성장하는 직장인,2024. 8. 6. 23:05,full-text,,bb35a91d7a837aeae663f4fb437f3569c6c68ac540e89ae2b59b94b2d976bc01,1
223539140718,https://blog.naver.com/PostView.naver?blogId=agapeuni&logNo=223539140718&categoryNo=1213,[독서-1267] 세상에서 가장 쉬운 과학 수업 - 반도체 혁명,2024. 8. 7. 5:23,full-text,,3f8895b8206ebacbb31855726509d82c1bd51675097c6a3e53475d170dd9a89d,1
223543169918,https://blog.naver.com/PostView.naver?blogId=agapeuni&logNo=223543169918&categoryNo=1213,[독서-1268] 술술 읽히는 군주론 - 군주론은 백성론이다,2024. 8. 10. 15:26,full-text,,fedfbcc4251ef9befd776c11823990b45d94e76d2783375b8662f6924958250c,1
223543181699,https://blog.naver.com/PostView.naver?blogId=agapeuni&logNo=223543181699&categoryNo=1213,[독서-1269] 데이터 드리븐 디자인 - 데이터 마인드 안내서,2024. 8. 10. 15:40,full-text,,cc229c0306203081dd1e6a83765fa7b2a3b97264b93f0144524fd14f0813c417,1
223544987975,https://blog.naver.com/PostView.naver?blogId=agapeuni&logNo=223544987975&categoryNo=1213,[독서-1270] 원룸에서 우주를 보다 - 과학으로 빛나는 순간,2024. 8. 12. 11:16,full-text,,627ef87427d04727f83f5570b50539c9ffa3b82d36e527f1755ab060337fc32f,1
223545057411,https://blog.naver.com/PostView.naver?blogId=agapeuni&logNo=223545057411&categoryNo=1213,[독서-1271] 알아두면 쓸모 있는 경제학 상식 사전,2024. 8. 12. 12:13,full-text,,fa8b0cfc94e58d3447aa63f0a7be946f5a53025f2481622a77d0dfa5c3bec0af,1
223545886675,https://blog.naver.com/PostView.naver?blogId=agapeuni&logNo=223545886675&categoryNo=1213,[독서-1272] 아이유를 읽는 시간 - 아이유 음악 평론,2024. 8. 13. 0:30,full-text,,098df2e8ef90d2aa77b5a7b8b120665a7ed9da1e65adff2fad2156fcf113653f,1
223545971394,https://blog.naver.com/PostView.naver?blogId=agapeuni&logNo=223545971394&categoryNo=1213,[독서-1273] 독기를 휘두르다 - 읽고 쓰고 실행하는 법,2024. 8. 13. 3:07,full-text,,a444d240cc28a19213f6bfd1e7730b82b3c3971f0fd808f88c289a6a1a288fb8,1
223546932904,https://blog.naver.com/PostView.naver?blogId=agapeuni&logNo=223546932904&categoryNo=1213,[독서-1274] 미생물의 은밀한 비밀 - 인류의 역사를 바꾼 세균,2024. 8. 13. 20:52,full-text,,2c60330d571c771a0f332a8be1305f3d181288a874206f54e8b323970ccc2107,1
223546976015,https://blog.naver.com/PostView.naver?blogId=agapeuni&logNo=223546976015&categoryNo=1213,[독서-1275] 자동차 엠블럼 사전 - 전설의 명차 브랜드,2024. 8. 13. 21:38,full-text,,2a0fd46bd3258561cead275914bd240ee44c7850aefdb5476784a61774eb471e,1
223546993415,https://blog.naver.com/PostView.naver?blogId=agapeuni&logNo=223546993415&categoryNo=1213,[독서-1276] 결국 독서력이다 - 독서하는 독종이 이긴다!,2024. 8. 13. 21:56,full-text,,a1fabb3daf8cb6be5d8591bb5be824584e4fe88d5e0ee5c98e26a16785ab19ed,1
223547267518,https://blog.naver.com/PostView.naver?blogId=agapeuni&logNo=223547267518&categoryNo=1213,[독서-1277] 기적의 90분 - 천국에서 보낸 축복의 시간,2024. 8. 14. 5:31,full-text,,9b909c6835c633fed2ebdac5c63ae4c1f2578149e4de80233c5c851535cec87e,1
223549109000,https://blog.naver.com/PostView.naver?blogId=agapeuni&logNo=223549109000&categoryNo=1213,[독서-1278] 파이썬 인공지능과 함께하는 토리드론,2024. 8. 15. 20:55,full-text,,fa2d741927a1c986f47d17e6cb19afcff2ae9e90f7d76b86521f10ed40eac754,1
223549270891,https://blog.naver.com/PostView.naver?blogId=agapeuni&logNo=223549270891&categoryNo=1213,[독서-1279] 베터 댄 베스트 - 어제보다 성장하는 가치가 중요,2024. 8. 15. 23:51,full-text,,3e431f06696f98d804fe7b8c49fd0e126911b492450b6c8081f8b2cde0ba8528,1
223549325841,https://blog.naver.com/PostView.naver?blogId=agapeuni&logNo=223549325841&categoryNo=1213,[독서-1280] 백 살까지 유쾌하게 나이 드는 법,2024. 8. 16. 1:03,full-text,,7e6d72525691bb882c6c958da514ac1335759f5bf0f89ab4794337802c0a5646,1
223551192639,https://blog.naver.com/PostView.naver?blogId=agapeuni&logNo=223551192639&categoryNo=1213,[독서-1281] 16명의 성도들이 보고 온 천국과 지옥,2024. 8. 17. 20:19,full-text,,a3df1ff33bf5a3763d1976415a4f2be653d5a53e5483c088639ac0142ed329fa,1
223552685464,https://blog.naver.com/PostView.naver?blogId=agapeuni&logNo=223552685464&categoryNo=1213,[독서-1282] 우주를 이해한 유인원 - 인간은 어떤 존재일까?,2024. 8. 19. 9:30,full-text,,66df8559cbe028f047e6488077bbf66c0547ffaf8c253234be6fa81e03c09247,1
223552761841,https://blog.naver.com/PostView.naver?blogId=agapeuni&logNo=223552761841&categoryNo=1213,[독서-1283] 직장인을 위한 연차휴가 생활 백서 - 내 휴가는?,2024. 8. 19. 10:40,full-text,,878920bce1b273f4b1c34e431e415833a60339d99117b7daa5c979d21e673aa5,1
223554963179,https://blog.naver.com/PostView.naver?blogId=agapeuni&logNo=223554963179&categoryNo=1213,[독서-1284] 아는 만큼 보이는 AI - AI 기술과 트렌드,2024. 8. 20. 23:57,full-text,,f09ec40cb4d4565f3f6e815c221258c78d7777165da15d9144900fa321cd2ce9,1
223560537165,https://blog.naver.com/PostView.naver?blogId=agapeuni&logNo=223560537165&categoryNo=1213,[독서-1285] AI 혁신 바이블 - 기업은 AI 시대에 어떻게 살아남는가,2024. 8. 25. 23:37,full-text,,a747b69921e978e1aea0d46d1ea3932e4a7c837fc79505255606bfb26e5eace6,1
223560671515,https://blog.naver.com/PostView.naver?blogId=agapeuni&logNo=223560671515&categoryNo=1213,[독서-1286] 미네르바의 부엉이 - 화폐의 진화,2024. 8. 26. 3:31,full-text,,5983ffa5f093672c56ced8299478fcdb2aba7c11cde91dbc9afcbaa860d0ea14,1
223561683045,https://blog.naver.com/PostView.naver?blogId=agapeuni&logNo=223561683045&categoryNo=1213,[독서-1287] 밑바닥부터 시작하는 딥러닝 - 이론과 구현,2024. 8. 26. 21:10,full-text,,6568c45b763bca1c0bd0ea4122ae6cc7407abba7160c8cbf1ca611190386a37e,1
223564577783,https://blog.naver.com/PostView.naver?blogId=agapeuni&logNo=223564577783&categoryNo=1213,[독서-1288] 콘텐츠 전략가 - 기업의 UX 기반 콘텐츠 전략,2024. 8. 29. 4:47,full-text,,6503ccff659c25273e8be7a99f86f84f5f184015c61fac398b374d3f61955291,1
223564582625,https://blog.naver.com/PostView.naver?blogId=agapeuni&logNo=223564582625&categoryNo=1213,[독서-1289] 웹3 시대와 새로운 기회 - 인터넷 패러다임 전환,2024. 8. 29. 5:02,full-text,,b7fcbf72b02e45d959e1fa8c1301d4e02006851df526db0a7c2bc7d78ffe75a7,1
223565811368,https://blog.naver.com/PostView.naver?blogId=agapeuni&logNo=223565811368&categoryNo=1213,[독서-1290] 팀장의 원칙 - 리더가 알아야 할 43가지 전략,2024. 8. 30. 4:10,full-text,,f94265a0267bca1ba486c2e651248f832e611e85fac5c4fce3ccf7db2ee1f7ce,1
223565821089,https://blog.naver.com/PostView.naver?blogId=agapeuni&logNo=223565821089&categoryNo=1213,[독서-1291] 60대도 쉽게 쓰는 인생반전 책쓰기,2024. 8. 30. 4:41,full-text,,efc93f10c29e909d1103062f9648cad5cd31a07c1425645e859cbe99a61282b0,1
223565843807,https://blog.naver.com/PostView.naver?blogId=agapeuni&logNo=223565843807&categoryNo=1213,"[독서-1292] AX 시대, 기업의 승부수는 사업·서비스·조직의 AI 전환에 있다",2024. 8. 30. 5:45,full-text,,19d9a69deb41bb8edb098c1e276d9c1b7eb3899ac50db62a2e7bd91f3fb3ebcb,1
223566804643,https://blog.naver.com/PostView.naver?blogId=agapeuni&logNo=223566804643&categoryNo=1213,[독서-1293] 친일파의 재산 - 친일이라는 이름 뒤의 돈과 땅,2024. 8. 30. 22:30,full-text,,e531b2c73352d26e0375e3bb31a9837f21577c4841b3d6e378ba6efa8158de94,1
223567060541,https://blog.naver.com/PostView.naver?blogId=agapeuni&logNo=223567060541&categoryNo=1213,"[독서-1294] 꾸준히, 오래, 지치지 않고 - 나를 지키는 마음의 태도에 대하여",2024. 8. 31. 7:12,full-text,,57621d8cc16a4cb22e125fb602b45c589b8e6a31eac64fbc2a9f68db09ca3d8f,1
223567097728,https://blog.naver.com/PostView.naver?blogId=agapeuni&logNo=223567097728&categoryNo=1213,[독서-1295] 말하기가 이렇게 쉬울 줄이야 - 말하기 공략 비법,2024. 8. 31. 8:36,full-text,,8724a82f356ede68b16522d9413f6ece5a36512c430fa35c91256b4ea3038f6b,1
223567926424,https://blog.naver.com/PostView.naver?blogId=agapeuni&logNo=223567926424&categoryNo=1213,"[독서-1296] 천국과 지옥, 반드시 있습니다",2024. 9. 1. 4:36,full-text,,e44c4381ce2a85cb945e6421565bc4a845b825c4e1b560751e3c8bd2f280bd6b,1
223571554243,https://blog.naver.com/PostView.naver?blogId=agapeuni&logNo=223571554243&categoryNo=1213,[독서-1297] 내가 본 하늘나라 - 손에스더 전도사 간증,2024. 9. 4. 7:30,full-text,,3c4d2f998d7677f9f48ff7d9f3cbf2b0d38adfd4096a587ccc1f60bad30da1bf,1
223572545495,https://blog.naver.com/PostView.naver?blogId=agapeuni&logNo=223572545495&categoryNo=1213,[독서-1298] 코딩 자율학습 리눅스 입문 with 우분투,2024. 9. 4. 22:32,full-text,,88529213817908f8e03406bd020bc520a3fade6ba7038ae494ebbb6fbd776490,1
223572803053,https://blog.naver.com/PostView.naver?blogId=agapeuni&logNo=223572803053&categoryNo=1213,[독서-1299] 불편하지만 진짜리더가 되고 싶은가요?,2024. 9. 5. 6:20,full-text,,eda3a0925d4b4b0f8303b803accb7a60b06bf0591aa1daac571135a73f95cdd0,1
223572823636,https://blog.naver.com/PostView.naver?blogId=agapeuni&logNo=223572823636&categoryNo=1213,[독서-1300] 디자인 씽킹 바이블 - 비즈니스 디자인의 원리,2024. 9. 5. 7:04,full-text,,b3e531cfe5fdc9b6291ff79ecf6a8056858b161d3ca15a19bfca5419c56a0505,1
223572845391,https://blog.naver.com/PostView.naver?blogId=agapeuni&logNo=223572845391&categoryNo=1213,[독서-1301] JLPT 최신 기출 유형 실전모의고사 N5,2024. 9. 5. 7:42,full-text,,1f4395ad7bf941d2cd9c18f148f48e0c9c7e4c58c831e2f82f04421afe60faa7,1
223574028219,https://blog.naver.com/PostView.naver?blogId=agapeuni&logNo=223574028219&categoryNo=1213,[독서-1302] 파워루틴핏 - 하이퍼 퍼스낼리티 강화 전략,2024. 9. 6. 4:10,full-text,,32fad8aeadf2c9d689814ccced4d4d1fe5e6295f85283f87fe2a92016d79faf5,1
223581746550,https://blog.naver.com/PostView.naver?blogId=agapeuni&logNo=223581746550&categoryNo=1213,"[독서-1303] 어린 왕자 (일본어, 한국어) - 일본어 필사 시리즈",2024. 9. 12. 15:31,full-text,,2e9f38d82bf1fa0ce75b9f94e30d6244d1396396f3a0673dd14477c7f7115e74,1
223582265899,https://blog.naver.com/PostView.naver?blogId=agapeuni&logNo=223582265899&categoryNo=1213,[독서-1304] 하버드 새벽 4시 반 - 100만부 기념 뉴에디션,2024. 9. 12. 23:46,full-text,,d2b2eeadd4ccdd57ea515608a9c7415d0756fa06d71e983c9d9b7a9457126852,1
223582275884,https://blog.naver.com/PostView.naver?blogId=agapeuni&logNo=223582275884&categoryNo=1213,"[독서-1305] AI, 예술의 미래를 묻다 - 새로운 예술과 가능성",2024. 9. 12. 23:56,full-text,,0e6776910ada9e7440dd4dedffc6cd14e130e018c65c415899a58cd73c28ec7f,1
223583518383,https://blog.naver.com/PostView.naver?blogId=agapeuni&logNo=223583518383&categoryNo=1213,[독서-1306] 미라클레터 - 프로 일잘러의 30가지 성공 노하우,2024. 9. 14. 0:42,full-text,,77e139b8a48e724ae53cfe559434823b237054bcd5fa2caf1084f65a459f6705,1
223583585085,https://blog.naver.com/PostView.naver?blogId=agapeuni&logNo=223583585085&categoryNo=1213,"[독서-1307] AI 전환 시대엔 혼자보다 함께, 클로드 AI 글쓰기",2024. 9. 14. 2:56,full-text,,d0da84c2aa594b2c1a7370cf78301a4ec877655d6c46e8fb185207fa571a6e19,1
223586901118,https://blog.naver.com/PostView.naver?blogId=agapeuni&logNo=223586901118&categoryNo=1213,"[독서-1308] 다시, 행복을 풀다 - 불안을 이기는 행복 코드",2024. 9. 17. 20:47,full-text,,f7279f290e68a4467ffb01c69db450a0780c2cf5ebc23a526191998f0d55a648,1
223586986923,https://blog.naver.com/PostView.naver?blogId=agapeuni&logNo=223586986923&categoryNo=1213,[독서-1309] 로컬 라이프스타일을 제안하다 - 시골 이야기,2024. 9. 17. 22:45,full-text,,0ecd3f5e7b016e773d2f727085ce96412a8f0e401c36144981c880678a4740c5,1
223587087434,https://blog.naver.com/PostView.naver?blogId=agapeuni&logNo=223587087434&categoryNo=1213,"[독서-1310] 어제보다 오늘, 오늘보다 내일 더 건강하게 살기",2024. 9. 18. 1:09,full-text,,4f956d27d188099805cfe1fe121ee861fe7f5bc2799ec80c387dfbb0d49671c6,1
223587883882,https://blog.naver.com/PostView.naver?blogId=agapeuni&logNo=223587883882&categoryNo=1213,[독서-1311] 물의 세 시대 - 물과 인류의 위기,2024. 9. 18. 22:34,full-text,,abaa915c19e3c793200c0c2db53cb9e29303a238bdf48a3d7e0f3bf3b212e6a3,1
223587914108,https://blog.naver.com/PostView.naver?blogId=agapeuni&logNo=223587914108&categoryNo=1213,[독서-1312] 데일리 대드 - 부모에게 전하는 365일 삶의 지혜,2024. 9. 18. 23:05,full-text,,1b2e19727e61bc0f8c5c70ef95e7fa0e5846110c88c96bde204e1b5f3a9d610f,1
223587956878,https://blog.naver.com/PostView.naver?blogId=agapeuni&logNo=223587956878&categoryNo=1213,[독서-1313] 마음 정렬 - 나를 치유하고 관계를 회복시키는,2024. 9. 18. 23:51,full-text,,ea57f1bcc31ac47b4336822590931e1f484dbaba21f9dfab28496fdd89ad8e81,1
223589213016,https://blog.naver.com/PostView.naver?blogId=agapeuni&logNo=223589213016&categoryNo=1213,[독서-1314] AI 시대의 소크라테스 - 인간의 철학적 질문들,2024. 9. 19. 22:41,full-text,,0043d210b06d3db44ba04735ef4bece6c12046afd970a9cd578f771acc327ad3,1
223589240889,https://blog.naver.com/PostView.naver?blogId=agapeuni&logNo=223589240889&categoryNo=1213,[독서-1315] 나를 바꾸는 챌린지 100 - 지속되는 반복,2024. 9. 19. 23:08,full-text,,ec3e89bd7c3894b7a424e57709e8b5d503249728cf12f22ed0c0965e19cb5449,1
223589273622,https://blog.naver.com/PostView.naver?blogId=agapeuni&logNo=223589273622&categoryNo=1213,[독서-1316] 자기주관으로 나의 언어를 만들어라,2024. 9. 19. 23:41,full-text,,7c680115de0fc2cd0b81b2ad040908440de2f8f0cf625525c05abee01746491d,1
223589295993,https://blog.naver.com/PostView.naver?blogId=agapeuni&logNo=223589295993&categoryNo=1213,[독서-1317] 일 잘하는 사람은 단순하게 합니다,2024. 9. 20. 0:03,full-text,,70b2860ed78d6791d61ca3f8a1574517992368b1f34f4070b79bf809ec06e69f,1
223589559952,https://blog.naver.com/PostView.naver?blogId=agapeuni&logNo=223589559952&categoryNo=1213,[독서-1318] AI 반도체 전쟁 - 반도체 혁명과 신제조업 경쟁,2024. 9. 20. 8:22,full-text,,298c45542ff3b22d7e2017147ba059bfe3bf159c834d6ae00516213538ed0c66,1
223597800928,https://blog.naver.com/PostView.naver?blogId=agapeuni&logNo=223597800928&categoryNo=1213,[독서-1319] 내 몸 바꾸는 식사법 - 식사 시간대만 조절해도,2024. 9. 26. 23:13,full-text,,83556c21342ca8c064535e764e07bf4df71d2e8b58a3b1a9191689057f68c36c,1
223597834729,https://blog.naver.com/PostView.naver?blogId=agapeuni&logNo=223597834729&categoryNo=1213,[독서-1320] 세속적인 세상에서 사는 지혜,2024. 9. 26. 23:48,full-text,,dc57767681be0e8ea46dff2afaafe6efad4ab6434b08d263d807a567e9019ca9,1
223597956753,https://blog.naver.com/PostView.naver?blogId=agapeuni&logNo=223597956753&categoryNo=1213,[독서-1321] 괴테의 인생 수업 - 진정한 삶에 대한 통찰,2024. 9. 27. 2:53,full-text,,c301641a51a7eac5d35e6913a90608cad6cee88f567ae1f086ea44495fd64083,1
223597995129,https://blog.naver.com/PostView.naver?blogId=agapeuni&logNo=223597995129&categoryNo=1213,[독서-1322] 세상에서 제일 쉬운 챗GPT 프롬프트 엔지니어링,2024. 9. 27. 4:39,full-text,,db6f61112c050461dadf94c9ec9c917058bca5adbe29898043bd55d9a1a8c928,1
223598226122,https://blog.naver.com/PostView.naver?blogId=agapeuni&logNo=223598226122&categoryNo=1213,[독서-1323] 2025 한국이 열광할 세계 트렌드 - 게임 체인저,2024. 9. 27. 10:33,full-text,,130fb1056c6429b8f44c9e28ec07d107469c8018729fd523cd5ad6edea45f8ae,1
223601258713,https://blog.naver.com/PostView.naver?blogId=agapeuni&logNo=223601258713&categoryNo=1213,[독서-1324] 파스칼 인생공부 - 인간의 마음을 해부한 철학,2024. 9. 30. 1:57,full-text,,6c1f589a66c4f623cf6f3ea7ee0faa6db77b1f2357df87b2f98cec0e13fbb66e,1
223603265042,https://blog.naver.com/PostView.naver?blogId=agapeuni&logNo=223603265042&categoryNo=1213,[독서-1325] 홀랜프 1 - 거룩한 땅의 수호자,2024. 10. 1. 17:36,full-text,,561099b728a128fa11a5a10fbe331e5aa58e8b96000fa6698d33dfa653c58167,1
223603281272,https://blog.naver.com/PostView.naver?blogId=agapeuni&logNo=223603281272&categoryNo=1213,[독서-1326] 홀랜프 2 - 메시아의 수호자,2024. 10. 1. 17:54,full-text,,e0f108b8ca8e092b4f73d1aa756821e7fd29b7331de9afef34ca6a5d898bae63,1
223608752362,https://blog.naver.com/PostView.naver?blogId=agapeuni&logNo=223608752362&categoryNo=1213,[독서-1327] 유니콘이 되어라 - 대체 불가능한 인재들의 습관,2024. 10. 6. 13:33,full-text,,47a41d4c31e64eefad5d24ceae9b984b5ad5aa06aa1a85fb6fd2a2385d950051,1
223608816520,https://blog.naver.com/PostView.naver?blogId=agapeuni&logNo=223608816520&categoryNo=1213,[독서-1328] 10배 크게 시작하라 - 성공하는 사람들의 스케일,2024. 10. 6. 14:46,full-text,,413be40426c79362a2d7a2cbc0ab38740f0300d01e0121694400de7370f74198,1
223608872490,https://blog.naver.com/PostView.naver?blogId=agapeuni&logNo=223608872490&categoryNo=1213,[독서-1329] 마음이 부자인 아이는 어떻게 성장하는가,2024. 10. 6. 15:48,full-text,,a7f65e5c8384c8b627c820cd191911da91931e2c74548c0b9904b8da3a741ed4,1
223610660117,https://blog.naver.com/PostView.naver?blogId=agapeuni&logNo=223610660117&categoryNo=1213,[독서-1330] 매일 잘 자고 싶은 사람들을 위한 책 - 숙면 훈련,2024. 10. 7. 22:22,full-text,,5714ba51bee8082ef23bad8f6a6628346a5308618f641067ec71ea2c742a3093,1
223611053504,https://blog.naver.com/PostView.naver?blogId=agapeuni&logNo=223611053504&categoryNo=1213,[독서-1331] 나를 위한 용기 - 부족해서 아름다운 나에게,2024. 10. 8. 9:02,full-text,,dcd73f063da2c4c05a245c77365856069789cf336865e3c5850f39807ca7bc6b,1
223613070201,https://blog.naver.com/PostView.naver?blogId=agapeuni&logNo=223613070201&categoryNo=1213,"[독서-1332] 알테쉬톡의 공습 - 알리,테무,쉬인,틱톡샵의 실체",2024. 10. 9. 23:38,full-text,,ea95c05784a0019312c4afb03e8475e2092abd8c9a246cd709ad88c0ede7a462,1
223614341974,https://blog.naver.com/PostView.naver?blogId=agapeuni&logNo=223614341974&categoryNo=1213,[독서-1333] IT 트렌드 2025 - AI의 미래와 비즈니스 모델,2024. 10. 10. 23:33,full-text,,f1f7ea555d9823af762c2fcf79867e9276fd87e97dc5335192f1d9c67c5bc878,1
223614522495,https://blog.naver.com/PostView.naver?blogId=agapeuni&logNo=223614522495&categoryNo=1213,[독서-1334] 나는 여전히 걸어가는 중입니다 - 길을 만들면 되지,2024. 10. 11. 4:27,full-text,,a82f38a6134039480308ff42a52ed8fb21f467576e8a4f203463bd38dff7b16c,1
223615888480,https://blog.naver.com/PostView.naver?blogId=agapeuni&logNo=223615888480&categoryNo=1213,[독서-1335] 마흔 이후 10년 - 인생의 방향을 만드는 시간,2024. 10. 12. 8:27,full-text,,fe68953183ffd7a53d5f3939d4cb4abbf09a9ca94284d76f84ae0956b70cdc8e,1
223615915072,https://blog.naver.com/PostView.naver?blogId=agapeuni&logNo=223615915072&categoryNo=1213,[독서-1336] 말투만 바꿨을 뿐인데 - 인생이 달라진다,2024. 10. 12. 9:13,full-text,,f0653e9871ac36fcfd2115fbe3f403e92b98ea500be276051f269e95709e440b,1
223616028996,https://blog.naver.com/PostView.naver?blogId=agapeuni&logNo=223616028996&categoryNo=1213,[독서-1337] 오십의 말하기는 달라야 합니다 - 포용의 대화법,2024. 10. 12. 11:46,full-text,,aa60a4d2be28e6a598eafdd8b214fc45fcbcf5190264d432d4be798c54045438,1
223619101829,https://blog.naver.com/PostView.naver?blogId=agapeuni&logNo=223619101829&categoryNo=1213,[독서-1338] 내 상처가 사랑을 밀어내지 않게 하려면,2024. 10. 14. 23:41,full-text,,f6c6b1c9bbedd78db5ea431dcf9f2bf4f63612a9a2883dbc88ae96590056b555,1
223620480322,https://blog.naver.com/PostView.naver?blogId=agapeuni&logNo=223620480322&categoryNo=1213,[독서-1339] 여기 오면 다 잘될 줄 알았지 - 실리콘밸리 체험기,2024. 10. 15. 23:24,full-text,,24b1fdc8cdf913f3eeecc8df55d52bcaca0f3a90809d23385522a01260d00ca6,1
223622067755,https://blog.naver.com/PostView.naver?blogId=agapeuni&logNo=223622067755&categoryNo=1213,[독서-1340] 박태웅의 AI 강의 2025 - 새로운 지능의 모든 것,2024. 10. 17. 5:44,full-text,,e72d6fc25038decf21f5593cc064d29fd817451a52d7cd63e19c5cb932102041,1
223623244801,https://blog.naver.com/PostView.naver?blogId=agapeuni&logNo=223623244801&categoryNo=1213,[독서-1341] 원온원 대화의 기술 - 일대일 미팅의 힘,2024. 10. 17. 23:44,full-text,,43aadd49deebbecb62c5f9034ea776574b38c37aaf8af927acbd347715ff1323,1
223624498875,https://blog.naver.com/PostView.naver?blogId=agapeuni&logNo=223624498875&categoryNo=1213,"[독서-1342] 기적의 항암 식단 - 전이, 재발을 막는 건강 식단",2024. 10. 18. 22:02,full-text,,aabc6fd7d81ddb948792cfca2bc834587efb882f54363c0dc7e4e7f704d662a6,1
223624541224,https://blog.naver.com/PostView.naver?blogId=agapeuni&logNo=223624541224&categoryNo=1213,[독서-1343] 아인슈타인과 논쟁을 벌여봅시다 - 물리학이야기,2024. 10. 18. 22:48,full-text,,99e4ba446865145fd463ad29b6a1190c9f019b0f35bc6c31f32bf7bb21af3f8e,1
223624575543,https://blog.naver.com/PostView.naver?blogId=agapeuni&logNo=223624575543&categoryNo=1213,[독서-1344] 그토록 힘들던 인간관계가 술술 풀리기 시작했다,2024. 10. 18. 23:26,full-text,,9081dbd8975315ac77929f43e090690a5e61c4bca0e9d5b0799705069a5f1316,1
223625383009,https://blog.naver.com/PostView.naver?blogId=agapeuni&logNo=223625383009&categoryNo=1213,[독서-1345] 무해한 산책 - 방랑자 헤르만 헤세의 여행 철학,2024. 10. 19. 19:17,full-text,,15de10b397136d9b2b6b6bde5e8751778479e7c75778161e18bd877f34393a38,1
223625439842,https://blog.naver.com/PostView.naver?blogId=agapeuni&logNo=223625439842&categoryNo=1213,"[독서-1346] 단단한 사랑이 있는 한, 넘어지지 않는다",2024. 10. 19. 20:29,full-text,,7086c8f1a496cfc66f7972008c37a2c07015a86d2318ff8519bc1b770420da21,1
223625523550,https://blog.naver.com/PostView.naver?blogId=agapeuni&logNo=223625523550&categoryNo=1213,[독서-1347] 분초형 인간 - 1분 가치를 100배로 만드는 방법,2024. 10. 19. 22:05,full-text,,c9e8412918a00574afd856f0ec566e58be8591a6fb00a62eb7b18792bd6983a0,1
223628390376,https://blog.naver.com/PostView.naver?blogId=agapeuni&logNo=223628390376&categoryNo=1213,[독서-1348] 10배의 부가 온다 - 부를 끌어당기는 성공 비밀,2024. 10. 22. 6:54,full-text,,69aad6bcc6df268ece15fd2e90b812a12d70f30a72492c635cab736883641f1b,1
223637733581,https://blog.naver.com/PostView.naver?blogId=agapeuni&logNo=223637733581&categoryNo=1213,[독서-1349] 고흐가 바라본 세상 - 반 고흐의 아포리즘,2024. 10. 29. 7:34,full-text,,d2053ae34383cd5c0ffd3f003d135403399c5c2713069826dfaf52546ebc700b,1
223639248325,https://blog.naver.com/PostView.naver?blogId=agapeuni&logNo=223639248325&categoryNo=1213,[독서-1350] 장르불문 관통하는 글쓰기 - 기본 이론편,2024. 10. 30. 7:45,full-text,,fcdac09e0700d56aa4abd1e3283405f436a5e7ff0609d0a0be0a1fcd8bb6cf01,1
223640590682,https://blog.naver.com/PostView.naver?blogId=agapeuni&logNo=223640590682&categoryNo=1213,[독서-1351] 철학이 있는 삶이 성공을 만든다,2024. 10. 31. 5:03,full-text,,2c3c08d494feca5e11c3061136477218fba8b47afdce32c2aab2c50d1f797a93,1
223640599156,https://blog.naver.com/PostView.naver?blogId=agapeuni&logNo=223640599156&categoryNo=1213,[독서-1352] AI 2025 활용 백과 with 샘 알트만,2024. 10. 31. 5:21,full-text,,37e47d4e9a5f062ad8370cad97994d1a3f2d7238968e8d55fb9347450344d6f2,1
223642283694,https://blog.naver.com/PostView.naver?blogId=agapeuni&logNo=223642283694&categoryNo=1213,[독서-1353] 코스모스 씽킹 - 우주를 이해하면 보이는 일상,2024. 11. 1. 9:54,full-text,,85359a8985e844a650714b6eafce536a60c482b527dd7f505758369b2473b6fc,1
223644768797,https://blog.naver.com/PostView.naver?blogId=agapeuni&logNo=223644768797&categoryNo=1213,[독서-1354] 읽고 바로 써먹는 쓸모 있는 한국사,2024. 11. 3. 10:31,full-text,,ea910dac3325356f74045883f410987c3531d9fffa26f94be4a5f3a2168e5ac0,1
223644781926,https://blog.naver.com/PostView.naver?blogId=agapeuni&logNo=223644781926&categoryNo=1213,[독서-1355] 피카소의 말  - 지지 않기 위해 싸운다,2024. 11. 3. 10:48,full-text,,42a57eac68b9f8b2c1059b58f4bb16e073052a3adac6faef7575643920bb49cc,1
223645707143,https://blog.naver.com/PostView.naver?blogId=agapeuni&logNo=223645707143&categoryNo=1213,[독서-1356] 대전환기의 투자전략 - THE GREAT SHIFT,2024. 11. 4. 4:50,full-text,,f3d47f7622df85d71374d5affdb00aec4664fc8c58a9f18c0b69b5a6fd1bb218,1
223645715852,https://blog.naver.com/PostView.naver?blogId=agapeuni&logNo=223645715852&categoryNo=1213,[독서-1357] 삶은 어제가 있어 빛난다 - 행복으로 나아가는 법,2024. 11. 4. 5:10,full-text,,06fde903965b80421714037626d20082d8a839515abd993909d6be7038fca073,1
223647140234,https://blog.naver.com/PostView.naver?blogId=agapeuni&logNo=223647140234&categoryNo=1213,[독서-1358] 닥터덕의 세포 리셋 - 만성피로에서 해방되는 법,2024. 11. 5. 2:20,full-text,,536262a1c11e12adee7e76f7abec0776c965c4bc349d65875aa0ef870240c510,1
223648766763,https://blog.naver.com/PostView.naver?blogId=agapeuni&logNo=223648766763&categoryNo=1213,[독서-1359] 이성 - 이성 개념의 변천사 - 이성이란 무엇일까,2024. 11. 6. 5:18,full-text,,6a7d7c09371e742113301da4610014ed4110b6d720cb67fa0aa3591eab19f32a,1
223648905602,https://blog.naver.com/PostView.naver?blogId=agapeuni&logNo=223648905602&categoryNo=1213,[독서-1360] 불멸의 화가 반 고흐 - 별처럼 빛난 삶과 작품,2024. 11. 6. 8:44,full-text,,60c1ad86cf99deae2004f7b93dfa08540638b49eb43c19549a5965ed9e9b88c6,1
223651390347,https://blog.naver.com/PostView.naver?blogId=agapeuni&logNo=223651390347&categoryNo=1213,[독서-1361] 자기경영 헬스케어 - 원하는 삶의 성취를 위한,2024. 11. 7. 23:00,full-text,,bcced6e2f141216a1914ef78599ae46e96cfa8aeacfd8086b7487d2e7b62e3a9,1
223651736754,https://blog.naver.com/PostView.naver?blogId=agapeuni&logNo=223651736754&categoryNo=1213,[독서-1362] AI로 나만의 책 쓰는 법 - AI 활용 창의적 글쓰기,2024. 11. 8. 7:48,full-text,,7dff2d6f05bfa8a854f65d3466ef6fde7d7713f40b2ea8a279b5db7586191050,1
223653229616,https://blog.naver.com/PostView.naver?blogId=agapeuni&logNo=223653229616&categoryNo=1213,[독서-1363] 조직의 생존을 결정하는 MZ 리더십 - K조직문화,2024. 11. 9. 10:46,full-text,,1833d2a5ae9c4ef931d1d2365218c9300a05b7f97dfa172776ae9e2ddd4de2aa,1
223653346701,https://blog.naver.com/PostView.naver?blogId=agapeuni&logNo=223653346701&categoryNo=1213,[독서-1364] 왜 그렇게 살아야 할까 - 기준을 세우는 철학,2024. 11. 9. 13:04,full-text,,c4dd784d7fff47a0735ce3579bc82a059bfef7463eed98bfa8a918c7de778858,1
223653870350,https://blog.naver.com/PostView.naver?blogId=agapeuni&logNo=223653870350&categoryNo=1213,[독서-1365] 최소한의 비트코인 - 지금 알면 돈 버는,2024. 11. 9. 23:08,full-text,,78950bc2af912730161d944a0567790056f6712690d7724417341ca096bb7885,1
223654188981,https://blog.naver.com/PostView.naver?blogId=agapeuni&logNo=223654188981&categoryNo=1213,[독서-1366] 기업의 판도를 흔드는 AI 초혁신,2024. 11. 10. 8:29,full-text,,a5a8a47b9fec8dbadc7fa9242ae951e56c842d4471dfd5d3a096052b62718335,1
223658465810,https://blog.naver.com/PostView.naver?blogId=agapeuni&logNo=223658465810&categoryNo=1213,[독서-1367] 가장 나다웠던 인생의 한 페이지,2024. 11. 13. 9:58,full-text,,2612710be3f38820de3872da7c65a1ef96888d4a7da20420badbe731cb0bfd54,1
223658543162,https://blog.naver.com/PostView.naver?blogId=agapeuni&logNo=223658543162&categoryNo=1213,[독서-1368] 왜 당신은 죽어가는 자신을 방치하고 있는가,2024. 11. 13. 10:55,full-text,,ae576d66d300bf9942b16577c7c4ef896833956dfa25ff65b89b322d5b6e5355,1
223658848536,https://blog.naver.com/PostView.naver?blogId=agapeuni&logNo=223658848536&categoryNo=1213,[독서-1369] 이기적 소통 - 나를 위한 지혜로운 말하기 수업,2024. 11. 13. 14:37,full-text,,879858757869f337fdeb809e01f1e315313ba523d62e906f984847fed49ba687,1
223662692345,https://blog.naver.com/PostView.naver?blogId=agapeuni&logNo=223662692345&categoryNo=1213,[독서-1370] 낙하산 키즈,2024. 11. 16. 10:56,full-text,,ca1bd449f1ea1600cdaeb7706b2a7cd053ec03e90cce9f6f71888b8917a25980,1
223665673421,https://blog.naver.com/PostView.naver?blogId=agapeuni&logNo=223665673421&categoryNo=1213,"[독서-1371] 젠슨 황, 게임의 룰 - AI 시대의 성공 원칙",2024. 11. 19. 5:04,full-text,,65c364b3aec853b059f580776dda453be2baedb93316348bc70b027b3d4ad0da,1
223667776515,https://blog.naver.com/PostView.naver?blogId=agapeuni&logNo=223667776515&categoryNo=1213,"[독서-1372] 미래를 향한 도전, 스타트업 - 창업의 모든 것",2024. 11. 20. 22:36,full-text,,2b159aaaf52c64700f0161d33b1a295edac26f05dc5ccffe014f9764beb68636,1
223668924809,https://blog.naver.com/PostView.naver?blogId=agapeuni&logNo=223668924809&categoryNo=1213,[독서-1373] 시그널 코리아 2025 - What's Next?,2024. 11. 21. 23:26,full-text,,787b0e0929b14616d150b0a34ae3376fbf4524f42f2b209409bf28b1c2ed9f20,1
223669046188,https://blog.naver.com/PostView.naver?blogId=agapeuni&logNo=223669046188&categoryNo=1213,[독서-1374] 문이 닫히면 어딘가 창문은 열린다,2024. 11. 22. 3:23,full-text,,c86610db1ee3345759bd0e679c6483ef5ed69a320a95ba63eddc697121b17aaf,1
223669102261,https://blog.naver.com/PostView.naver?blogId=agapeuni&logNo=223669102261&categoryNo=1213,[독서-1375] 꼭 꽃이 될 필요 없어 - 당신을 꺼내 줄 책,2024. 11. 22. 6:41,full-text,,d948b04d7f9e9b77f1b03df011925d95eda5b580e64d9a28509dfc06a8b3053e,1
223669977903,https://blog.naver.com/PostView.naver?blogId=agapeuni&logNo=223669977903&categoryNo=1213,"[독서-1376] 더 퍼지, AI 시대 누가 미래를 이끄는가",2024. 11. 22. 22:34,full-text,,de245f44e3a6b0cb83c79d094f39dbd175807030af0fdc1909fb4f343d5cc811,1
223675448839,https://blog.naver.com/PostView.naver?blogId=agapeuni&logNo=223675448839&categoryNo=1213,[독서-1377] 자영업 트렌드 2025 - 장사고수 32명이 꼽은,2024. 11. 28. 8:02,full-text,,751251d6760da3253d312b73f3d4ce1bff75096cc582a76432f4c61aca2ca107,1
223676240241,https://blog.naver.com/PostView.naver?blogId=agapeuni&logNo=223676240241&categoryNo=1213,[독서-1378] 미라클 브레인 - 성공의 뇌를 리부트하라,2024. 11. 28. 20:42,full-text,,9e85558b1b75dd2dcfee5f64bceebde3cc6df7abefb347ab0bfc498ce91865ee,1
223676559131,https://blog.naver.com/PostView.naver?blogId=agapeuni&logNo=223676559131&categoryNo=1213,[독서-1379] 나를 위한 첫 번째 환경수업 - 최소한의 환경과학,2024. 11. 29. 5:40,full-text,,591384e64f1525c0e22b653ed7a309f978db0eb40d57b9a1a6c36bfe0f151ed0,1
223678016083,https://blog.naver.com/PostView.naver?blogId=agapeuni&logNo=223678016083&categoryNo=1213,[독서-1380] 어느 동화작가의 소란한 투자 이야기,2024. 11. 30. 16:05,full-text,,3aeabb94e97726e166a8b4b64157bc3c178c04ef9bb26b997bd1bb8aeeef0290,1
223682810786,https://blog.naver.com/PostView.naver?blogId=agapeuni&logNo=223682810786&categoryNo=1213,[독서-1381] 창의력도 공부하면 늡니다 - 크리에이티브 씽킹,2024. 12. 4. 22:31,full-text,,defd7806c0859c4116ff6daeb65093ee36c4c71b0839c8b267ba8ff5952daa81,1
223682871832,https://blog.naver.com/PostView.naver?blogId=agapeuni&logNo=223682871832&categoryNo=1213,[독서-1382] 공학이 일상으로 오기까지 - 레벨 업 가이드,2024. 12. 4. 23:39,full-text,,5a28a532f7e4e8c1804c04d3b482eb3379b0def5a48d32d434a3ec98068fd4a7,1
223683212302,https://blog.naver.com/PostView.naver?blogId=agapeuni&logNo=223683212302&categoryNo=1213,[독서-1383] 데이터의 역사 - 데이터에 관한 진실,2024. 12. 5. 10:15,full-text,,edb781939dbdea867928fe6d6be90426e50fc202291cbcef59c9a86f7c6c8024,1
223685873363,https://blog.naver.com/PostView.naver?blogId=agapeuni&logNo=223685873363&categoryNo=1213,"[독서-1384] AI, 빅테크, 저널리즘 - 뉴미디어의 미래",2024. 12. 7. 21:14,full-text,,1bb6cb994e7c43705bd28dd4c019e2db77da3e27c02be3b4e72140aac5ae3450,1
223690162799,https://blog.naver.com/PostView.naver?blogId=agapeuni&logNo=223690162799&categoryNo=1213,[독서-1385] 한 권의 디지털 자산 - 비트코인부터 토큰증권까지,2024. 12. 11. 19:56,full-text,,f7d580f224192d367de5796bb91414b99ea0a3abd76f6d16e4a7637919a6ed1c,1
223690229387,https://blog.naver.com/PostView.naver?blogId=agapeuni&logNo=223690229387&categoryNo=1213,"[독서-1386] 완생, 좋은 삶을 위한 성공의 기술",2024. 12. 11. 21:05,full-text,,5fb245ec66953f9683e0af1d61b49f046aa3b7f0dc57bf5fc00b454c8aa94391,1
223690327108,https://blog.naver.com/PostView.naver?blogId=agapeuni&logNo=223690327108&categoryNo=1213,[독서-1387] RAG 시스템 구축을 위한 랭체인 실전 가이드,2024. 12. 11. 23:38,full-text,,4625ead968b78d7198b1759448773ee3fee492579c373b74e74c6c938cc41ea1,1
223690416130,https://blog.naver.com/PostView.naver?blogId=agapeuni&logNo=223690416130&categoryNo=1213,[독서-1388] 25가지 문제로 배우는 LLM 입문 with 파이썬,2024. 12. 11. 23:57,full-text,,91f58693940595c7894c22efe3bf507e0618cf64af884425ab30bb8f2d81bdb7,1
223690504448,https://blog.naver.com/PostView.naver?blogId=agapeuni&logNo=223690504448&categoryNo=1213,[독서-1389] 랭체인으로 LLM 기반의 AI 서비스 개발하기,2024. 12. 12. 2:05,full-text,,b61a141bcb9a9c28dbf56d4761fc036b4865f2cd4c1b3c91e8199953224ebc73,1
223691611218,https://blog.naver.com/PostView.naver?blogId=agapeuni&logNo=223691611218&categoryNo=1213,[독서-1390] 인공지능 시대에는 누가 부자가 되는가,2024. 12. 12. 22:17,full-text,,ed678e6e8d035cb9df4f7ce202a68fd5910889d025da3e7ccd72291f0c15b5fb,1
223691672085,https://blog.naver.com/PostView.naver?blogId=agapeuni&logNo=223691672085&categoryNo=1213,[독서-1391] 지식인들의 지적 대화 - 세상과 이치를 논하다,2024. 12. 12. 23:18,full-text,,0153625741ab945649d170b2709fa9dabff4683fb6cd6f0c9cd5a82d68fa015a,1
223691898489,https://blog.naver.com/PostView.naver?blogId=agapeuni&logNo=223691898489&categoryNo=1213,[독서-1392] 혈당 안심 레시피 - 혈당 스파이크 잡는 식단,2024. 12. 13. 7:16,full-text,,8a4e1961e019e8a87f79230173c19d841480b5d1da9865207f820967ef72c7fd,1
223695858667,https://blog.naver.com/PostView.naver?blogId=agapeuni&logNo=223695858667&categoryNo=1213,[독서-1393] 모두가 할 수 있는 AI 그림 그리기 Stable Diffusion 활용 가이드,2024. 12. 17. 0:26,full-text,,f9925561e0aa9022b70780a60789d40796b91b763428775236ca4bd82ab81cc5,1
223697157273,https://blog.naver.com/PostView.naver?blogId=agapeuni&logNo=223697157273&categoryNo=1213,[독서-1394] AI 코리아 2025 - 시장을 흔드는 기업들,2024. 12. 18. 2:14,full-text,,be82d72aa9a76ec9e9271d409a19e45aaf2eb92799a28932f464a53a66d7ef00,1
223698192236,https://blog.naver.com/PostView.naver?blogId=agapeuni&logNo=223698192236&categoryNo=1213,[독서-1395] 드림 빅 - 불멸의 위대한 기업을 만들자,2024. 12. 18. 21:46,full-text,,c5d0e31113ecb8dd133159253c8d833ff55921e96fa8973a8b03486e45ff99bc,1
223699510134,https://blog.naver.com/PostView.naver?blogId=agapeuni&logNo=223699510134&categoryNo=1213,"[독서-1396] AI 시대, 최고 멘토의 특별한 진로코칭",2024. 12. 19. 23:28,full-text,,66a3886e533b28e919052501a75b5a882618ed6951dcf0fbe9e1d80b519ac501,1
223701117317,https://blog.naver.com/PostView.naver?blogId=agapeuni&logNo=223701117317&categoryNo=1213,[독서-1397] 성공하는 비즈니스 모델은 어떻게 설계하는가,2024. 12. 21. 13:59,full-text,,15d44514c0bd71cfbca4b7a1c90a6cbd03ccfd2c26e22ee5e78fd98a1d9a1e17,1
223701274852,https://blog.naver.com/PostView.naver?blogId=agapeuni&logNo=223701274852&categoryNo=1213,[독서-1398] 스테이블 디퓨전 실전 가이드 - 이미지 생성 AI,2024. 12. 21. 17:36,full-text,,17970f1c4b342fcf2d5f457fb21001a25e58d49f2630457229a9d4ecc41e31de,1
223701399143,https://blog.naver.com/PostView.naver?blogId=agapeuni&logNo=223701399143&categoryNo=1213,"[독서-1399] 생성형 AI - 챗GPT, 미드저니, 스테이블 디퓨전",2024. 12. 21. 20:48,full-text,,61569fc781b489e8ea0e63abe534968c3a03cda648736474746a4e89fd6daaa8,1
223701420282,https://blog.naver.com/PostView.naver?blogId=agapeuni&logNo=223701420282&categoryNo=1213,[독서-1400] ComfyUI 100선 - 설치부터 고급 예제까지,2024. 12. 21. 22:20,full-text,,e8f9741a9ce5c9f2f4816f9ca94fd85ac5369d6265772718d0bd36a0b93e8ff2,1
223703420807,https://blog.naver.com/PostView.naver?blogId=agapeuni&logNo=223703420807&categoryNo=1213,[독서-1401] 성공은 이미 내 안에 있다 - 긍정적 마인드셋,2024. 12. 23. 21:27,full-text,,cd0851563c4ef3b57fd6dcb286524f4ea5a45c15bb9484b0d014d0a9a69206b5,1
223703526443,https://blog.naver.com/PostView.naver?blogId=agapeuni&logNo=223703526443&categoryNo=1213,[독서-1402] 질병 vs 의학 - 지구에서 가장 오래된 전쟁,2024. 12. 23. 23:17,full-text,,fb0d5b46ff55c978decf70f4429f1dee25597845df4b1f6666ac0f07f7dee97e,1
223704047860,https://blog.naver.com/PostView.naver?blogId=agapeuni&logNo=223704047860&categoryNo=1213,[독서-1403] 존재의 역사 - 우주의 탄생에서 문명의 진보까지,2024. 12. 24. 12:54,full-text,,6a64e52d2c17ea708a955669bfd21b550a71ff94324310f3b441c9f7e366ca90,1
223704266191,https://blog.naver.com/PostView.naver?blogId=agapeuni&logNo=223704266191&categoryNo=1213,"[독서-1404] 리얼 오사카 - 교토·고베·나라, 2025~2026년",2024. 12. 24. 16:23,full-text,,22ec4568937d23bb389548d1a851525994cd0acc16f604d9a075ca0a7a7331df,1
223705448221,https://blog.naver.com/PostView.naver?blogId=agapeuni&logNo=223705448221&categoryNo=1213,"[독서-1405] 하고 싶은 일을 지속하는 힘, 브랜딩",2024. 12. 26. 3:58,full-text,,07156ad61fcb6db63ee4ad4146db48d034fc74977003bddc3015255891e376bb,1
223706395503,https://blog.naver.com/PostView.naver?blogId=agapeuni&logNo=223706395503&categoryNo=1213,[독서-1406] 백신의 배신 - 믿었던 백신의 추악한 민낯,2024. 12. 27. 0:00,full-text,,4c484bb3889f07905c172bea58e14e6e24785c61ef9ad423c931d9105f79d986,1
223707366933,https://blog.naver.com/PostView.naver?blogId=agapeuni&logNo=223707366933&categoryNo=1213,[독서-1407] 트럼프 2.0 시대와 스트롱맨들,2024. 12. 27. 23:26,full-text,,c1ee032f15901af86444c48ad3f3d95b0e48147181bc745df4c47bb3fd4d105d,1
223708060119,https://blog.naver.com/PostView.naver?blogId=agapeuni&logNo=223708060119&categoryNo=1213,[독서-1408] 초효율 - 초등학교 교사가 사업가가 된 비결,2024. 12. 28. 22:35,full-text,,6908d4e0efdea802228c31d99a533a864a8f6a29fc4e02fe57ae9d701959c3fd,1
223711335696,https://blog.naver.com/PostView.naver?blogId=agapeuni&logNo=223711335696&categoryNo=1213,[독서-1409] 아홉 빛깔 사랑 - 다정한 사람들의 배려와 따스함,2025. 1. 1. 9:33,full-text,,631af2442eca59577cf06d5b0eb6e74beba3119fddaee32a789a24c7038aaf54,1
223711376736,https://blog.naver.com/PostView.naver?blogId=agapeuni&logNo=223711376736&categoryNo=1213,[독서-1410] 여름빛 오사카와 교토 겨울빛 나가노,2025. 1. 1. 10:46,full-text,,95022ab1960d17a8e35c046b7b0fcf87a39b5ecc37eeae546386e82f67c1fc68,1
223711630223,https://blog.naver.com/PostView.naver?blogId=agapeuni&logNo=223711630223&categoryNo=1213,[독서-1411] 일 잘하는 사람들이 보이지 않는 곳에서 반드시 하는 것,2025. 1. 1. 16:58,full-text,,1ef0487846dae6ec73bc38789a782ccdce5de33b8cebb946dd4b66aaf08a3c73,1
223715312253,https://blog.naver.com/PostView.naver?blogId=agapeuni&logNo=223715312253&categoryNo=1213,[독서-1412] 서른이 지나도 아직 나를 모른다,2025. 1. 5. 15:35,full-text,,0e7ef1b2eb9dc48447a630f0dfe08739e962ff4a12f851ff7b72de1981f1a319,1
223719439791,https://blog.naver.com/PostView.naver?blogId=agapeuni&logNo=223719439791&categoryNo=1213,[독서-1413] 쓸수록 돈이 된다 - SNS 글쓰기부터 책쓰기까지,2025. 1. 9. 2:56,full-text,,beb9eb429cb74129ee4f2a10270a3f5b6fdc648752ce83485353aab4abd9df82,1
223727146380,https://blog.naver.com/PostView.naver?blogId=agapeuni&logNo=223727146380&categoryNo=1213,[독서-1414] 저는 수능을 포기하고 한 달에 4천만 원을 버는 고3입니다,2025. 1. 15. 23:19,full-text,,df21bdb33dfa3ee17fbe0dc149974fd9d48680cfb3ad1cc9a602adb92ee93b77,1
223727171798,https://blog.naver.com/PostView.naver?blogId=agapeuni&logNo=223727171798&categoryNo=1213,[독서-1415] 나는 얼마짜리인가? - 나를 만드는 28가지 전략,2025. 1. 15. 23:50,full-text,,b5d31770b22b2a786b2d6a78c38d5d1055bcea036d798d2c314ccb63bdef065a,1
223732001879,https://blog.naver.com/PostView.naver?blogId=agapeuni&logNo=223732001879&categoryNo=1213,[독서-1416] 디지털 세상을 살아갈 너에게 - AI 디지털 계발서,2025. 1. 20. 21:22,full-text,,c5021d27bb105eaa16df4e7f4bf6283d410bb648867486121bbc4c5604efe575,1
223732080331,https://blog.naver.com/PostView.naver?blogId=agapeuni&logNo=223732080331&categoryNo=1213,[독서-1417] AI 시대 내 아이의 미래를 바꿀 인재 교육,2025. 1. 20. 22:41,full-text,,5ddbb06b8b8ba565cec7b17428ba8dc337e671576c412fe7d6b7f5859ff9ab0d,1
223734720041,https://blog.naver.com/PostView.naver?blogId=agapeuni&logNo=223734720041&categoryNo=1213,[독서-1418] 사업자가 알아야 할 절세의 전략 - 경제 고수의 전략,2025. 1. 22. 19:32,full-text,,9eb7c4108cc99287a8309d24e7a9d95e7773598cd203e79868f64d1345f03ff5,1
223736207526,https://blog.naver.com/PostView.naver?blogId=agapeuni&logNo=223736207526&categoryNo=1213,[독서-1419] CCTV 영상관제 전문가를 위한 영상정보관리사,2025. 1. 23. 20:12,full-text,,1947db0389a7b32f31a6a71b7d42a6d90d138b976a86dc7de105823122647560,1
223738351368,https://blog.naver.com/PostView.naver?blogId=agapeuni&logNo=223738351368&categoryNo=1213,[독서-1420] 최고의 프롬프트 엔지니어링 강의,2025. 1. 25. 19:26,full-text,,d7f2fe364f2f5f78670e671cc70a328d2f933e3ca419d488c614f4e0323919b6,1
223738443372,https://blog.naver.com/PostView.naver?blogId=agapeuni&logNo=223738443372&categoryNo=1213,[독서-1421] 퇴사혁명 - 퇴사준비생들을 위한 퇴사학 개론,2025. 1. 25. 21:14,full-text,,fcd41f9b71aa913c508a1d947acb3ab3ca4e567c80c9a0ac1bc85782fbf00178,1
223740702356,https://blog.naver.com/PostView.naver?blogId=agapeuni&logNo=223740702356&categoryNo=1213,[독서-1422] 마흔에 깨달은 인생의 후반전 - 마흔의 길목에서,2025. 1. 28. 11:11,full-text,,9f5f2dbc970268f5bd1cbe638e897108625635cf4afd382a51d484f0649c4569,1
223741931219,https://blog.naver.com/PostView.naver?blogId=agapeuni&logNo=223741931219&categoryNo=1213,[독서-1423] 예언 당신의 생각이 현실이 되는 마법,2025. 1. 30. 0:49,full-text,,683467c1adde043cde86b414a6a9196bf23ff93bbda598d18202dac22b32efc7,1
223749085115,https://blog.naver.com/PostView.naver?blogId=agapeuni&logNo=223749085115&categoryNo=1213,[독서-1424] 당신도 감정 소모 없이 말할 수 있습니다,2025. 2. 5. 22:36,full-text,,e2df30f3db4cbfac0fcbf6e450e0b098d31bb24c2ec48a362eb2219b86cd63ff,1
223751109899,https://blog.naver.com/PostView.naver?blogId=agapeuni&logNo=223751109899&categoryNo=1213,[독서-1425] 인생 시간 오후 4시 - 위로와 격려의 메시지,2025. 2. 7. 11:45,full-text,,ed767dfe5457fd180e3a187eb28c185762420e14a26750c27f1dfe31ac2b236f,1
223751376641,https://blog.naver.com/PostView.naver?blogId=agapeuni&logNo=223751376641&categoryNo=1213,[독서-1426] ChatGPT 마케팅 - 생성AI를 활용한 마케팅,2025. 2. 7. 14:44,full-text,,af67b5d60dbbd2380ffeabd2fbe60f7b5a10034ff601783105271cd22aa37ade,1
223751990811,https://blog.naver.com/PostView.naver?blogId=agapeuni&logNo=223751990811&categoryNo=1213,[독서-1427] 뇌과학자가 알려주는 내향인의 성공 비결,2025. 2. 7. 22:23,full-text,,99e9d95c4aca5c937c67445f0192a028da93d1e7743f970a2291c0c7f5536b21,1
223752779187,https://blog.naver.com/PostView.naver?blogId=agapeuni&logNo=223752779187&categoryNo=1213,[독서-1428] 패스트 무버 - 150% 성과를 만드는 사람들,2025. 2. 8. 13:39,full-text,,c41a1502cb0326c2b8c5289518994b5b8f69bcf51fc707335ec90e2f09085bf7,1
223753327961,https://blog.naver.com/PostView.naver?blogId=agapeuni&logNo=223753327961&categoryNo=1213,[독서-1429] 비트코인 15억 간다 - 슈퍼리치의 탄생,2025. 2. 8. 22:40,full-text,,8ded7b710eed96c05fcaf55934159b32d0a2f461f973984537ea49148eacfaf8,1
223761248944,https://blog.naver.com/PostView.naver?blogId=agapeuni&logNo=223761248944&categoryNo=1213,[독서-1430] 이것이 생성형 AI다 - LLM이 바꾼 AI 생태계,2025. 2. 15. 6:58,full-text,,57459acc5ee0f379eafbf3c9e852b722ee53a02206085c5d2f33f6136e88f3b5,1
223761340013,https://blog.naver.com/PostView.naver?blogId=agapeuni&logNo=223761340013&categoryNo=1213,[독서-1431] 디지털 전환 시대의 AI 디지털 교육 - AI 교과서,2025. 2. 15. 10:01,full-text,,44cbb45a94aa33220d4fd53a6aadc6ea9702c139e86c87f77dab82e171f27fcc,1
223761648646,https://blog.naver.com/PostView.naver?blogId=agapeuni&logNo=223761648646&categoryNo=1213,[독서-1432] 버티는 힘 - 평범한 사람들이 세상을 이기는 비밀,2025. 2. 15. 16:59,full-text,,a4b105c662c6d6e8efcc12c5a440a043fa5ffaa94fd564d7da3a2467c805b36d,1
223761695020,https://blog.naver.com/PostView.naver?blogId=agapeuni&logNo=223761695020&categoryNo=1213,"[독서-1433] 일의 무기 - AI시대 일의 의미, 전략, 지속하는 힘",2025. 2. 15. 18:01,full-text,,868f76995f764ddd28f355e698454650a3eaa53d0b38c82ecda109db91fd52e0,1
223766548476,https://blog.naver.com/PostView.naver?blogId=agapeuni&logNo=223766548476&categoryNo=1213,[독서-1434] AI 시대 생존 전략 - 구글 AI 엔지니어가 공개,2025. 2. 19. 22:18,full-text,,7490b9a9afa1fe0cbf16718a560480ab2c052ab2e872943a52d148b033de9425,1
223766639906,https://blog.naver.com/PostView.naver?blogId=agapeuni&logNo=223766639906&categoryNo=1213,[독서-1435] 전설의 자동차 150 - 세상에서 특별한 자동차,2025. 2. 19. 23:54,full-text,,22eab37d899cb0b9f80e947bcfa4aff5801da4f50ad482dd819fa4d1682108fd,1
223773913151,https://blog.naver.com/PostView.naver?blogId=agapeuni&logNo=223773913151&categoryNo=1213,[독서-1436] 직업의 미래 - 미래학자가 전망한 일자리 지형도,2025. 2. 25. 23:41,full-text,,4c392ec7c7449336195b31e14544d192a2d9a29b108c52766c52db2a9c6bcdc3,1
223774200346,https://blog.naver.com/PostView.naver?blogId=agapeuni&logNo=223774200346&categoryNo=1213,[독서-1437] 성장지향성 - 성공한 사람이 지키는 12가지 원칙,2025. 2. 26. 4:50,full-text,,bfda9f576d630f13d6aa76c15ceea68d2ecd74d9b14d2b2db4e30c2a27291a71,1
223774248580,https://blog.naver.com/PostView.naver?blogId=agapeuni&logNo=223774248580&categoryNo=1213,"[독서-1438] 팔로알토, 자본주의 그림자 - 미국 경제의 역사",2025. 2. 26. 6:02,full-text,,1e36d2e69cd61ba0dcc25639250fc66ee8aa62723b545ec2d88a70f66ca6b2cc,1
223775712450,https://blog.naver.com/PostView.naver?blogId=agapeuni&logNo=223775712450&categoryNo=1213,[독서-1439] 1400만 직장인을 위한 챗GPT 비즈니스 프롬프트,2025. 2. 27. 1:15,full-text,,7ac328f8581d6adbfb2ffcb07a4a6b8df3be46b5ed001e9ab36bac6abd69b11e,1
223775784323,https://blog.naver.com/PostView.naver?blogId=agapeuni&logNo=223775784323&categoryNo=1213,[독서-1440] GO! 독학 베트남어 첫걸음 - 발음부터 회화까지,2025. 2. 27. 2:54,full-text,,5a103bde7809096b76c789414d79055678471b9a9d316cc0c714e0b89f972a0b,1
223778313127,https://blog.naver.com/PostView.naver?blogId=agapeuni&logNo=223778313127&categoryNo=1213,[독서-1441] 만화로 배우는 AI 인공지능 - 인공지능 입문서,2025. 2. 28. 17:29,full-text,,29b963e52a0d1721b43e3418e872dcda77bd55b2bca84fd8c99264ce9332ab32,1
223786516295,https://blog.naver.com/PostView.naver?blogId=agapeuni&logNo=223786516295&categoryNo=1213,[독서-1442] 일하는 방식의 혁신이 진짜 혁신이다,2025. 3. 6. 22:11,full-text,,b75ad1d2ae64b46f41743bd3facfeca1a15898dde468caab02515816e2832627,1
223786994499,https://blog.naver.com/PostView.naver?blogId=agapeuni&logNo=223786994499&categoryNo=1213,[독서-1443] 루돌프 디젤 미스터리 - 권력과 음모의 미스터리,2025. 3. 7. 7:51,full-text,,6bc5845d544c52fdeb8dff703c3927509ca52521c5900c41c15d30c70de30266,1
223793937538,https://blog.naver.com/PostView.naver?blogId=agapeuni&logNo=223793937538&categoryNo=1213,"[독서-1444] 돈미새 - 돈에 미쳐야, 돈도 당신에게 붙는다",2025. 3. 12. 23:00,full-text,,10b420a2d88a3d0c650597759b02b12c146607ecaaeac75848731f2044651ee3,1
223793954231,https://blog.naver.com/PostView.naver?blogId=agapeuni&logNo=223793954231&categoryNo=1213,[독서-1445] 천재의 법칙 - 잠재력을 깨우는 끈기와 몰입의 힘,2025. 3. 12. 23:17,full-text,,10a802fb6ee400855200e9d03e9fa016a764137d7c5a9d5988b839d6e6df0510,1
223796438168,https://blog.naver.com/PostView.naver?blogId=agapeuni&logNo=223796438168&categoryNo=1213,[독서-1446] 베트남어 실전 듣기·말하기 1·2,2025. 3. 14. 23:16,full-text,,8b9d3721887633c5b9fe87c7b426ad61cfd62200f6f3864528dd18a0f162c733,1
223796837388,https://blog.naver.com/PostView.naver?blogId=agapeuni&logNo=223796837388&categoryNo=1213,[독서-1447] 성적의 차이를 만드는 질문독서법 - 독서전략,2025. 3. 15. 10:50,full-text,,1689223b15f10623c0909c2fd38e41d8d8b5ca039ad6dbf5ec77a6f73991a8bd,1
223802743597,https://blog.naver.com/PostView.naver?blogId=agapeuni&logNo=223802743597&categoryNo=1213,[독서-1448] 쇼펜하우어의 글쓰기 철학 - 시대를 초월하는 글쓰기,2025. 3. 19. 21:32,full-text,,35d7e46083f11b64d2991cc5f682d3a7e7044352cbe6189ae36882cb7f18bc03,1
223802798652,https://blog.naver.com/PostView.naver?blogId=agapeuni&logNo=223802798652&categoryNo=1213,[독서-1449] 진짜 한 권으로 끝내는 JLPT 기출단어장 N2·N1,2025. 3. 19. 22:22,full-text,,ca9812a804053e0157e010463ff21f8a8d6dddb048bf188e1bf5743618734658,1
223805174578,https://blog.naver.com/PostView.naver?blogId=agapeuni&logNo=223805174578&categoryNo=1213,[독서-1450] 슬기로운 PM 생활 - 프로젝트를 성공으로 이끄는 50가지 지혜,2025. 3. 21. 19:18,full-text,,21cde9bc852bbf653f7cd4999a7b38509b05149d3cb80fe0345f9dc738df4d69,1
223807196203,https://blog.naver.com/PostView.naver?blogId=agapeuni&logNo=223807196203&categoryNo=1213,"[독서-1451] 자기결정성, 나로서 살아가는 힘 - 자신으로 살자",2025. 3. 23. 22:20,full-text,,df917400393b09b3c3d2d4a739af9626ed7464fd655f01aee758b9473fb76d8d,1
223807217264,https://blog.naver.com/PostView.naver?blogId=agapeuni&logNo=223807217264&categoryNo=1213,[독서-1452] AI 매니지먼트 - CEO가 갖춰야 할 BIZ 전략,2025. 3. 23. 22:40,full-text,,2fbbb08a5cf738ce72ea6822889beac7eec667a59105353e5f25b9a9fbc6cb77,1
223810135169,https://blog.naver.com/PostView.naver?blogId=agapeuni&logNo=223810135169&categoryNo=1213,[독서-1453] 퍼스널 브랜딩의 모든 것 - 내 이름이 브랜드가 되는 4단계 전략,2025. 3. 26. 9:25,full-text,,0d11937da41b2ef92d3156af28a534481189e4fe472ce2f99c22c3f1e7ee521c,1
223821224797,https://blog.naver.com/PostView.naver?blogId=agapeuni&logNo=223821224797&categoryNo=1213,[독서-1454] 부하가 처음 생긴 당신이 꼭 가야 할 1년차 팀장 아카데미,2025. 4. 3. 21:04,full-text,,4f5d807370e3a89d1bcafbe051edcb1c0caf1ab82814c721a9d840cf4db54a30,1
223821336672,https://blog.naver.com/PostView.naver?blogId=agapeuni&logNo=223821336672&categoryNo=1213,[독서-1455] 지독히 돈만 보고 살아라 - 부와 성공의 원칙을 담았다,2025. 4. 3. 22:59,full-text,,d852c05f4f7ae49d969a5418cab0fe19f0523d5fd6ab2526678b0cd073e0a0b9,1
223821372986,https://blog.naver.com/PostView.naver?blogId=agapeuni&logNo=223821372986&categoryNo=1213,[독서-1456] 롱 윈 - 찰나의 영광을 넘어 오래 지속되는 승리,2025. 4. 3. 23:36,full-text,,96001082c0f9b1537417cd8a83d85636fc6faa67f12cbec2d2bc89348096d05b,1
223826710902,https://blog.naver.com/PostView.naver?blogId=agapeuni&logNo=223826710902&categoryNo=1213,[독서-1457] 슈퍼 호르몬 - 질병 해방과 노화 종말의 서막,2025. 4. 8. 22:47,full-text,,9bbcc2dd028dabeab0b21ee796a0094fc3172e62d9dbc291bbe6e709bc298aff,1
223826947528,https://blog.naver.com/PostView.naver?blogId=agapeuni&logNo=223826947528&categoryNo=1213,"[독서-1458] 2030년, 알파세대의 퀀텀과 우주",2025. 4. 9. 6:46,full-text,,167fb8e603c7ed0bb12b91c57adc9ef5314124bca57de5c1ad327c4b8bc150e6,1
223829263643,https://blog.naver.com/PostView.naver?blogId=agapeuni&logNo=223829263643&categoryNo=1213,[독서-1459] THINK CHANGE - AI 시대 정보 보호,2025. 4. 11. 5:16,full-text,,6c007b48a3f4b06cb615249a060cc82fe5b05c6cf6033ee512060791ea2ce37d,1
223829271426,https://blog.naver.com/PostView.naver?blogId=agapeuni&logNo=223829271426&categoryNo=1213,[독서-1460] AI는 회사에서 어떻게 쓰이는가 - 비즈니스 모델,2025. 4. 11. 5:45,full-text,,a2f47f70cead8e3eb535caec83858dda1428c5dc8bb2252dcaa5d300681f4a51,1
223830543442,https://blog.naver.com/PostView.naver?blogId=agapeuni&logNo=223830543442&categoryNo=1213,[독서-1461] 엔비디아 세계 최강 반도체 기업이 만드는 2040 AI 세계,2025. 4. 12. 10:39,full-text,,c38feb71a9e77fd6f0861e20aeb63fbe889c724d62423cd0d67f20bb3114d81d,1
223834615388,https://blog.naver.com/PostView.naver?blogId=agapeuni&logNo=223834615388&categoryNo=1213,[독서-1462] AI 시대의 플랫폼 비즈니스 - 플랫폼 비즈니스,2025. 4. 15. 23:25,full-text,,b4e8cd1d0240103a992b84e1c9c851ea2e69ae1c1dd76aa73d7aa257ed85c2f8,1
223834653431,https://blog.naver.com/PostView.naver?blogId=agapeuni&logNo=223834653431&categoryNo=1213,[독서-1463] 삶이 의미를 잃기 전에 - 후회 없는 삶과 죽음,2025. 4. 15. 23:52,full-text,,59363f43939b279410a30fa24a9fe76bf2ef1754b70f4eca96d9b3fe4d7c752b,1
223834945396,https://blog.naver.com/PostView.naver?blogId=agapeuni&logNo=223834945396&categoryNo=1213,[독서-1464] 당신 인생에 용기 따윈 필요 없다 - 11가지 처방,2025. 4. 16. 5:25,full-text,,f79c895c6623929b8c35ac5e39d3eb023f31547966610305e498d949a39275fd,1
223834986440,https://blog.naver.com/PostView.naver?blogId=agapeuni&logNo=223834986440&categoryNo=1213,[독서-1465] 컨설팅 경영 : 경영자 편 - 사업 매출과 성장,2025. 4. 16. 6:20,full-text,,5b0bd61572615a6ea94f1e927d0451f618b2ef9972555a2dda027dc2d1ddbb6a,1
223836336775,https://blog.naver.com/PostView.naver?blogId=agapeuni&logNo=223836336775&categoryNo=1213,[독서-1466] AX2025 세상을 변화시키는 AX - AI 트렌트와 혁명,2025. 4. 16. 21:56,full-text,,8d0eb3160e1c9f534f0690214fb28bb6236937f469dddf359989209e99466bb9,1
223838236485,https://blog.naver.com/PostView.naver?blogId=agapeuni&logNo=223838236485&categoryNo=1213,"[독서-1467] 이 시대를 살아가는법, 세속적인 지혜의 기술",2025. 4. 18. 2:57,full-text,,c76d3b25175a40d7a05d4efce4d2ec70bb693f8ef21bdc4607e367a1dd387b0a,1
223838245015,https://blog.naver.com/PostView.naver?blogId=agapeuni&logNo=223838245015&categoryNo=1213,"[독서-1468] 아들아, 사랑한다 믿는다 응원한다",2025. 4. 18. 3:23,full-text,,72f3caf8e8b27dc16a5c7a739d5a5d3cf281a67e4bffc5f664c26275560c13d9,1
223838252541,https://blog.naver.com/PostView.naver?blogId=agapeuni&logNo=223838252541&categoryNo=1213,[독서-1469] 후루룩 일본어 히라가나 가타카나,2025. 4. 18. 3:48,full-text,,6cff210328604f37e896b3d80490fa4b7b2baa6072b558a9e520963a3d498eb6,1
223838265067,https://blog.naver.com/PostView.naver?blogId=agapeuni&logNo=223838265067&categoryNo=1213,[독서-1470] 2025 이패스 AI능력시험 AICE Associate,2025. 4. 18. 4:32,full-text,,605e6f4b6073bdbbc665db6889cf57717bf2cde42d9192f8307121947f8a57f4,1
223839376666,https://blog.naver.com/PostView.naver?blogId=agapeuni&logNo=223839376666&categoryNo=1213,[독서-1471] 매출 500억 미용실을 만든 시스템 설계법,2025. 4. 19. 4:22,full-text,,81f05b6b8d100547b37795795c73131c01a55fdf2aba4c6cecddd0ee55ec2fbc,1
223839383932,https://blog.naver.com/PostView.naver?blogId=agapeuni&logNo=223839383932&categoryNo=1213,[독서-1472] 상하이에서 100억을 번 바보 - 성장하는 방법,2025. 4. 19. 4:53,full-text,,b327089e056e95b7483403251446c47eb5d87960f29fafda8398e3a77104a8fa,1
223839559801,https://blog.naver.com/PostView.naver?blogId=agapeuni&logNo=223839559801&categoryNo=1213,[독서-1473] 무엇을 사랑하고 어떻게 행복할 것인가,2025. 4. 19. 11:40,full-text,,fc2b1205d2bc236b9666a1ae17f6f975afa5a2dfe541c8ca475b9ca579f487b7,1
223840120924,https://blog.naver.com/PostView.naver?blogId=agapeuni&logNo=223840120924&categoryNo=1213,[독서-1474] 무기력한 사람을 위한 저속생활법 - 건강해진 이야기,2025. 4. 20. 2:21,full-text,,7f1149a56b9ac62c8a9c9fa98058ca449a71a3335c14a7151e4c4f6f1fd1c60a,1
223844666778,https://blog.naver.com/PostView.naver?blogId=agapeuni&logNo=223844666778&categoryNo=1213,"[독서-1475] 딥테크 AI 로봇 전쟁 - AI, 반도체, 로봇 편",2025. 4. 24. 10:09,full-text,,eb2afe7c9d0110422dfec09af5aca7a7cc9e0694b53aa07e3caa53c19a35b245,1
223847220582,https://blog.naver.com/PostView.naver?blogId=agapeuni&logNo=223847220582&categoryNo=1213,"[독서-1476] 장소로 보다, 근현대사 - 기록된 현장을 찾아서",2025. 4. 26. 20:49,full-text,,a353e7ef06f027bbf8216fc2f86275abc52bfa0d11ff406f0f35c05a1136b66b,1
223849504554,https://blog.naver.com/PostView.naver?blogId=agapeuni&logNo=223849504554&categoryNo=1213,[독서-1477] 1그램 독서법 - 하루 10분 독서 루틴 만들기,2025. 4. 29. 7:01,full-text,,4de9a351b15087811179265e57aa546ed42b000b4124e014af4f3d761a537825,1
223849530600,https://blog.naver.com/PostView.naver?blogId=agapeuni&logNo=223849530600&categoryNo=1213,[독서-1478] 다가올 초대륙 - 패러다임을 바꾼 판구조론,2025. 4. 29. 7:56,full-text,,88aefe78ff07d2c818e1fe93cc01f2b03c4d2fbdb45b7109841378e90530446c,1
223850611793,https://blog.naver.com/PostView.naver?blogId=agapeuni&logNo=223850611793&categoryNo=1213,[독서-1479] 어릴 적 내가 되고 싶었던 것은 - 어린 시절의 마음,2025. 4. 30. 2:27,full-text,,b9bd983a4cbc45e289d02ffce2caf0542e77d40be24bfccf21f95374626a6c67,1
223855473814,https://blog.naver.com/PostView.naver?blogId=agapeuni&logNo=223855473814&categoryNo=1213,[독서-1480] 나는 20대에 연봉 1억을 받는다 - 6가지 스킬,2025. 5. 4. 23:31,full-text,,d65208f91b77a4aa50b59d5bddbaf7d07d7121b1db85743466435dc0e76331d0,1
223855521009,https://blog.naver.com/PostView.naver?blogId=agapeuni&logNo=223855521009&categoryNo=1213,[독서-1481] 닥치고 버텨라 - 직장인의 성공을 위한 응원가,2025. 5. 5. 0:32,full-text,,b074b5db25a12b5ff1ca4c64747569e7f3b0044a1a3ac3287636a6c90355f1ee,1
223855673044,https://blog.naver.com/PostView.naver?blogId=agapeuni&logNo=223855673044&categoryNo=1213,[독서-1482] 행복 계약서 - 자녀 돈 공부와 부모 노후 안정,2025. 5. 5. 8:01,full-text,,992fdb7a70681f22cc7675966bc35b3c6c4d217b1c9e4736d9510b181f3dda4a,1
223856859677,https://blog.naver.com/PostView.naver?blogId=agapeuni&logNo=223856859677&categoryNo=1213,[독서-1483] 꿈을 버려라 - 십자가에서 다시 찾는 꿈의 본질,2025. 5. 6. 16:14,full-text,,f26ec1453bf0332c93fc07f1b29c35914c03f2ab68b5f922e36c3bfb9845df9e,1
223858006000,https://blog.naver.com/PostView.naver?blogId=agapeuni&logNo=223858006000&categoryNo=1213,[독서-1484] 슬기로운 노후 독립 - 나이 드는 것은 태도 문제,2025. 5. 7. 16:58,full-text,,312c4f0d850c193544f8dfb97640cd925ebae54bd74d888a9f6fce220e962ff1,1
223858049924,https://blog.naver.com/PostView.naver?blogId=agapeuni&logNo=223858049924&categoryNo=1213,"[독서-1485] 아버지의 영향력, 빅파더 - 자녀의 성장을 이끄는 힘",2025. 5. 7. 17:36,full-text,,f5f876919db08d1c1dfc1165f1b9f5fa3a64c9628e2e11866af2e7f63ad0cdd7,1
223858097038,https://blog.naver.com/PostView.naver?blogId=agapeuni&logNo=223858097038&categoryNo=1213,[독서-1486] 걱정하지 마라 생각대로 된다 - 자기계발 고전,2025. 5. 7. 18:19,full-text,,3060886535f4936cc52677c9e6e768bdadd50a39697f8687fee2180e60588118,1
223858377978,https://blog.naver.com/PostView.naver?blogId=agapeuni&logNo=223858377978&categoryNo=1213,[독서-1487] 해커스 JLPT(일본어능력시험) 실전모의고사 N5,2025. 5. 7. 23:26,full-text,,44574afe44ac8819c6231bd0150a04a5794822f513440240128a2ab6178af0a1,1
223858404162,https://blog.naver.com/PostView.naver?blogId=agapeuni&logNo=223858404162&categoryNo=1213,[독서-1488] 해커스 JLPT(일본어능력시험) 실전모의고사 N4,2025. 5. 7. 23:55,full-text,,04b17c9a5189f0eda0fe3f67d4047610e5943bb29ad36a25b065d275954f5305,1
223860700855,https://blog.naver.com/PostView.naver?blogId=agapeuni&logNo=223860700855&categoryNo=1213,[독서-1489] 조금 더 예쁘게 말하면 좋을 텐데 - 말이 달라지면 삶이,2025. 5. 9. 23:36,full-text,,78a583798c5ccfc607ce35bf9fe2dcbe38ed1f53ab2e69a52de9fb57457d4f4a,1
223860711087,https://blog.naver.com/PostView.naver?blogId=agapeuni&logNo=223860711087&categoryNo=1213,[독서-1490] 슈퍼달러 슈퍼리치 - 환율과 썸 타기,2025. 5. 9. 23:49,full-text,,423a9e089cd7ec00d3e7086f3393bc9ae2cfa6baad6b5b0aea2fc82f8930a582,1
223862163595,https://blog.naver.com/PostView.naver?blogId=agapeuni&logNo=223862163595&categoryNo=1213,[독서-1491] 그림 한 장으로 보는 최신 IT 트렌드,2025. 5. 11. 19:08,full-text,,656fd9b7793420111a46dd1c5cf69023403e2e21178712f3ed046f723672e311,1
223862820671,https://blog.naver.com/PostView.naver?blogId=agapeuni&logNo=223862820671&categoryNo=1213,"[독서-1492] AI 빅 웨이브, 기술을 넘어 전략으로",2025. 5. 12. 11:47,full-text,,788ca3f4b9eb655bb97a0408e552ae1fe850ed2c27aeb21195849527ce6211fc,1
223862833987,https://blog.naver.com/PostView.naver?blogId=agapeuni&logNo=223862833987&categoryNo=1213,[독서-1493] 인생은 내리막길에서 훨씬 성숙해진다,2025. 5. 12. 11:59,full-text,,56371477f5e28114d0a013d88f46e75a51d9f73d4358a53b08cbcaac92922929,1
223864891353,https://blog.naver.com/PostView.naver?blogId=agapeuni&logNo=223864891353&categoryNo=1213,[독서-1494] 일류로 만드는 운의 공식 - 15가지 공식,2025. 5. 14. 4:40,full-text,,20b67de2423c610c0566770cdd3e163a3276b2cce51c4c88ff5a2c41c7b963e7,1
223865775640,https://blog.naver.com/PostView.naver?blogId=agapeuni&logNo=223865775640&categoryNo=1213,[독서-1495] 치열하게 읽고 다르게 경영하라,2025. 5. 14. 21:23,full-text,,46d49b82eb18263892895c088dbe9162f65bc82411db67e653df2f9a13a50f31,1
223865808785,https://blog.naver.com/PostView.naver?blogId=agapeuni&logNo=223865808785&categoryNo=1213,[독서-1496] SELECT SQL 쿼리 작성법 FROM 기초편,2025. 5. 14. 22:01,full-text,,d0d2e076420f1f87bf0921e177217ad6c80b5ed93320fa9218c557629b74f97a,1
223867125163,https://blog.naver.com/PostView.naver?blogId=agapeuni&logNo=223867125163&categoryNo=1213,[독서-1497] 칩 퓨처(CHIP FUTURE) - 반도체의 미래,2025. 5. 16. 1:25,full-text,,fc39200d18fc87aba3d76d1be63a5ceea20c636378e32018ea52bd71b2ad7a9b,1
223867134241,https://blog.naver.com/PostView.naver?blogId=agapeuni&logNo=223867134241&categoryNo=1213,[독서-1498] 관계는 틈이다 - 38편의 따스한 깨우침,2025. 5. 16. 1:43,full-text,,7296bd1de0d4db6476322ba6d360588116701be935fd022e7cfdcade496225bb,1
223868896793,https://blog.naver.com/PostView.naver?blogId=agapeuni&logNo=223868896793&categoryNo=1213,[독서-1499] 부의 게임메이커 - 룰을 아는 자가 돈을 만든다,2025. 5. 17. 19:50,full-text,,0bf121bb4626f21381dacf0196447bcd3c94601f02ee52ae7cd32da9a677f872,1
223869017440,https://blog.naver.com/PostView.naver?blogId=agapeuni&logNo=223869017440&categoryNo=1213,[독서-1500] AI·XR 시대 공간 컴퓨팅으로 상상하기 SPATIAL COMPUTING,2025. 5. 17. 22:44,full-text,,37db3a3651ce118479f508843c6928f9d503378f94be27ed531de59edd601db1,1
223869104338,https://blog.naver.com/PostView.naver?blogId=agapeuni&logNo=223869104338&categoryNo=1213,[독서-1501] 나는 어른이 되어서도 가끔 울었다,2025. 5. 18. 0:43,full-text,,45028172deed49c7a61109e9c2f1112bee2ffcf07a875e4e43867c2c7edecf99,1
223875726651,https://blog.naver.com/PostView.naver?blogId=agapeuni&logNo=223875726651&categoryNo=1213,[독서-1502] 비전공자도 이해할 수 있는 챗GPT,2025. 5. 23. 21:32,full-text,,e418cb8795cfc7c461a05f7700b888ba48d7fceae424e2ed4112def82b6f2310,1
223876679162,https://blog.naver.com/PostView.naver?blogId=agapeuni&logNo=223876679162&categoryNo=1213,[독서-1503] 천국에서 보낸 9일 - 어느 여인의 천국 체험기,2025. 5. 24. 23:32,full-text,,2d1f8e4dcf9600850edffba99f8196f0870d428d82f78917e4a282781ea7b61c,1
223878814051,https://blog.naver.com/PostView.naver?blogId=agapeuni&logNo=223878814051&categoryNo=1213,[독서-1504] 가르시아 장군에게 보내는 편지 - 성공 메세지,2025. 5. 26. 22:42,full-text,,3c4e9049f8a614302fc16accf98f4f5d0cfdef92561e44388ebe8fc849544519,1
223878977259,https://blog.naver.com/PostView.naver?blogId=agapeuni&logNo=223878977259&categoryNo=1213,[독서-1505] 아우성 빨간책 - 요즘 사춘기 아들을 위한,2025. 5. 27. 2:29,full-text,,7967a417cab18dbf9eed2258b16ebc722649d8de29d505b6f43e47749108ed9a,1
223879900128,https://blog.naver.com/PostView.naver?blogId=agapeuni&logNo=223879900128&categoryNo=1213,[독서-1506] 액트프러너 - 실행을 성공으로 바꾼 창업가들,2025. 5. 27. 20:24,full-text,,3b67690561758628bf40bea6283a8fea300edc23e878a038a6e4db44fa1efd67,1
223881153583,https://blog.naver.com/PostView.naver?blogId=agapeuni&logNo=223881153583&categoryNo=1213,[독서-1507] 게으르게 살지만 부자는 되고 싶어,2025. 5. 28. 21:19,full-text,,8e00c86de416615b9fa5cafa241781441726e1239e6da1bf00774cbad90290fc,1
223882902495,https://blog.naver.com/PostView.naver?blogId=agapeuni&logNo=223882902495&categoryNo=1213,[독서-1508] 건강장수 120세를 위한 몸과 마음관리,2025. 5. 30. 12:04,full-text,,fc70e67111b326d442748d55c2955c74574c200371b31ced0b66400f0165a877,1
223882932862,https://blog.naver.com/PostView.naver?blogId=agapeuni&logNo=223882932862&categoryNo=1213,[독서-1509] M365 코파일럿 무작정 따라하기 - 업무 파트너,2025. 5. 30. 12:36,full-text,,6b5319f4ac2352352437646a583ae6bd73f715bf0624db0f9d3f6e982ce54242,1
223884468212,https://blog.naver.com/PostView.naver?blogId=agapeuni&logNo=223884468212&categoryNo=1213,[독서-1510] 성장은 착각이다 - 비즈니스는 오직 확장뿐,2025. 5. 31. 23:41,full-text,,b558c3c8f892518d8e83ceaafd66ee433da2ad8d1638b96f0b20d0c08fe6af23,1
223886862678,https://blog.naver.com/PostView.naver?blogId=agapeuni&logNo=223886862678&categoryNo=1213,[독서-1511] AI는 인간을 먹고 자란다 - 보이지 않는 노동자들,2025. 6. 3. 6:39,full-text,,00b260e9097b5a44abdd2c525e60ed7f5a513554f0a8c819828bb9381b916dc6,1
223887497739,https://blog.naver.com/PostView.naver?blogId=agapeuni&logNo=223887497739&categoryNo=1213,"[독서-1512] GPT-4, ChatGPT, 라마인덱스, 랭체인 활용한 인공지능 프로그래밍",2025. 6. 3. 20:22,full-text,,6d1803db1a12ff4f26c43bc42ea769b1d520b4bfda46fe452dd56e7726fff227,1
223888863140,https://blog.naver.com/PostView.naver?blogId=agapeuni&logNo=223888863140&categoryNo=1213,"[독서-1513] 나는 자유 - 갈메지의 꿈, 리처드 마크 에세이",2025. 6. 4. 23:17,full-text,,11f715901471c5a9ca92cfb7e900bb6e1f8fa5c5a9018b74c863fb83d11de98e,1
223888903915,https://blog.naver.com/PostView.naver?blogId=agapeuni&logNo=223888903915&categoryNo=1213,[독서-1514] 누구도 대신 살아 주지 않는다,2025. 6. 5. 0:01,full-text,,2c550c1bfae5addbca123ca34d48bb3a5bde938b45789f47300e219c1adff4fb,1
223896150378,https://blog.naver.com/PostView.naver?blogId=agapeuni&logNo=223896150378&categoryNo=1213,[독서-1515] AI 시대 일자리 혁명 - 사라지는 일자리,2025. 6. 11. 21:05,full-text,,de161ca3f824942f3843fab369e5c3787432664cfa7180777c9bba5c2ff882a4,1
223898386033,https://blog.naver.com/PostView.naver?blogId=agapeuni&logNo=223898386033&categoryNo=1213,[독서-1516] 금리 사용설명서 - 시장을 움직이는 강력한 힘,2025. 6. 13. 19:24,full-text,,b19fe02f6485c9fefc3f1c6437c3d96a3d3e556bde11a34a33d784b7f6372f04,1
223898965768,https://blog.naver.com/PostView.naver?blogId=agapeuni&logNo=223898965768&categoryNo=1213,[독서-1517] 그렇게 말하면 못 알아듣습니다 - 소통의 비밀,2025. 6. 14. 12:13,full-text,,5b33fd00a79586bbca4784c3d0e424fe66d948309fed95085fd206d7916efe8e,1
223899050797,https://blog.naver.com/PostView.naver?blogId=agapeuni&logNo=223899050797&categoryNo=1213,[독서-1518] 10배 버는 힘 - 돈 버는 능력을 키우는 최단 루트,2025. 6. 14. 14:11,full-text,,d335d38f269bf1452357ec8a0e6f868d80c68d445186cae1c5eb766a972d13bb,1
223900202526,https://blog.naver.com/PostView.naver?blogId=agapeuni&logNo=223900202526&categoryNo=1213,[독서-1519] 딥시크 AI 전쟁 - 중국 AI 굴기,2025. 6. 15. 21:17,full-text,,4edeac3ab78c157cf8d2099182bb137b74d706eb14adcd0790675bfcc752e725,1
223900471523,https://blog.naver.com/PostView.naver?blogId=agapeuni&logNo=223900471523&categoryNo=1213,[독서-1520] 당신은 너무 잘 살려고 한다 - 멘탈 관리법,2025. 6. 16. 4:40,full-text,,deaf0e5160488cf0699c339caaf30842a739fc423ff31b39b6176dbb2f78179d,1
223901390656,https://blog.naver.com/PostView.naver?blogId=agapeuni&logNo=223901390656&categoryNo=1213,"[독서-1521] 50대 이후, 모르면 안 되는 건강 지식한상",2025. 6. 16. 21:05,full-text,,8dc8ba3b0fa8c2ad06089e247bfea3b16c957d28b1529a9364052dc4752f0055,1
223902747701,https://blog.naver.com/PostView.naver?blogId=agapeuni&logNo=223902747701&categoryNo=1213,"[독서-1522] 에이지테크 - 시니어산업, 에이지테크가 답이다",2025. 6. 17. 23:01,full-text,,f44d7547f24cf3131f005bf34a55ed2473e34d18735b0c800808bd059dfa539f,1
223902889503,https://blog.naver.com/PostView.naver?blogId=agapeuni&logNo=223902889503&categoryNo=1213,[독서-1523] 인생의 파도를 넘는 법 - 도전과 모험,2025. 6. 18. 2:17,full-text,,b4fe57a4e0126fea192ce3032e85f42ed0d757195a6381aa4a1c634d6e5546c6,1
223902956551,https://blog.naver.com/PostView.naver?blogId=agapeuni&logNo=223902956551&categoryNo=1213,[독서-1524] 리더의 길을 묻다 - 경영의 대가,2025. 6. 18. 5:25,full-text,,cb3ac526323e821b0bf6463cddd5938798d17ffa28a7e8cbd34721de02c047b9,1
223904002867,https://blog.naver.com/PostView.naver?blogId=agapeuni&logNo=223904002867&categoryNo=1213,[독서-1525] 자신의 벽 - 진정한 자신감을 키워라,2025. 6. 18. 23:30,full-text,,9ee351aab1e132d7c381dbd188efc9e5daeca92047b3d2b9a61579b9e018d6b9,1
223905051517,https://blog.naver.com/PostView.naver?blogId=agapeuni&logNo=223905051517&categoryNo=1213,[독서-1526] 창의성에 집착하는 시대 - 현대사회 중요한 가치,2025. 6. 19. 20:52,full-text,,558e5381b1fdfe63182d17a4b0c02c7e5e71747cf45dd6dd3d4a329f81f632c4,1
223905114497,https://blog.naver.com/PostView.naver?blogId=agapeuni&logNo=223905114497&categoryNo=1213,[독서-1527] 우상향하는 나의 인생 - 장기 투자자의 성장 여정,2025. 6. 19. 22:04,full-text,,b450300a306766ce7cb6e8928a81126675f416eaf4d48c5588743ea175d34a05,1
223905212871,https://blog.naver.com/PostView.naver?blogId=agapeuni&logNo=223905212871&categoryNo=1213,[독서-1528] 그냥 나로 살아도 괜찮아 - 가장 따뜻한 위로,2025. 6. 19. 23:57,full-text,,ce44e74bf83f9c31e2c8da890709b72c43a9ac59a472160e526e3bac18415265,1
223905256417,https://blog.naver.com/PostView.naver?blogId=agapeuni&logNo=223905256417&categoryNo=1213,[독서-1529] 세상을 움직이는 놀라운 화학 - 주기율표 비밀들,2025. 6. 20. 0:56,full-text,,f4c2341b3e10583a0a0dc2262f759adf51d16966069ddb4647fc2d7c869644cb,1
223905814107,https://blog.naver.com/PostView.naver?blogId=agapeuni&logNo=223905814107&categoryNo=1213,[독서-1530] 스타트 위드 와이 - 인생을 바꾼 단 하나의 질문,2025. 6. 20. 14:29,full-text,,71a00a4f48d6ea0a07ed75d74762178775be58c238ad2eb16776432736f025c1,1
223907276971,https://blog.naver.com/PostView.naver?blogId=agapeuni&logNo=223907276971&categoryNo=1213,[독서-1531] 수학으로 들어가 과학으로 나오기 - 사고 습관,2025. 6. 22. 1:18,full-text,,e2d5e320a75a741749b325b4877a6ebba9c267379859216a94061e788b953678,1
223907299960,https://blog.naver.com/PostView.naver?blogId=agapeuni&logNo=223907299960&categoryNo=1213,[독서-1532] 비즈니스 부트캠프 - MBA에서 가르쳐주지 않는,2025. 6. 22. 2:06,full-text,,bc2676665b942050fb5eccc66338e64c59069bd2c0902bca601cd1f085c45c0d,1
223911746823,https://blog.naver.com/PostView.naver?blogId=agapeuni&logNo=223911746823&categoryNo=1213,[독서-1533] 당신은 AI를 어디까지 믿을 수 있나요?,2025. 6. 25. 22:51,full-text,,0ac503f0a9926853853d242744819cdad8935eb7ff2c8e7d54021d2c6e33446f,1
223911783031,https://blog.naver.com/PostView.naver?blogId=agapeuni&logNo=223911783031&categoryNo=1213,[독서-1534] 두 얼굴의 신기술 - AI 딜레마,2025. 6. 25. 23:28,full-text,,a5a7c66f2bf064ed1a5ba405a685e3a1792fa7196d26ad630957b75e1e20992c,1
223911811811,https://blog.naver.com/PostView.naver?blogId=agapeuni&logNo=223911811811&categoryNo=1213,[독서-1535] 오픈 엑시트 - 불평등의 케이지에서 빠져나오기,2025. 6. 25. 23:59,full-text,,bb4ac56dcada2106799b05a38e18895f34675771bd9fb3e2ff37938796ce0abc,1
223913189935,https://blog.naver.com/PostView.naver?blogId=agapeuni&logNo=223913189935&categoryNo=1213,[독서-1536] 하늘을 건너는 교실 - 밤하늘 우주를 향해 걸어가는,2025. 6. 27. 5:04,full-text,,36ca677a811b79ad969c097830dcab8198e3dd11db79a396f67302760e7b4b8a,1
223914654679,https://blog.naver.com/PostView.naver?blogId=agapeuni&logNo=223914654679&categoryNo=1213,[독서-1537] AI로봇 비즈니스와 마케팅,2025. 6. 28. 14:13,full-text,,658ca82aa2fa6cabdc820f30863e836c80b6994a9ef512a78ba385ffb61f366c,1
223915764858,https://blog.naver.com/PostView.naver?blogId=agapeuni&logNo=223915764858&categoryNo=1213,[독서-1538] 생성형 AI 활용 백과사전,2025. 6. 29. 19:56,full-text,,c21b23494b357952fd186dedcb2b13aab9c65f6657e4772c57e1d9faa5e8401a,1
223916197581,https://blog.naver.com/PostView.naver?blogId=agapeuni&logNo=223916197581&categoryNo=1213,[독서-1539] 같이 밥 먹고 싶은 아저씨 되는 법 - 인생 이야기,2025. 6. 30. 8:17,full-text,,272db18acf6170b6f6b01082680e91cb8f0a1b7622014d5086410597cf78e8d9,1
223916352787,https://blog.naver.com/PostView.naver?blogId=agapeuni&logNo=223916352787&categoryNo=1213,[독서-1540] CX 매니저를 위한 고객 경험 관리 바이블,2025. 6. 30. 11:02,full-text,,7f6dcadecf1c52874b9177a820c6034d6fecbb7c980b59107c619444c51fa832,1
223916399202,https://blog.naver.com/PostView.naver?blogId=agapeuni&logNo=223916399202&categoryNo=1213,[독서-1541] 위즈덤 부스터 잠언 - 지혜를 입으라,2025. 6. 30. 11:38,full-text,,ca72c3dad6fb9abdfb970fd4b01ced2db361a786a6418b62379ff94a5fc818b0,1
223916547769,https://blog.naver.com/PostView.naver?blogId=agapeuni&logNo=223916547769&categoryNo=1213,[독서-1542] CEO의 다이어리 - 어떤 미래를 살았는가?,2025. 6. 30. 13:50,full-text,,118074f44e44ff8e85e2c4dc466b302c15d70f316988b332568b884183989016,1
223921245550,https://blog.naver.com/PostView.naver?blogId=agapeuni&logNo=223921245550&categoryNo=1213,[독서-1543] AI 상식 사전 - 개념부터 실생활 활용까지,2025. 7. 4. 5:53,full-text,,2f92494936ea1cf8a7b00c6fee820aab184e7e1ed5e01489c63881f1842aaa2b,1
223921251256,https://blog.naver.com/PostView.naver?blogId=agapeuni&logNo=223921251256&categoryNo=1213,"[독서-1544] 다시, 가슴 뛰는 삶을 살아라 - 바샤르의 메시지",2025. 7. 4. 6:08,full-text,,e9364671254c599833c427da79e99fd9375d8b0db5d2281ca9f217b7bea8462c,1
223922714092,https://blog.naver.com/PostView.naver?blogId=agapeuni&logNo=223922714092&categoryNo=1213,[독서-1545] 인정의 기술 - 상대의 마음을 여는 소통의 법칙,2025. 7. 5. 12:36,full-text,,85da973e8699ef380d9491dd8bc69f517942ef4c0cce7af91efd8340ab067fa3,1
223922737795,https://blog.naver.com/PostView.naver?blogId=agapeuni&logNo=223922737795&categoryNo=1213,[독서-1546] 노션하는 직장인의 정리법 - 업무력이 수직 상승,2025. 7. 5. 13:09,full-text,,544088dc199ef7ef464fdd2ba8267ea9ff8eaae46de5f78a0a7221b7f08cf632,1
223922969691,https://blog.naver.com/PostView.naver?blogId=agapeuni&logNo=223922969691&categoryNo=1213,"[독서-1547] Agentic AI 시대, 조직을 움직이는 새로운 엔진",2025. 7. 5. 18:17,full-text,,8acc2949f63bff4727cf1309b241faf0fd96a32bf5eb21654ec4d5c71b9c91db,1
223923359430,https://blog.naver.com/PostView.naver?blogId=agapeuni&logNo=223923359430&categoryNo=1213,[독서-1548] 인문학으로 투자하다 - 투자에 대한 생각,2025. 7. 6. 4:33,full-text,,9bebac3e928b508a6b8604d236bc22ce7e41d69f003dcca4125bd336ebfadb08,1
223924306356,https://blog.naver.com/PostView.naver?blogId=agapeuni&logNo=223924306356&categoryNo=1213,[독서-1549] 머릿속이 엉망진창일 때가 있습니다 - 감정적인 나,2025. 7. 7. 4:50,full-text,,cb66c3d94867e5d47ce9d222bc837e4dda9cefaba5514e17681c81aee0a79636,1
223925273184,https://blog.naver.com/PostView.naver?blogId=agapeuni&logNo=223925273184&categoryNo=1213,[독서-1550] 거인의 어깨에서 인간과 삶을 묻다,2025. 7. 7. 20:57,full-text,,d21bf5fa45b9efb8557e7945fd49d0c938ab3b52a834811c468e6f482b3ad7e7,1
223926786546,https://blog.naver.com/PostView.naver?blogId=agapeuni&logNo=223926786546&categoryNo=1213,[독서-1551] 영업 마인드셋 - 영업 기본기와 현장 노하우,2025. 7. 9. 0:31,full-text,,f872481702446a0c2b213589f7cbaf91a3cde8d5a241a55acf04624da4c47e40,1
223927980963,https://blog.naver.com/PostView.naver?blogId=agapeuni&logNo=223927980963&categoryNo=1213,[독서-1552] 쓰레기의 반격 - 지구의 위기와 기회,2025. 7. 9. 23:29,full-text,,c17238f1be5af95ed16bb6eb77377603445e2d1ab22ee49d8606e9fa01beb24d,1
223929022203,https://blog.naver.com/PostView.naver?blogId=agapeuni&logNo=223929022203&categoryNo=1213,[독서-1553] 아카시아처럼 달콤하게 스며온,2025. 7. 10. 19:31,full-text,,9b245bdb9107c9c6da22783d811044e2552b29ede017ae646e394aadb1220de3,1
223929131607,https://blog.naver.com/PostView.naver?blogId=agapeuni&logNo=223929131607&categoryNo=1213,[독서-1554] 기업 핵심 직무별 생성형 AI 활용법,2025. 7. 10. 21:35,full-text,,2c4a543c09cb57e5521a8ec750ea5e9d0da8c476a8e46bf4e52c7600208201a0,1
223929157901,https://blog.naver.com/PostView.naver?blogId=agapeuni&logNo=223929157901&categoryNo=1213,"[독서-1555] 큰 뜻을 품은 자여, 왜 그 자리에 머물러 있는가",2025. 7. 10. 22:03,full-text,,b582581a81d37f52e27f5797e9c28bd530d00eba6ed1b1115cec877151d9cff3,1
223930379012,https://blog.naver.com/PostView.naver?blogId=agapeuni&logNo=223930379012&categoryNo=1213,[독서-1556] 세일즈맨 불황탈출 마스터키 - 시스템 영업으로 성장,2025. 7. 11. 21:24,full-text,,62ab710245fa2d94608244c8b106781c3b917eec331f21a0527fb437ab4c5f30,1
223930445655,https://blog.naver.com/PostView.naver?blogId=agapeuni&logNo=223930445655&categoryNo=1213,[독서-1557] 하루 10분 처음 일본어 문법 - JLPT N5·N4 문법,2025. 7. 11. 22:34,full-text,,a2d8f996a442d44e1cfbf81a54715ca2e3f639516f6249ee885830228e53cb20,1
223930708274,https://blog.naver.com/PostView.naver?blogId=agapeuni&logNo=223930708274&categoryNo=1213,[독서-1558] 정신병에 걸린 것 같아요? - 조현병·우울증,2025. 7. 12. 6:05,full-text,,64371923cf00f65268085973a5809b171317fade67fbdd58cd9d6204896ab9ee,1
223932296496,https://blog.naver.com/PostView.naver?blogId=agapeuni&logNo=223932296496&categoryNo=1213,[독서-1559] 신성종의 내가 본 지옥과 천국,2025. 7. 13. 21:42,full-text,,43df518906ee014afc74bd4a54ee01b4340b3b3c9898fdb1ce0c52a1728ccdf2,1
223933542731,https://blog.naver.com/PostView.naver?blogId=agapeuni&logNo=223933542731&categoryNo=1213,[독서-1560] 에필로그는 다정하게 씁니다,2025. 7. 14. 20:33,full-text,,cfbb304a96193d813e939ef616b465d8be5e54a21a4a6f857306fff02d5e4ec5,1
223933592283,https://blog.naver.com/PostView.naver?blogId=agapeuni&logNo=223933592283&categoryNo=1213,[독서-1561] 자유사상가가 다녀온 천국과 지옥 - 생생한 증언,2025. 7. 14. 21:22,full-text,,f738bce246ee3526d446f57f1ba11b3c5745bf1352ad0baefcfda1011afe6cb9,1
223934147204,https://blog.naver.com/PostView.naver?blogId=agapeuni&logNo=223934147204&categoryNo=1213,[독서-1562] 프로는 어떻게 말하는가 - 공감 관계 소통 설득,2025. 7. 15. 10:46,full-text,,56b0c97b9c68c3a5e3515d11e62a7fac991881c82ddb6cf127cb17f6341c40b3,1
223934203531,https://blog.naver.com/PostView.naver?blogId=agapeuni&logNo=223934203531&categoryNo=1213,[독서-1563] 크랙 - 무너진 틈에서 새로운 인생이 시작된다,2025. 7. 15. 11:27,full-text,,727c1fc283208667f10906f64a9ece798d036bfe6e29ccd2681792fbb7c6a03f,1
223935128227,https://blog.naver.com/PostView.naver?blogId=agapeuni&logNo=223935128227&categoryNo=1213,"[독서-1564] 꿈을 걷는 자 - 끝없는 여정, 그리고 마주한 공포",2025. 7. 16. 1:02,full-text,,372532163cc005ca6a35855bcd6ac5684ed714429f7828edf6d7845d91814298,1
223935198887,https://blog.naver.com/PostView.naver?blogId=agapeuni&logNo=223935198887&categoryNo=1213,[독서-1565] 60세부터 머리가 점점 좋아진다 - 심플한 습관,2025. 7. 16. 3:21,full-text,,14c29ca7f3947e5db9e7c3f9c511030080debf350d38f33ee2a43051c7b20a18,1
223935487961,https://blog.naver.com/PostView.naver?blogId=agapeuni&logNo=223935487961&categoryNo=1213,[독서-1566] 기억을 비울수록 뇌가 산다 - 뇌를 젋게 만드는 습관,2025. 7. 16. 10:52,full-text,,c5da438028e5c1988e2003492b277200d6817aacce10fb9a112f638f81693642,1
223935534673,https://blog.naver.com/PostView.naver?blogId=agapeuni&logNo=223935534673&categoryNo=1213,[독서-1567] 행복하지 않아서 뇌를 바꾸려고 합니다,2025. 7. 16. 11:27,full-text,,bb41156a869ea9ae130b506bc60e3ce98bef95045e2a1c3b64290b1ac3f6f09a,1
223937782020,https://blog.naver.com/PostView.naver?blogId=agapeuni&logNo=223937782020&categoryNo=1213,[독서-1568] 꿈을 담다 - 나를 찾아 꿈을 피우는 여정,2025. 7. 18. 2:12,full-text,,7dd056d4283ebf9957f66dccc64a84262e4ea040722d6384c15f7d8dc892dced,1
223939027105,https://blog.naver.com/PostView.naver?blogId=agapeuni&logNo=223939027105&categoryNo=1213,[독서-1569] 미리 가본 천국 - 40년 동안 말할 수 없던 이야기,2025. 7. 19. 2:07,full-text,,6476b353bf37b2f3450db9e0affaba74256a6d4fd3771c2751bafd260b84428c,1
223939892951,https://blog.naver.com/PostView.naver?blogId=agapeuni&logNo=223939892951&categoryNo=1213,독서 습관 6가지 - 하버드대 신입생이 갖춰야 할 독서 습관,2025. 7. 19. 23:36,full-text,,53190f23408c379a2cfced0daf7846176512e5e495c42ae25fb5e7c53bed0c97,1
223940627040,https://blog.naver.com/PostView.naver?blogId=agapeuni&logNo=223940627040&categoryNo=1213,[독서·노트] 자바스크립트 for 웹 2.0 - 1부 기초 (1장 ~ 3장),2025. 7. 20. 19:34,full-text,,df1f283fac9d136f9a84dfdb79b2505ec56046620977d993b3cc7f2ca397adda,1
223940646646,https://blog.naver.com/PostView.naver?blogId=agapeuni&logNo=223940646646&categoryNo=1213,[독서·노트] 자바스크립트 for 웹 2.0 - 2부 핵심 (4장 ~ 8장),2025. 7. 20. 20:01,full-text,,252c00ab6e131314d7104fc687319e1764f0418eeb83594de8b9874e35db94aa,1
223940673312,https://blog.naver.com/PostView.naver?blogId=agapeuni&logNo=223940673312&categoryNo=1213,[독서·노트] 자바스크립트 for 웹 2.0 - 3부 객체 (9장 ~ 14장),2025. 7. 20. 20:37,full-text,,2e4e5d6e6b14e97d18d9e3b5b49e5ee8bfcde5cea6cd4ab1d589a9113429ef90,1
223940715960,https://blog.naver.com/PostView.naver?blogId=agapeuni&logNo=223940715960&categoryNo=1213,[독서-1570] 나는 천국을 보았다 - 임사체험 보고서,2025. 7. 20. 21:29,full-text,,80aa4b48a0c6680b2ff17409f3211bf43571a886c26a598bc074bf6c387b7cf1,1
223943590985,https://blog.naver.com/PostView.naver?blogId=agapeuni&logNo=223943590985&categoryNo=1213,[독서-1571] THE AI가 묻고 미래가 답하다,2025. 7. 23. 2:45,full-text,,418bdc6d9e2a2f5b3a722176f9e514daa2007145e04dcfe003dd53ae1ddc0296,1
223944680234,https://blog.naver.com/PostView.naver?blogId=agapeuni&logNo=223944680234&categoryNo=1213,[독서-1572] 미래를 사는 사람 샘 올트먼 - 통찰과 전력,2025. 7. 23. 22:48,full-text,,342a9aec7cbc525021e74584e2b83809f58fc4ecc899a606c1633b8cc4fef3f6,1
223944707891,https://blog.naver.com/PostView.naver?blogId=agapeuni&logNo=223944707891&categoryNo=1213,[독서-1573] 최고의 리더는 어떻게 사람을 움직이는가,2025. 7. 23. 23:18,full-text,,27495d7c9197394d6bd35ab3f701011a9d75ff934507fc6430cda34d63f18037,1
223947201183,https://blog.naver.com/PostView.naver?blogId=agapeuni&logNo=223947201183&categoryNo=1213,[독서·노트] 자바스크립트 핵심 가이드 (1장 ~ 4장),2025. 7. 25. 23:04,full-text,,ede2164c8e9a36181408310747f53c067b5924ce096f5cbd06ef8331cf6cbdca,1
223947236953,https://blog.naver.com/PostView.naver?blogId=agapeuni&logNo=223947236953&categoryNo=1213,[독서·노트] 자바스크립트 핵심 가이드 (5장 ~ 7장),2025. 7. 25. 23:45,full-text,,66cfe857560e09fae60dda224ba1822874639334ece828b1c8fa0d76f50ac923,1
223947281364,https://blog.naver.com/PostView.naver?blogId=agapeuni&logNo=223947281364&categoryNo=1213,[독서·노트] 자바스크립트 핵심 가이드 (8장 ~ 10장),2025. 7. 26. 0:40,full-text,,b7b6d77200cc002e9cb16c9704e175cf2a49516151a87b385be4600640acc302,1
223952926400,https://blog.naver.com/PostView.naver?blogId=agapeuni&logNo=223952926400&categoryNo=1213,[독서-1574] 아두이노 배우고 드론 코딩하고 날리기,2025. 7. 30. 22:15,full-text,,2f145f11104572e1dfc3cedddb56d5aa872de8cf9f532fe796f46c5eea9592cc,1
223952962352,https://blog.naver.com/PostView.naver?blogId=agapeuni&logNo=223952962352&categoryNo=1213,[독서-1575] 지지 않는 대화 - 아리스토텔레스의 대화 전략,2025. 7. 30. 22:53,full-text,,4de3b056515e0572fbc8f64eb7659ac72719ef4b148dd5230dac2406aec2e197,1
223953282449,https://blog.naver.com/PostView.naver?blogId=agapeuni&logNo=223953282449&categoryNo=1213,[독서-1576] 아두이노로 만드는 스마트 자동차,2025. 7. 31. 7:38,full-text,,2cb86ed2b5931570e5422908f8aacfd836caab545e67fd7e3db2f8ee18086328,1
223953291947,https://blog.naver.com/PostView.naver?blogId=agapeuni&logNo=223953291947&categoryNo=1213,"[독서-1577] 암호, 비밀을 지키는 과학 - 보안 핵심 원리",2025. 7. 31. 7:53,full-text,,5198c2d0f5580537abcd96c4a4928b47a3bf04cce96af6f99a7c94d0297d8a56,1
223954587308,https://blog.naver.com/PostView.naver?blogId=agapeuni&logNo=223954587308&categoryNo=1213,[독서-1578] 스포트라이트 - 내 안의 불을 켜는 법,2025. 8. 1. 6:07,full-text,,310cd415bf719834112060ea9a4d76f21973ce62041651245d688f87c96de165,1
223954625797,https://blog.naver.com/PostView.naver?blogId=agapeuni&logNo=223954625797&categoryNo=1213,[독서-1579] 세상을 뒤바꿀 새로운 양자 혁명,2025. 8. 1. 7:28,full-text,,f881b5d7e744f049e29324e7d1f737306495727455626de9a0f954a01eef7991,1
223955454520,https://blog.naver.com/PostView.naver?blogId=agapeuni&logNo=223955454520&categoryNo=1213,[독서-1580] JLPT 공식문제집 N1 ver2.0 - 이것이 기출이다,2025. 8. 1. 19:53,full-text,,d18576ad2123aed9ab49f72cc07a48d0b3f89c361bddef2038ae79349e885259,1
223955504571,https://blog.naver.com/PostView.naver?blogId=agapeuni&logNo=223955504571&categoryNo=1213,[독서-1581] JLPT 공식문제집 N3 ver2.0 - 이것이 기출이다,2025. 8. 1. 20:50,full-text,,306a33d3f4f3eeb713740708d1acd47b3539fedc7ba72ce02e6a9e7a27a9f9c9,1
223955543715,https://blog.naver.com/PostView.naver?blogId=agapeuni&logNo=223955543715&categoryNo=1213,[독서-1582] JLPT 공식문제집 N4 ver2.0 - 이것이 기출이다,2025. 8. 1. 21:33,full-text,,47448c98b348582f9b0280be276e03b8f8cb9127288ac82b1137170bf91b9eb2,1
223955699539,https://blog.naver.com/PostView.naver?blogId=agapeuni&logNo=223955699539&categoryNo=1213,[독서·노트] 프로 자바스크립트 테크닉 (1장 ~ 6장),2025. 8. 2. 0:13,full-text,,3d94c6b64a5aab987afa65b8434ae60092de04a28b22a0dff5e647efdb958356,1
223955709808,https://blog.naver.com/PostView.naver?blogId=agapeuni&logNo=223955709808&categoryNo=1213,[독서·노트] 프로 자바스크립트 테크닉 (7장 ~ 14장),2025. 8. 2. 0:24,full-text,,9b393684394be86f1feb0bb273411d952211a074401f5b23209df61c96cd582a,1
223956300691,https://blog.naver.com/PostView.naver?blogId=agapeuni&logNo=223956300691&categoryNo=1213,[독서-1583] JLPT 공식문제집 N5 ver2.0 - 이것이 기출이다,2025. 8. 2. 15:25,full-text,,70e35cd63468d7b1179b47b217e5f62922f4c6fd086a6bad3f53cc91ebc86f64,1
223956454953,https://blog.naver.com/PostView.naver?blogId=agapeuni&logNo=223956454953&categoryNo=1213,[독서-1584] 네겐트로피 - 야훼 하나님의 창조 영성,2025. 8. 2. 18:25,full-text,,6a4c9ad7bb08324346dab96709d1157de99272dded88a0b7b63d2cac1c77ce2c,1
223956972422,https://blog.naver.com/PostView.naver?blogId=agapeuni&logNo=223956972422&categoryNo=1213,[독서-1585] Claude MCP 업무 자동화 혁신 가이드,2025. 8. 3. 8:48,full-text,,2023431a37db9806baaba8d65436ab036fd7a8fd0efe017152854f046919d628,1
223957026238,https://blog.naver.com/PostView.naver?blogId=agapeuni&logNo=223957026238&categoryNo=1213,[독서-1586] MCP로 똑똑하게 일하는 법 - AI 에이전트 구현,2025. 8. 3. 10:17,full-text,,f284490ffa9863abf433b3e9830f67577c4cefd476eee6036e89714e2af19e22,1
223959267082,https://blog.naver.com/PostView.naver?blogId=agapeuni&logNo=223959267082&categoryNo=1213,[독서-1587] ONE YEAR 원 이어 - 탁월한 나를 만드는 시간,2025. 8. 5. 6:46,full-text,,ca7ccba93d599bd5a6e8981a3d419c6fcd1f7f6aabf5adaf5660e5f9a9130165,1
223960598986,https://blog.naver.com/PostView.naver?blogId=agapeuni&logNo=223960598986&categoryNo=1213,[독서-1588] 새로운 질서 - AI 이후의 생존 전략,2025. 8. 6. 7:19,full-text,,4aea11d2645cbadde9e047c5059ccd114d07374b1052eb928a8cdeec71f9f6ac,1
223962923789,https://blog.naver.com/PostView.naver?blogId=agapeuni&logNo=223962923789&categoryNo=1213,[독서-1589] 요즘 사춘기 딸을 위한 아우성 빨간책,2025. 8. 7. 22:50,full-text,,7874929bd992f51bc6893b553314925e731a2996103a97b476a9b638e5ae7be0,1
223971611976,https://blog.naver.com/PostView.naver?blogId=agapeuni&logNo=223971611976&categoryNo=1213,[독서-1590] 조선 근대 문명화를 이끈 선교사들,2025. 8. 15. 18:01,full-text,,a9e2c47b12a93e22d66e557cbfe4fd5100c57b22c6122c6935b1900bf69021ff,1
223971640172,https://blog.naver.com/PostView.naver?blogId=agapeuni&logNo=223971640172&categoryNo=1213,"[독서-1591] 삶에 사랑이 없다면, 그 무엇이 의미 있으랴",2025. 8. 15. 18:39,full-text,,394381decb03b1f5dc3ecc946b0a0def5975fdce0d22dfda70b73cc8f6a8fed1,1
223971909687,https://blog.naver.com/PostView.naver?blogId=agapeuni&logNo=223971909687&categoryNo=1213,[독서-1592] 원팀을 만드는 원온원 - 개인에서 원팀으로,2025. 8. 16. 0:39,full-text,,d632f6cb2344fcb20fce31a5a146dd351e6afdde22fd78055db5724a45905929,1
223978793320,https://blog.naver.com/PostView.naver?blogId=agapeuni&logNo=223978793320&categoryNo=1213,[독서-1593] 영향력은 어떻게 만들어지는가 - 영향력이 힘이다,2025. 8. 21. 22:11,full-text,,61fac0f4fa30b6c5c4e240352b12fe2857b191185eb7cdb51896cba36f403205,1
223978847811,https://blog.naver.com/PostView.naver?blogId=agapeuni&logNo=223978847811&categoryNo=1213,[독서-1594] 트럼프 2.0의 경고 - 관세 전쟁 속 생존 전략,2025. 8. 21. 23:08,full-text,,89d572c665e115001d38cd042e69ad0f1c2b23b7fbe8ba4e6e5d14bc11c19989,1
223979122898,https://blog.naver.com/PostView.naver?blogId=agapeuni&logNo=223979122898&categoryNo=1213,[독서-1595] 축구가 10배 더 재밌어지는 경기 관전법,2025. 8. 22. 8:14,full-text,,c5db79061324e8eb34e14594153cf0cc375fab2b9b7c15335e771f6f777614d3,1
223981712062,https://blog.naver.com/PostView.naver?blogId=agapeuni&logNo=223981712062&categoryNo=1213,"[독서-1596] #100일챌린지 - AI 시대, 가장 강력한 스펙",2025. 8. 24. 19:21,full-text,,ef350691601fca10f9750a33e259126a4bb8eca80b8b8f48782366ab5c8342b0,1
223989091492,https://blog.naver.com/PostView.naver?blogId=agapeuni&logNo=223989091492&categoryNo=1213,[독서-1597] 부부관계 수업 - 서로를 이해하고 배려하는,2025. 8. 30. 18:53,full-text,,28fe89599301e1aabb201de5424ce5b7b4a1a5b2e2628982a23cec71f8698140,1
223991420665,https://blog.naver.com/PostView.naver?blogId=agapeuni&logNo=223991420665&categoryNo=1213,[독서-1598] 아무것도 하기 싫은 당신에게 - 따뜻한 위로,2025. 9. 1. 19:41,full-text,,1bbc3d460dc5b8d167415daad54b94a121f2080ed5984bd34a2a0d1690e160c5,1
223991457743,https://blog.naver.com/PostView.naver?blogId=agapeuni&logNo=223991457743&categoryNo=1213,[독서-1599] 8월의 고쇼 그라운드 - 다들 살고 싶었던 거야,2025. 9. 1. 20:17,full-text,,a4635d095ddaa2fd587614e76bf58573733c6e1ca651702484bc577658812903,1
223991472913,https://blog.naver.com/PostView.naver?blogId=agapeuni&logNo=223991472913&categoryNo=1213,[독서-1600] 선한 양들의 언어 - 사람을 살리는 생명의 언어,2025. 9. 1. 20:32,full-text,,60447cd4edd60457679ddc45a9686984d7335e3991a89e0e22bdced3139765db,1
223993300176,https://blog.naver.com/PostView.naver?blogId=agapeuni&logNo=223993300176&categoryNo=1213,[독서-1601] 필수 물리 용어 사전 - 가장 쉬운 물리학 입문서,2025. 9. 3. 8:01,full-text,,1e323c0636c062d6534e7937a3e790b80cf44652f8364e59d247f2c5997222e5,1
223993535916,https://blog.naver.com/PostView.naver?blogId=agapeuni&logNo=223993535916&categoryNo=1213,[독서-1602] 지금 나에게 필요한 돈 공부,2025. 9. 3. 11:35,full-text,,5cc3fb39db6d11908086d89bf814db7dca07c367afcac2289e59a4ff0b43c053,1
223994548435,https://blog.naver.com/PostView.naver?blogId=agapeuni&logNo=223994548435&categoryNo=1213,[독서-1603] 진짜 한 권으로 끝내는 JLPT N1,2025. 9. 4. 5:04,full-text,,80d51d56616a08db21fd462e737759b97e13d5af51bce0cd5a1801e628567270,1
223994572772,https://blog.naver.com/PostView.naver?blogId=agapeuni&logNo=223994572772&categoryNo=1213,[독서-1604] AX/DX 씽킹 - 기술적 진화에 창의력을 더하다,2025. 9. 4. 6:14,full-text,,5b87ea63bcae802308111edc3ab06a91d692cfebf2417a8a03d2ddd5519dfade,1
223994614910,https://blog.naver.com/PostView.naver?blogId=agapeuni&logNo=223994614910&categoryNo=1213,"[독서-1605] AI+로봇 로봇시대, 세상의 변화를 주도하는 법",2025. 9. 4. 7:41,full-text,,efd93ecfb41c509e490b57e065efe7b8cbfdd2bf0f0d7c514e82397ecaca13a6,1
224001894839,https://blog.naver.com/PostView.naver?blogId=agapeuni&logNo=224001894839&categoryNo=1213,[독서-1606] 가라앉는 게 아니라 깊어지는 거야,2025. 9. 9. 23:47,full-text,,d98e52fbf34dbfa469e3978e9fc1dd2d43938e39f4422af9fe9118e8ddc00461,1
224002153221,https://blog.naver.com/PostView.naver?blogId=agapeuni&logNo=224002153221&categoryNo=1213,[독서-1607] 파이브 센스 - 행복을 되찾는 마음 회복법,2025. 9. 10. 7:52,full-text,,d2481c87e9be6035c58a56f5e8e15bbc194a710880523c1e5489173cb23b80f6,1
224002163332,https://blog.naver.com/PostView.naver?blogId=agapeuni&logNo=224002163332&categoryNo=1213,[독서-1608] 렛뎀 이론 - 충만해지는 내버려두기의 기술,2025. 9. 10. 8:07,full-text,,d92f054d12916974b7747d4bc04229b2d588c32a3c36de7809e615d240163fd1,1
224003234651,https://blog.naver.com/PostView.naver?blogId=agapeuni&logNo=224003234651&categoryNo=1213,[독서-1609] 디지털 미래영재학교 인공지능반 1 - 교육 만화,2025. 9. 10. 23:42,full-text,,c70e7fc750a22b05214f9594f69bbfa09a3a1b36ddf9e31e87d8b34dc5d38d17,1
224003245561,https://blog.naver.com/PostView.naver?blogId=agapeuni&logNo=224003245561&categoryNo=1213,[독서-1610] 디지털 미래영재학교 생성형 AI반 1 - 교육 만화,2025. 9. 10. 23:54,full-text,,fabc127ffcfc7cac7e281ea01653ecfc5257bdee922393fba7bef205b797f433,1
224004525480,https://blog.naver.com/PostView.naver?blogId=agapeuni&logNo=224004525480&categoryNo=1213,[독서-1611] AI가 바꾸는 일터의 미래 - 조직의 일과 성장,2025. 9. 11. 23:01,full-text,,53a8ba5a33e92da9c36c959c75cfeb863412a159fa55edbbd826afeee62d9666,1
224004559467,https://blog.naver.com/PostView.naver?blogId=agapeuni&logNo=224004559467&categoryNo=1213,[독서-1612] 딥시크 이코노미 - 중국 AI가 만드는 새로운 질서,2025. 9. 11. 23:36,full-text,,5d1cdb31bfe884cde512dfae3797bc95c8c78b0e3c7f9d7e9947201a79ae380b,1
224011011869,https://blog.naver.com/PostView.naver?blogId=agapeuni&logNo=224011011869&categoryNo=1213,[독서-1613] 광합성 인간 - 잃어버린 생체리듬과 빛의 과학,2025. 9. 17. 5:37,full-text,,f141870de4e86da7bbe5c36925279ae724975f8ee411ea7b757b7de3156eecf3,1
224011042125,https://blog.naver.com/PostView.naver?blogId=agapeuni&logNo=224011042125&categoryNo=1213,[독서-1614] 사람을 끌어당기는 우아한 말센스 - 대화의 습관,2025. 9. 17. 6:47,full-text,,84097d5699739213d9af8f1df855b1c0389aecfe7141eda1512f0a5196fe73b8,1
224011127753,https://blog.naver.com/PostView.naver?blogId=agapeuni&logNo=224011127753&categoryNo=1213,"[독서-1615] 카인드, 친절한 것이 살아남는다",2025. 9. 17. 8:52,full-text,,47aa1b4207e91c074e096f4124d4e0771b31712b64b9da5933d1d7e4867196e0,1
224011235067,https://blog.naver.com/PostView.naver?blogId=agapeuni&logNo=224011235067&categoryNo=1213,[독서-1616] 매일의 태도 - 아직 서툰 어른들을 위한,2025. 9. 17. 10:25,full-text,,07d101136a1994181092d5ff3c6c3f79792aefc31deb198ec7bd05f5809471c9,1
224011428463,https://blog.naver.com/PostView.naver?blogId=agapeuni&logNo=224011428463&categoryNo=1213,[독서-1617] 단단한 삶을 위한 자신감 저축 - 작은 시작,2025. 9. 17. 12:46,full-text,,3c2d3a21073c3f6ecdcd117b50647ad48153cfab73cba1bdd0df58b97843e3fc,1
224012112162,https://blog.naver.com/PostView.naver?blogId=agapeuni&logNo=224012112162&categoryNo=1213,[독서-1618] 노숙자에서 억만장자로 - 한 남자의 이야기,2025. 9. 17. 22:34,full-text,,a2863ee3d1ed8af0ed698dea4a98d8dae3b6354b5401795a48749f21799bd700,1
224012334859,https://blog.naver.com/PostView.naver?blogId=agapeuni&logNo=224012334859&categoryNo=1213,[독서-1619] 아주 세속적인 철학 - 2000년 전 지혜,2025. 9. 18. 3:50,full-text,,c115a317e49ea1cf51e0be5bbac531eb56a9acf285f6e2371cd29750df4f2de8,1
224016085255,https://blog.naver.com/PostView.naver?blogId=agapeuni&logNo=224016085255&categoryNo=1213,[독서-1620] 하늘라임 - 선율로 펼치는 하나님의 사랑,2025. 9. 21. 12:06,full-text,,81cec83cd84a99248c2e9ec3917e0b205e36742528124c14a613032d16bf6b73,1
224018290517,https://blog.naver.com/PostView.naver?blogId=agapeuni&logNo=224018290517&categoryNo=1213,[독서-1621] 포르쉐 75년 - 예상치 못한 것들을 예상하라,2025. 9. 23. 7:45,full-text,,40025e127e713cb6463e1609a27efbadf41bffaa50b0e041f55b0eb5f30dc10a,1
224026598701,https://blog.naver.com/PostView.naver?blogId=agapeuni&logNo=224026598701&categoryNo=1213,[독서-1622] 100% 뇌 활용법 - 뇌 기능 향상의 비밀 코드,2025. 9. 30. 7:35,full-text,,5dd56ff429128497a4fbec5b14a62296a7def76091c054892e8320f21e0651b1,1
224030896226,https://blog.naver.com/PostView.naver?blogId=agapeuni&logNo=224030896226&categoryNo=1213,[독서-1623] 생성형 AI 전문가 - 혁신적인 기술로 설계하는,2025. 10. 3. 18:19,full-text,,fd9d79a2a02586b37d105cff75e8ab99019d847354a780f017646c1140476004,1
224030904212,https://blog.naver.com/PostView.naver?blogId=agapeuni&logNo=224030904212&categoryNo=1213,[독서-1624] AI의 역사 - 여섯 가지 키워드로 읽는 AI,2025. 10. 3. 18:30,full-text,,4e65a1134aad4332ae4faa0fa6ad3f38706deb37fb783c821c9f1cc48e42a2ce,1
224032825974,https://blog.naver.com/PostView.naver?blogId=agapeuni&logNo=224032825974&categoryNo=1213,"[독서-1625] 헬로 AI 지금, 만나러 갑니다 - 교양으로 읽는 AI",2025. 10. 5. 22:46,full-text,,6ac110d6487969a72c24ca70eb830265da034781612ff695264263f56be996eb,1
224036175075,https://blog.naver.com/PostView.naver?blogId=agapeuni&logNo=224036175075&categoryNo=1213,[독서-1626] IT 트렌드 2026 - 부의 지도와 미래 전략,2025. 10. 10. 3:09,full-text,,a41544c2221d44bce75abb6a63adccc5293991f0d24f65d561d053bd5371d681,1
224036187395,https://blog.naver.com/PostView.naver?blogId=agapeuni&logNo=224036187395&categoryNo=1213,"[독서-1627] AI 시대의 필수 문해력 수업 - 말과 글, 관계의 나침반",2025. 10. 10. 3:47,full-text,,a1b9fc05526a6a0664fda07ac08699ef1f5565d56293ee06be764bc935475fca,1
224037112423,https://blog.naver.com/PostView.naver?blogId=agapeuni&logNo=224037112423&categoryNo=1213,[독서-1628] 고요해지기 위해 씁니다 - 한줄 필사로 단정한 마음,2025. 10. 10. 22:53,full-text,,0347a6c3dae4c7a412136802cbd0a0290d0511f4b41dc7cbff18d18dd3052780,1
224037162177,https://blog.naver.com/PostView.naver?blogId=agapeuni&logNo=224037162177&categoryNo=1213,[독서-1629] 회사 밖 나를 위한 브랜딩 법칙 NAME,2025. 10. 10. 23:54,full-text,,b5ae01b401d96ada7ab646a91a500a955ef60e738e8e7805baa15a7f3044106a,1
224041450499,https://blog.naver.com/PostView.naver?blogId=agapeuni&logNo=224041450499&categoryNo=1213,[독서-1630] 디스플레이 구조 교과서 - 기술 메커니즘 해설,2025. 10. 15. 0:43,full-text,,9cd703d0d15e2b0886b3a02c54fb396eb2a403bddb8e88ae7b6e96e270d5fc96,1
224053828373,https://blog.naver.com/PostView.naver?blogId=agapeuni&logNo=224053828373&categoryNo=1213,[독서-1631] 현장 중심의 프로젝트 매니지먼트 - 24년 PM,2025. 10. 26. 0:53,full-text,,f733bed2e25c68bef0ff2b7dba24d270981c5cf72f5e096acdeaef695043cee4,1
224057135847,https://blog.naver.com/PostView.naver?blogId=agapeuni&logNo=224057135847&categoryNo=1213,[독서-1632] AI시대 미디어 문해력 - 현명하게 적응하는 힘,2025. 10. 29. 1:10,full-text,,aea7894b9c1d0d68b25bb363c75000a4ebee35df09d6c92f810c0de8a6fe79fd,1
224057297092,https://blog.naver.com/PostView.naver?blogId=agapeuni&logNo=224057297092&categoryNo=1213,"[독서-1633] 속이는 미디어, 분별하는 사고력 - 딥페이크 시대",2025. 10. 29. 8:03,full-text,,715d3f1a888efb02626528fdc1910fddd74a4dc7c3e3ca0ec333080b49defb23,1
224057303895,https://blog.naver.com/PostView.naver?blogId=agapeuni&logNo=224057303895&categoryNo=1213,[독서-1634] 부자를 꿈꾸지만 부동산은 처음인 당신에게,2025. 10. 29. 8:14,full-text,,2954905e7706020030ce7c78440bca5d9115123ac33caa291c0797e96ef3c406,1
224058121139,https://blog.naver.com/PostView.naver?blogId=agapeuni&logNo=224058121139&categoryNo=1213,[독서-1635] 내 인생의 운명을 바꾸는 자신감 철학,2025. 10. 29. 21:21,full-text,,14abe83650d7820d2184d0119ca041f650b40c561c897fadac0e55d5567ca3e9,1
224058558002,https://blog.naver.com/PostView.naver?blogId=agapeuni&logNo=224058558002&categoryNo=1213,[독서-1636] CRYPTO.AI - 블록체인과 AI의 본질을 이해,2025. 10. 30. 9:51,full-text,,7ff0d0fcc8e8fbb48c2cfead67ddc026618fbc7274143a003a83741215c55e58,1
224058632802,https://blog.naver.com/PostView.naver?blogId=agapeuni&logNo=224058632802&categoryNo=1213,[독서-1637] K 뱅크 레볼루션 - BaaS로 태어나는 금융의 미래,2025. 10. 30. 10:55,full-text,,6e9caf29384736ac4c60949e5039e2282f917c85480314db3a98379b5a28dcea,1
224058676026,https://blog.naver.com/PostView.naver?blogId=agapeuni&logNo=224058676026&categoryNo=1213,"[독서-1638] AI 시대, 나는 무엇으로 빛날까",2025. 10. 30. 11:29,full-text,,1cbd2f77f73c327fdcc376031a9d190d067ceeb289e539bb5c3e43489541013e,1
224058727055,https://blog.naver.com/PostView.naver?blogId=agapeuni&logNo=224058727055&categoryNo=1213,[독서-1639] AI 비즈니스 트렌드 2026 - AI 트렌드 리포트,2025. 10. 30. 12:13,full-text,,dec501b0a291f4aad890c905143584f62965ee639bee4d6faee557d1a1444e3c,1
224063202194,https://blog.naver.com/PostView.naver?blogId=agapeuni&logNo=224063202194&categoryNo=1213,[독서-1640] 존재의 온도 - 혼자여도 괜찮은 나,2025. 11. 3. 16:20,full-text,,8f4c707d88faef1b7cf4a2fbeaddf67a9e1e11fe1f90563821ae1a271e17bce1,1
224064968363,https://blog.naver.com/PostView.naver?blogId=agapeuni&logNo=224064968363&categoryNo=1213,[독서-1641] 스케일링 피플 - 구글 출신 COO가 전하는 전략,2025. 11. 5. 0:55,full-text,,1ba3aa74ff7345f3aa509485f01c28b55bc9d4eaa41651f91a01cee1236c4d98,1
224066148713,https://blog.naver.com/PostView.naver?blogId=agapeuni&logNo=224066148713&categoryNo=1213,[독서-1642] 정신과 의사가 알려주는 말하기 수업 - 대화의 심리,2025. 11. 5. 23:39,full-text,,badd3184dcb44fed8c774eb11d0e442a8250f1db8c601d8ce157814003a4670d,1
224066663542,https://blog.naver.com/PostView.naver?blogId=agapeuni&logNo=224066663542&categoryNo=1213,[독서-1643] 솔직히 말할게요 저는 돈이 좋아요 - 연매출 100억원,2025. 11. 6. 12:36,full-text,,91f1d24cb05d06506d46e4d6f6d8b54f069e426e5bac1810eee611ef31344337,1
224067388377,https://blog.naver.com/PostView.naver?blogId=agapeuni&logNo=224067388377&categoryNo=1213,[독서-1644] 사슬로 배우는 블록체인 첫걸음 - 해킹과 보안 시리즈,2025. 11. 7. 0:07,full-text,,a246f7c347c3635f165a392d89835451141ee487734bc7e65e5b04cea0bda6f0,1
224072714271,https://blog.naver.com/PostView.naver?blogId=agapeuni&logNo=224072714271&categoryNo=1213,[독서-1645] 시골집에 살고 있습니다 - 시골 라이프 쌩리얼 생존기,2025. 11. 11. 20:51,full-text,,c13f5e98d2bbbe4e026fcb2af9e22748ce1db42586ab8a07b4b752036a0849e4,1
224074008804,https://blog.naver.com/PostView.naver?blogId=agapeuni&logNo=224074008804&categoryNo=1213,[독서-1646] 퀀텀의 시대 - 양자컴퓨터의 미래와 현재,2025. 11. 12. 22:21,full-text,,2176ae23482d04a1885579771b4077aa8d2559153d3bfbe7dfcfd1b44b4b6f92,1
224074059815,https://blog.naver.com/PostView.naver?blogId=agapeuni&logNo=224074059815&categoryNo=1213,"[독서-1647] 삼성 쇼크 - 몰락할 것인가, 세상을 뒤흔들 것인가?!",2025. 11. 12. 23:22,full-text,,c3e2022be02058cc85ddd859bb58254c5e9c5b3840143ff4e6e6dd9d383fde6a,1
224074160021,https://blog.naver.com/PostView.naver?blogId=agapeuni&logNo=224074160021&categoryNo=1213,[독서-1648] 때로 외로움은 삶의 방패가 된다 - 고독의 힘,2025. 11. 13. 2:03,full-text,,b73a9507a3774ac3c2f09b120f220534b688269f52c7d60d9b478fed65ad8445,1
224074396067,https://blog.naver.com/PostView.naver?blogId=agapeuni&logNo=224074396067&categoryNo=1213,[독서-1649] 도파민 가족 - 가족을 다시 연결하는 법,2025. 11. 13. 10:20,full-text,,315481e8d3bbd174dd5e06efe6c167b661274923312ba8cdb78878bf70200165,1
224075257407,https://blog.naver.com/PostView.naver?blogId=agapeuni&logNo=224075257407&categoryNo=1213,[독서-1650] 써니쌤과 함께 처음 시작하는 SNS 디자인 캔바,2025. 11. 13. 23:32,full-text,,d2b2cd6d2c774c4e51519f8b5e42ed8edad520f847ba7594fbe12a3e0c1b8954,1
224075302547,https://blog.naver.com/PostView.naver?blogId=agapeuni&logNo=224075302547&categoryNo=1213,"[독서-1651] 돈키호테, 상식파괴로 경영하라 - 디테일 경영 이야기",2025. 11. 14. 0:29,full-text,,d366093a4b2ededa5c46bfa024b428ed65aa0bf2c98c49b28fa95f46e9d05d05,1
224076783249,https://blog.naver.com/PostView.naver?blogId=agapeuni&logNo=224076783249&categoryNo=1213,[독서-1652] 평범한 오므라이스에 숨은 경영전략 - 부가 가치,2025. 11. 15. 13:07,full-text,,f4695fb9c2767ac2f11cb5d34d0072aecbd9888cafe88445a1652b46afd28ab2,1
224077199643,https://blog.naver.com/PostView.naver?blogId=agapeuni&logNo=224077199643&categoryNo=1213,[독서-1653] AX 리더십 - 누가 AI 챔피언이 되는가?,2025. 11. 15. 23:28,full-text,,2b7ca4b42f8c76b944d8a8b28deb6459a4d99659065b6fc880aa38b2993557de,1
224079460889,https://blog.naver.com/PostView.naver?blogId=agapeuni&logNo=224079460889&categoryNo=1213,[독서-1654] 행동력 시크릿 - 시작하는 순간 인생이 달라지는 비밀,2025. 11. 18. 5:26,full-text,,a9c2b3381297ac39fb36d705af943b2e32224e0a86c5dc4d48a577775d84ae6c,1
224079486359,https://blog.naver.com/PostView.naver?blogId=agapeuni&logNo=224079486359&categoryNo=1213,[독서-1655] 후니의 쉽게 쓴 직장생활 생존기,2025. 11. 18. 6:39,full-text,,aa2258dce25d5776806ee6781fa1cdd9ac8116dfbab22a8d31001a1d52f59e1d,1
224081511561,https://blog.naver.com/PostView.naver?blogId=agapeuni&logNo=224081511561&categoryNo=1213,[독서-1656] 리치 씽킹 - 내 안에 잠든 부의 씨앗을 발견하라,2025. 11. 19. 21:16,full-text,,264dd260775042ac23dc8a0ae53f44abf0087b66639884a9ab317a5b572c1b60,1
224081734574,https://blog.naver.com/PostView.naver?blogId=agapeuni&logNo=224081734574&categoryNo=1213,[독서-1657] 김영북스 답만 봐도 합격! 운전면허 필기 1·2종 공통,2025. 11. 20. 2:55,full-text,,cc9639b83a618e9db07a263a34d25d802360a59aa75b92dda7b9384f602017c9,1
224081777850,https://blog.naver.com/PostView.naver?blogId=agapeuni&logNo=224081777850&categoryNo=1213,[독서-1658] 뭐가 좋은지 몰라 다 해보기로 했습니다,2025. 11. 20. 5:32,full-text,,4a67362bd7252ae729a9a944d1ee5aa90f69ef9522b5373da6b5b6324f931b9b,1
224086143768,https://blog.naver.com/PostView.naver?blogId=agapeuni&logNo=224086143768&categoryNo=1213,[독서-1659] 에너지의 이름들 - 부싯돌에서 그린수소까지 에너지,2025. 11. 24. 11:58,full-text,,d4764ea049a927e2c201b19f295cf2a123ec15e858fa4b965995286b6f78cf9a,1
224086171663,https://blog.naver.com/PostView.naver?blogId=agapeuni&logNo=224086171663&categoryNo=1213,[독서-1660] 경제평론가 아빠가 아들에게 보내는 편지,2025. 11. 24. 12:24,full-text,,47a3354d45bff98852f913be49987abc01a776a60d1869341c841f48acf30a68,1
224086539133,https://blog.naver.com/PostView.naver?blogId=agapeuni&logNo=224086539133&categoryNo=1213,[독서-1661] 공감의 위로 - 세상과 연결하는 11가지 공감의 기술,2025. 11. 24. 17:16,full-text,,c8e86ca982fdddf65a451ca747064f81e87f20571c64c5f123785001dddfdd74,1
224089422152,https://blog.naver.com/PostView.naver?blogId=agapeuni&logNo=224089422152&categoryNo=1213,[독서-1662] 두려움의 함정 - 모든 걱정과 두려움은 거짓이다,2025. 11. 27. 1:24,full-text,,e854d85ab0e298494d0ccf8b1f683d13fd1f1dcf2f460f450e762648e891ed3f,1
224090358685,https://blog.naver.com/PostView.naver?blogId=agapeuni&logNo=224090358685&categoryNo=1213,[독서-1663] 우아한 기획자들의 요즘 업무 이야기 - 베테랑 기획자,2025. 11. 27. 19:59,full-text,,dec2c775b204508f61e1fabc7ebcfa0ec7937fd66d1c2d8b33b94d68b5705a33,1
224094736825,https://blog.naver.com/PostView.naver?blogId=agapeuni&logNo=224094736825&categoryNo=1213,[독서-1664] 초고령사회 사람들 - 치매를 품은 사회,2025. 12. 1. 21:56,full-text,,49098e892d054c3bd0dcdc33de02f3c5037ebcfbe9aa589950192bf2763352ce,1
224094851031,https://blog.naver.com/PostView.naver?blogId=agapeuni&logNo=224094851031&categoryNo=1213,[독서-1665] 마음 따라 걷는 거야 - 상상조차 못한 세계,2025. 12. 1. 23:51,full-text,,6445903f624e7b883eb3e6651e0a2fdd87de51501641e82e485b50c9abf68f41,1
224095115944,https://blog.naver.com/PostView.naver?blogId=agapeuni&logNo=224095115944&categoryNo=1213,[독서-1666] 더 스튜던트 - 배움의 재발견,2025. 12. 2. 8:37,full-text,,b7a3f4c5d51a340e846aedbbb290cb6f498d0bd19880d44e9ec4b3f9d8e72769,1
224098440731,https://blog.naver.com/PostView.naver?blogId=agapeuni&logNo=224098440731&categoryNo=1213,[독서-1667] 나의 무엇이 책이 되는가 - 글이 책이 되기까지,2025. 12. 4. 20:54,full-text,,9ee0952133a25e3b4ce1472671be3440d6bb963272cad02e4e96930b32af70e0,1
224098497498,https://blog.naver.com/PostView.naver?blogId=agapeuni&logNo=224098497498&categoryNo=1213,[독서-1668] 뇌를 알면 삶이 바뀐다 - 성공적인 삶을 위한 두뇌 활용,2025. 12. 4. 21:58,full-text,,dfe78a62fa0133bca67b32534833adafd44a5bb17139e23fd9658914e13f0312,1
224098575788,https://blog.naver.com/PostView.naver?blogId=agapeuni&logNo=224098575788&categoryNo=1213,[독서-1669] 신 로지컬 씽킹 - 새로운 논리적 사고의 교과서,2025. 12. 4. 23:25,full-text,,4d9dda7d25b9c6ce88b6b2eafd0180ca79a5c71ca817e6f41e0f7682cc54d6f5,1
224098589717,https://blog.naver.com/PostView.naver?blogId=agapeuni&logNo=224098589717&categoryNo=1213,[독서-1670] 체인지 챈스(Change Chance) 변화가 기회를 만든다,2025. 12. 4. 23:41,full-text,,c29fc384be4dea81e95647488d338d8732ce5d06dd45deb02c5fde73c6ba9e94,1
224099081325,https://blog.naver.com/PostView.naver?blogId=agapeuni&logNo=224099081325&categoryNo=1213,"[독서-1671] 유정, All Loving - 한국인은 이렇게 사랑했다.",2025. 12. 5. 12:16,full-text,,30072c9725be3bb775717a83af2456a24a082cb5a83abc1396de9900ae0e0ea9,1
224099789801,https://blog.naver.com/PostView.naver?blogId=agapeuni&logNo=224099789801&categoryNo=1213,"[독서-1672] 태도는 카피가 안 된다 - AI시대, 당신만의 진짜 경쟁력",2025. 12. 5. 23:49,full-text,,f6002703d1830f4729982a84f1381e55b0f7ff6b6f0f37886a3f2536a22a1f8c,1
224101865587,https://blog.naver.com/PostView.naver?blogId=agapeuni&logNo=224101865587&categoryNo=1213,[독서-1673] 내가 주어인 문장의 힘(리커버 에디션),2025. 12. 8. 8:28,full-text,,edfff38ca70977633e3ff7f6bf6809fd3e0ef73faa5038abd9fc5ebf9015cbad,1
224105455381,https://blog.naver.com/PostView.naver?blogId=agapeuni&logNo=224105455381&categoryNo=1213,[독서-1674] 잠시 멈춤 - 논쟁은 줄이고 소통은 더하는 대화의 원칙,2025. 12. 11. 2:17,full-text,,1edb2e95c32fa49177066cbaae84cea31d2b59920dc3e1edb7bc5be168527a21,1
224105583096,https://blog.naver.com/PostView.naver?blogId=agapeuni&logNo=224105583096&categoryNo=1213,[독서-1675] 나는 어떤 인생을 살고 싶은가 - 지속 가능한 행복,2025. 12. 11. 7:48,full-text,,34e8d9e6a7ce75df41b8acfda230db90d67b249b0467eac72ba89de8c09c7276,1
224106040413,https://blog.naver.com/PostView.naver?blogId=agapeuni&logNo=224106040413&categoryNo=1213,[독서-1676] 인피니트 마켓 - 1조 달러 우주 시장의 비밀,2025. 12. 11. 14:52,full-text,,7787bd4af16cc76d4c8a9009bf3866dad3c668d37805f846664404a6ff0e518d,1
224106169656,https://blog.naver.com/PostView.naver?blogId=agapeuni&logNo=224106169656&categoryNo=1213,"[독서-1677] 시작해요, 커서 - Cursor 설치부터 활용까지!",2025. 12. 11. 16:29,full-text,,9d3759679a15aff134f1bf4467014c95d7232e08c349c41e239a6727220dcb3b,1
224108842958,https://blog.naver.com/PostView.naver?blogId=agapeuni&logNo=224108842958&categoryNo=1213,[독서-1678] IT 운용 체제 변화를 위한 데브옵스 DevOps,2025. 12. 14. 1:20,full-text,,8fe15e574e3a5e198ec4784610c3fd5678502da58aabbced2e5ac9cebce9ba15,1
224108943372,https://blog.naver.com/PostView.naver?blogId=agapeuni&logNo=224108943372&categoryNo=1213,[독서-1679] Vue.js 프로젝트 투입 일주일 전 - Vue.js 3.x 개발,2025. 12. 14. 5:24,full-text,,61e1bce84e501089d6ae535f99a9a39e221b729edb691c4fb3ed9a66c79de043,1
224110007924,https://blog.naver.com/PostView.naver?blogId=agapeuni&logNo=224110007924&categoryNo=1213,"[독서-1680] 피지컬 AI 패권 전쟁 - 미국과 중국, 제2의 냉전",2025. 12. 15. 8:54,full-text,,bb998edd61730c8b2c61db00d7500f55ff879950edcc0e4e8e3549c66f3e524f,1
224112680884,https://blog.naver.com/PostView.naver?blogId=agapeuni&logNo=224112680884&categoryNo=1213,[독서-1681] 합격을 부르는 7문장 자기소개서 - 완벽 실전 가이드,2025. 12. 17. 10:31,full-text,,4191cd7612b74b652dc18c2421dbdca10b90720e810a174871e2c065d5b23f7d,1
224112693974,https://blog.naver.com/PostView.naver?blogId=agapeuni&logNo=224112693974&categoryNo=1213,[독서-1682] 과학적 사고로 여는 새로운 세계 - 60가지 과학의 순간,2025. 12. 17. 10:43,full-text,,4d61f2caf82a487155ecd39e6f0db3287fcf5a4723d40143e0af7d794fa5d02e,1
224113835972,https://blog.naver.com/PostView.naver?blogId=agapeuni&logNo=224113835972&categoryNo=1213,[독서-1683] 당신의 가능성에 대하여 - 12가지 창조적 사고법,2025. 12. 18. 9:19,full-text,,b88c0dda25f54042d85de4554fe61dd54b97b37558380ac906cf168be7935496,1
224119186568,https://blog.naver.com/PostView.naver?blogId=agapeuni&logNo=224119186568&categoryNo=1213,[독서-1684] AI는 어떻게 인생의 무기가 되는가 - AI로 설계된다,2025. 12. 22. 23:35,full-text,,bc0c5c641f2084fe5a2af0d36ebe164aac90815da4eb13684db81af81620959d,1
224120491632,https://blog.naver.com/PostView.naver?blogId=agapeuni&logNo=224120491632&categoryNo=1213,[독서-1685] AI 시대 나는 어떻게 살아남을 것인가 - 퍼스널 브랜드,2025. 12. 23. 23:37,full-text,,53e6b39a2d0be73d0254cf8984fbf533bf34ac3c76032f8b67fc554ab32e8406,1
224121047828,https://blog.naver.com/PostView.naver?blogId=agapeuni&logNo=224121047828&categoryNo=1213,[독서-1686] 세상을 바꾼 결단의 리더들 - 위기를 기회로 바꾼 선택,2025. 12. 24. 12:19,full-text,,f42ca8bd5c6f0af17d96522c25fce4e6a8d381a73306aa063e8ea8a04d614d77,1
224123849592,https://blog.naver.com/PostView.naver?blogId=agapeuni&logNo=224123849592&categoryNo=1213,[독서-1687] 피크 코리아 - 한국을 리디자인할 대개조 개념설계,2025. 12. 26. 23:13,full-text,,87cc5e3a3908e754347046902db861487ef407b6e572c3d6bf7a50c7ab263e19,1
224123867561,https://blog.naver.com/PostView.naver?blogId=agapeuni&logNo=224123867561&categoryNo=1213,[독서-1688] 혼·창·통 - 세월이 흘러도 변치 않는 강력한 통찰,2025. 12. 26. 23:34,full-text,,e23381e9195e9cef4dcbac172c267d3e46eed42e5f2de8e188deca377d023acb,1
224126527661,https://blog.naver.com/PostView.naver?blogId=agapeuni&logNo=224126527661&categoryNo=1213,[독서-1689] 얽힌 생명의 역사 - 지구 생명체 새롭게 보기,2025. 12. 29. 15:09,full-text,,e0f063cadfb1c38cff78d2217f74768cb85b5952fe84d34a765267fa729c4165,1
224129411123,https://blog.naver.com/PostView.naver?blogId=agapeuni&logNo=224129411123&categoryNo=1213,[독서-1690] 말하기가 두려운 날엔 - 나를 다시 세운 목소리의 기록,2025. 12. 31. 17:21,full-text,,8b99512c868a281526276dd21731ee29d065d1bd4ea917ea3c1a921fbba83003,1
224129436935,https://blog.naver.com/PostView.naver?blogId=agapeuni&logNo=224129436935&categoryNo=1213,[독서-1691] 책 쓰기 천재가 된 회장님 - 인생 제2막을 위한 책 쓰기,2025. 12. 31. 17:42,full-text,,0398a7c256ca0fe6b94ca7403b212e29186f2f125d47733a2f5f739808436779,1
224129999423,https://blog.naver.com/PostView.naver?blogId=agapeuni&logNo=224129999423&categoryNo=1213,[독서-1692] 일본어 기초한자 무작정 따라하기 쓰기노트,2026. 1. 1. 3:02,full-text,,4a702bd261dccdada8bc391b3c5ab0fccf7f36f49b9308b2c051b1ffdc7f4bc9,1
224132009895,https://blog.naver.com/PostView.naver?blogId=agapeuni&logNo=224132009895&categoryNo=1213,[독서-1693] 세계척학전집 : 훔친 철학 편 - 지식의 파편들,2026. 1. 2. 20:30,full-text,,9c95f75fa986b2ee136b4996e84e4c1d628417463967b4ed841ba47fffd1cc14,1
224136187931,https://blog.naver.com/PostView.naver?blogId=agapeuni&logNo=224136187931&categoryNo=1213,[독서-1694] 나는 죽을 때까지 빛나기로 했다 - 내 삶을 채우는 시간,2026. 1. 6. 11:57,full-text,,14ab1cdd556477ce96338c2b2928b317527846b6fbcd99c4abbd9c187bed93e8,1
224136211116,https://blog.naver.com/PostView.naver?blogId=agapeuni&logNo=224136211116&categoryNo=1213,"[독서-1695] 도쿄의 하늘은 하얗다 - 다시 사랑하게 된 도시, 도쿄",2026. 1. 6. 12:16,full-text,,89cfc3c621754561dbf83eab89a0e629d38a48e10ee74a1675f0976193f009dc,1
224136624262,https://blog.naver.com/PostView.naver?blogId=agapeuni&logNo=224136624262&categoryNo=1213,[독서-1696] 꿈에 눈이 멀어라 시시한 현실 따위 보이지 않게,2026. 1. 6. 17:23,full-text,,4e20d3926bd40afee9afb7c88b9fd694bb942cf1be5b352c6b1e7835f2cf695c,1
224138350321,https://blog.naver.com/PostView.naver?blogId=agapeuni&logNo=224138350321&categoryNo=1213,[독서-1697] 성경 파노라마 - 한눈에 꿰뚫는 성경총정리,2026. 1. 7. 22:34,full-text,,b1254ccf0f55b17e2ad6d48a888cdc57b5fe191fd9792aec9a896e11e2e6bbd6,1
224141335321,https://blog.naver.com/PostView.naver?blogId=agapeuni&logNo=224141335321&categoryNo=1213,[독서-1698] 첫사랑 - 나의 열정은 그날부터 시작되었다,2026. 1. 10. 9:06,full-text,,7a2f65d8aef1e33f052a4a77d977d45827576b921904d7cf4a14f848343ffd27,1
224141524041,https://blog.naver.com/PostView.naver?blogId=agapeuni&logNo=224141524041&categoryNo=1213,[독서-1699] 사유하는 공간 제작의 기술,2026. 1. 10. 13:16,full-text,,94282ce8a6d7d291b8b33a9776889fdb1eb1f8bc899c6d7612f50ce43a20d82f,1
224141850772,https://blog.naver.com/PostView.naver?blogId=agapeuni&logNo=224141850772&categoryNo=1213,[독서-1700] 이 시간을 살아가는 그대에게 - 70개의 질문,2026. 1. 10. 20:05,full-text,,51d44317ae3fe371b91b834e415d85c0af288134301472769d10d2bd8057c0a0,1
224143894641,https://blog.naver.com/PostView.naver?blogId=agapeuni&logNo=224143894641&categoryNo=1213,"[독서-1701] 직업 상담, 미래를 설계하다 - 현장형 상담 실전 가이드",2026. 1. 12. 18:05,full-text,,1e87de625e48e3a05dbba0d572d07b7ec5285d65e35ceb7780856d832e6a0b41,1
224145649964,https://blog.naver.com/PostView.naver?blogId=agapeuni&logNo=224145649964&categoryNo=1213,"[독서-1702] 어쩌다 AI, 실전으로 뛰어든 3년의 기록",2026. 1. 14. 0:48,full-text,,675f42fdba60d0956dd62017793f42b20ae6a083a67c4e225c0ba8d8d1dbdd47,1
224145703964,https://blog.naver.com/PostView.naver?blogId=agapeuni&logNo=224145703964&categoryNo=1213,[독서-1703] AI 다음 물결 - 피지컬 AI 기반 자율주행·로봇의 미래,2026. 1. 14. 2:17,full-text,,c86eb7d5fe6d8fcb22400b9e6a9db9ccecfa64935b1df758263106f47515a4f8,1
224148337727,https://blog.naver.com/PostView.naver?blogId=agapeuni&logNo=224148337727&categoryNo=1213,[독서-1704] MiriCanvas(미리캔버스)로 무엇이든 만들 수 있다,2026. 1. 16. 3:44,full-text,,0c99d3afad0e1391240a562eeb1546437072114ff1ff93ed13745afcff9d02e1,1
224148362173,https://blog.naver.com/PostView.naver?blogId=agapeuni&logNo=224148362173&categoryNo=1213,[독서-1705] 5년 후 나를 생각했을 뿐인데 - 35년 직장생활의 힘!,2026. 1. 16. 4:58,full-text,,ad9314061406f3b877a52dc761e592c7d2d932838f45b3f149ffeb7a9d4d580c,1
224151205643,https://blog.naver.com/PostView.naver?blogId=agapeuni&logNo=224151205643&categoryNo=1213,[독서-1706] 팔로우 오사카·교토·고베·나라 - 2026년 최신판,2026. 1. 18. 22:30,full-text,,51d8eb37c9a4f5ad52b7a471970e35f446c29895b4b5f9ab17be6945933f82d7,1
224152642961,https://blog.naver.com/PostView.naver?blogId=agapeuni&logNo=224152642961&categoryNo=1213,[독서-1707] AI시대 팀장의 소통 에센스 - 비즈니스 소통법,2026. 1. 20. 1:13,full-text,,58d504b0e57eead97289041ce8f46252afe01ef918d83f3aa344efcf446e55da,1
224152667360,https://blog.naver.com/PostView.naver?blogId=agapeuni&logNo=224152667360&categoryNo=1213,[독서-1708] 튠 인 - 판단을 흔드는 열 가지 함정,2026. 1. 20. 1:53,full-text,,42192d30a42e3bc7bf47da98b09cfa040dbe0666681aada66376a7d85e19cfe8,1
224156301570,https://blog.naver.com/PostView.naver?blogId=agapeuni&logNo=224156301570&categoryNo=1213,[독서-1709] 스트레스 트레이닝 - 짜증·불안·스트레스가 가벼워지는,2026. 1. 22. 21:18,full-text,,bee039f47485074e5e99f37000ff19a95b0e67df7ac5a06387e7c666c4f5fd3a,1
224156601249,https://blog.naver.com/PostView.naver?blogId=agapeuni&logNo=224156601249&categoryNo=1213,[독서-1710] 자기암시 실천편 - 자신의 결점과 다투고 있는 모든 이들을 위한,2026. 1. 23. 5:22,full-text,,38412208079075d66ccfb28a646ad75fcf6ec25b030c6d4c634303633b03e96e,1
224158790169,https://blog.naver.com/PostView.naver?blogId=agapeuni&logNo=224158790169&categoryNo=1213,[독서-1711] 질문인간 - AI 사용법을 넘어 AI 사고법으로,2026. 1. 25. 7:54,full-text,,663f7cf1e8ad62c4a603eb4b7d4974fe51a6e120784021174d9acdcff5885f3f,1
224159607595,https://blog.naver.com/PostView.naver?blogId=agapeuni&logNo=224159607595&categoryNo=1213,[독서-1712] 나는 5천만 원으로 두 번째 월급 받는다 - 상가투자,2026. 1. 26. 2:15,full-text,,a02be0b15e17adf366ca3a026a33b1997270eb97b4962dd8197108454b50a048,1
224161393326,https://blog.naver.com/PostView.naver?blogId=agapeuni&logNo=224161393326&categoryNo=1213,"[독서-1713] 슈퍼컨버전스, 초융합 시대가 온다 - AI 혁명의 미래",2026. 1. 27. 13:57,full-text,,b92128446bfa9bf1929e499dd974f137eb39f7f01fe1833ab29f35d5e7cbc9be,1
224162269489,https://blog.naver.com/PostView.naver?blogId=agapeuni&logNo=224162269489&categoryNo=1213,[독서-1714] 시그널 코리아 2026 - 트랜드를 넘어 시그널로 질주,2026. 1. 28. 6:39,full-text,,b5e13f326ba32599b3eaee650accfdaa0ef60579c9d9c093f4d4abb93b030a0b,1
224164894597,https://blog.naver.com/PostView.naver?blogId=agapeuni&logNo=224164894597&categoryNo=1213,[독서-1715] 일을 위한 디자인 - AI 시대의 생각 훈련,2026. 1. 30. 7:08,full-text,,c10c505ef439bdd261a54cd71425534cc064e627a196f8aaaf7ebb1ad6161471,1
224164933428,https://blog.naver.com/PostView.naver?blogId=agapeuni&logNo=224164933428&categoryNo=1213,"[독서-1716] 연애 소설이 나에게 - 좋은 연애 소설, 그것은 작은 구원",2026. 1. 30. 8:14,full-text,,084b91deb63e67074b88b85fcd5478f5e38788216a0399b38e3eb47fbe7a80e6,1
224167195010,https://blog.naver.com/PostView.naver?blogId=agapeuni&logNo=224167195010&categoryNo=1213,[독서-1717] 라즈베리파이로 만드는 인공지능과 사물인터넷,2026. 2. 1. 7:26,full-text,,c3e73804867a478d5988607dc18b99280c6544eb07251d43536e6abde196c80b,1
224167213463,https://blog.naver.com/PostView.naver?blogId=agapeuni&logNo=224167213463&categoryNo=1213,[독서-1718] ChatGPT와 아두이노로 만드는 AI 음성비서,2026. 2. 1. 8:07,full-text,,937a9f5dcbc24fb05da4041f76b5ccc13faad4e0d28308ea1876ac78525d45ce,1
224169492653,https://blog.naver.com/PostView.naver?blogId=agapeuni&logNo=224169492653&categoryNo=1213,[독서-1719] 감각 있는 일잘러의 IT 지식 - 생성 AI 툴만 쓰면 반쪽,2026. 2. 3. 2:17,full-text,,b33aa477920309b029e113f9a477d2e8202023a3c343f4e60894a05168cf91eb,1
224170741115,https://blog.naver.com/PostView.naver?blogId=agapeuni&logNo=224170741115&categoryNo=1213,[독서-1720] 하룻밤에 읽는 일본사 - 하룻밤 시리즈,2026. 2. 4. 0:14,full-text,,aef02ba70b7b9e7aca79a191f310e1bbd2c3ea1ee0ea849f95c38bdb74cfd665,1
224177331791,https://blog.naver.com/PostView.naver?blogId=agapeuni&logNo=224177331791&categoryNo=1213,[독서-1721] AI로 뚝딱 자서전 쓰기 도전 - 인생 한권 자서전 쓰기,2026. 2. 9. 14:36,full-text,,ee3fdb7aaa74725c9498a33fdbc1660669676a717fdc298863940b6bb46ed792,1
224177369344,https://blog.naver.com/PostView.naver?blogId=agapeuni&logNo=224177369344&categoryNo=1213,[독서-1722] 신뢰가 이끄는 조직에 대한 얇은 책 - 조직 신뢰 유지,2026. 2. 9. 15:04,full-text,,9560357940cae68011d5a43e7ee82b202126346d8978632751943be222eea23a,1
224181664149,https://blog.naver.com/PostView.naver?blogId=agapeuni&logNo=224181664149&categoryNo=1213,[독서-1723] 내 손으로 쓰는 나의 인생 이야기 - 자서전 쓰기 검색,2026. 2. 12. 18:01,full-text,,1e6d2fb57c03daca492d21decca25cf148461036e81e6ee85db73d3aae6b3f17,1
224181672581,https://blog.naver.com/PostView.naver?blogId=agapeuni&logNo=224181672581&categoryNo=1213,[독서-1724] 추억을 색으로 칠하다 - 컬러링북 검색,2026. 2. 12. 18:09,full-text,,e477ed2c4531ea7fe1596f0d0e31f1caa1949e81649bc8e39fdb868513c0177c,1
224181679063,https://blog.naver.com/PostView.naver?blogId=agapeuni&logNo=224181679063&categoryNo=1213,[독서-1725] 시와 노랫말로 다시 쓰는 한글 - 한글 필사 검색,2026. 2. 12. 18:15,full-text,,da051190c9f74c3900686e7f6c46643a5ee4652c8391f4906baf34f443f850f3,1
224181692632,https://blog.naver.com/PostView.naver?blogId=agapeuni&logNo=224181692632&categoryNo=1213,[독서-1726] 명문장과 팝송으로 다시 쓰는 영어 검색,2026. 2. 12. 18:28,full-text,,498dad0d5646b5fb4b1cd06ad06b7be6a393724ed2023fce05551e703e578154,1
224181700303,https://blog.naver.com/PostView.naver?blogId=agapeuni&logNo=224181700303&categoryNo=1213,[독서-1727] 뇌 건강을 위한 두뇌 운동 - 스도쿠 검색,2026. 2. 12. 18:36,full-text,,93cd22c4a185bacebeab3e0aab341d56ca99b66c7cc86f2978852c394b0c2b49,1
224181799837,https://blog.naver.com/PostView.naver?blogId=agapeuni&logNo=224181799837&categoryNo=1213,[독서-1728] 나로 살기에 아직 늦지 않았다 - 융과 함께 다시 시작,2026. 2. 12. 20:29,full-text,,87d96eb364f8f781103d81f1e038104cb9eaea7865e7d763bb8a7248690fcb60,1
224182396587,https://blog.naver.com/PostView.naver?blogId=agapeuni&logNo=224182396587&categoryNo=1213,[독서-1729] 대신 주식해드립니다 - 감성 투자자의 손실 방지책,2026. 2. 13. 10:44,full-text,,fe36e90a6862dee03d21d160c5983d45a8ec1035fe5d6f95291ef7d62a97631e,1
224182427904,https://blog.naver.com/PostView.naver?blogId=agapeuni&logNo=224182427904&categoryNo=1213,[독서-1730] AI에게 나를 묻다 - 재정립해 보는 AI와 인간의 관계,2026. 2. 13. 11:08,full-text,,d795e97b0150f11f7db4b9c717ea68f1ad5db8f47d38cdfbd503e8f376b5d4f7,1
224182487667,https://blog.naver.com/PostView.naver?blogId=agapeuni&logNo=224182487667&categoryNo=1213,[독서-1731] 매출로 이어지는 디자인 법칙 - 디자이너의 생존법,2026. 2. 13. 11:54,full-text,,1f5fc9e6fb01ffe7ed392949c0b2335c62dddcb990c6dd12baf0f6a463829e0d,1
224182498745,https://blog.naver.com/PostView.naver?blogId=agapeuni&logNo=224182498745&categoryNo=1213,[독서-1732] 직장인 소통의 마력 - 소통 조직 만들기,2026. 2. 13. 12:03,full-text,,5af7ce8ff8a60f427b5ab0e91429a6c006d0da45c05a5127bb25fe5959151fd7,1
224183123941,https://blog.naver.com/PostView.naver?blogId=agapeuni&logNo=224183123941&categoryNo=1213,[독서-1733] 서른이면 잘 살 줄 알았지 - 김빛나의 셀프 축하 파티,2026. 2. 13. 21:51,full-text,,0cabbb83a13b41b1413de5ff17d4afe53e35a2dae42a6c7146e70f1c134bc4ef,1
224183135783,https://blog.naver.com/PostView.naver?blogId=agapeuni&logNo=224183135783&categoryNo=1213,[독서-1734] 2026 김영북스 한국실용글쓰기 7일 단권끝장,2026. 2. 13. 22:05,full-text,,a7a2586b1c63631cfb8dfb8648331b9dc0eafe63e957bd9458ce6a2756344170,1
224183147277,https://blog.naver.com/PostView.naver?blogId=agapeuni&logNo=224183147277&categoryNo=1213,[독서-1735] 왕초보 시니어도 쉽게 따라 하는 챗GPT 사용법,2026. 2. 13. 22:18,full-text,,ef35837e299cca4c2066756a5cdc32d90db3abc65d4387c8cfc61628b19a9fa7,1
224183256480,https://blog.naver.com/PostView.naver?blogId=agapeuni&logNo=224183256480&categoryNo=1213,[독서-1736] 세계척학전집 : 훔친 심리학 편 - 척하기 좋은 매뉴얼,2026. 2. 14. 0:28,full-text,,c33f2c8b38ab3560332923e8cacfc52b0ad380a1348396ed86e795764045ac36,1
224183303812,https://blog.naver.com/PostView.naver?blogId=agapeuni&logNo=224183303812&categoryNo=1213,[독서-1737] 혁신은 왜 실패하는가 - 글로벌 기업들의 메타 착각,2026. 2. 14. 1:44,full-text,,bfcb4a3a5416ccbe731e70b487d5e2c14c2dbd2a04d286731c903271e094cee5,1
224183313541,https://blog.naver.com/PostView.naver?blogId=agapeuni&logNo=224183313541&categoryNo=1213,[독서-1738] 삶을 바꾸는 매일의 안부 - 존재 가치에 대한 질문,2026. 2. 14. 2:02,full-text,,35766e308c9e2a86e23e1ba35744f4f52cf0c1476f13bd38e067852ee5d8d850,1
224183560810,https://blog.naver.com/PostView.naver?blogId=agapeuni&logNo=224183560810&categoryNo=1213,[독서-1739] 내가 너의 이름이 될 때 - 엄마를 찾아 떠난 시간여행,2026. 2. 14. 10:43,full-text,,3f062930f9f65de89a0efbd393c3cdc94545b2fe233eab043dc8b0abdc1b1d87,1
224183840644,https://blog.naver.com/PostView.naver?blogId=agapeuni&logNo=224183840644&categoryNo=1213,[독서-1740] 저는 얼굴이 아니라 마음을 고치는 의사입니다,2026. 2. 14. 16:30,full-text,,789ce1896c9d907b69bc591cf26a3c346d458dc948740331e0a686752600e2ce,1
224183884514,https://blog.naver.com/PostView.naver?blogId=agapeuni&logNo=224183884514&categoryNo=1213,[독서-1741] 세계사를 바꾼 와인 이야기,2026. 2. 14. 17:27,full-text,,03a7fc5ffee2f3807b06ae0bee692af4013ff77e6f9756e447986a239335b161,1
224185066519,https://blog.naver.com/PostView.naver?blogId=agapeuni&logNo=224185066519&categoryNo=1213,[독서-1742] 상체 리셋 - 무너진 몸을 바로 세우는 기적의 루틴,2026. 2. 16. 1:00,full-text,,6d6fc5f10a331e6e922538c4adcb989275c77d445d260de4ca53a2f4161e03b2,1
224185349111,https://blog.naver.com/PostView.naver?blogId=agapeuni&logNo=224185349111&categoryNo=1213,[독서-1743] 무례함이 선을 넘을 때 즉각 꺼내는 단호한 문장 63,2026. 2. 16. 11:23,full-text,,159557ba6b4dcde909ae67eaf223d42dfd5312c91a070406e871f858b9666d9d,1
224185360080,https://blog.naver.com/PostView.naver?blogId=agapeuni&logNo=224185360080&categoryNo=1213,[독서-1744] 하루 한 장 예수의 말 100 - 일상을 기적으로 바꾸는,2026. 2. 16. 11:38,full-text,,90430a7f64a3176208c9bbc8443ebbb1c75035d6b8b82b968a7664a33fb7177e,1
224185704492,https://blog.naver.com/PostView.naver?blogId=agapeuni&logNo=224185704492&categoryNo=1213,"[독서-1745] 다시 살아내는 힘, 논어 - 나를 일으켜 세운 논어 한마디",2026. 2. 16. 20:14,full-text,,86bf7ec0ce1c450ebec9d63197132a627c984a5f8645cfdff15d5169e2fc49a5,1
224185724824,https://blog.naver.com/PostView.naver?blogId=agapeuni&logNo=224185724824&categoryNo=1213,[독서-1746] 바꿀 수 없는 것을 바꾸지 않을 용기 - 사랑하는 연습,2026. 2. 16. 20:45,full-text,,7f2e467c1877d06783c9e57d1bd9fb580b1b933e7ae7e599fcbe10881201422e,1
224185749749,https://blog.naver.com/PostView.naver?blogId=agapeuni&logNo=224185749749&categoryNo=1213,[독서-1747] 이것이 Spring AI다 - MCP Server까지 AI의 모든 것,2026. 2. 16. 21:22,full-text,,b1fd810c06dabea8b67cd4d80672debebdbbc9fbf5fa6f66c89b83c2fdc27215,1
224197986983,https://blog.naver.com/PostView.naver?blogId=agapeuni&logNo=224197986983&categoryNo=1213,[독서-1748] 기술의 민주화 코드 없는 AI 혁신 - 새로운 패러다임,2026. 2. 27. 13:51,full-text,,a399bd490234f7a2d22321e873195b8d4ecdda8e97220892562dacd2f1e7a466,1
224198014713,https://blog.naver.com/PostView.naver?blogId=agapeuni&logNo=224198014713&categoryNo=1213,[독서-1749] 방향을 따라야 인생이 달라진다 - 공허한 사람들에게,2026. 2. 27. 14:13,full-text,,eaff594a8c65d174de7e0f1d798dbaeb58b31e1133ef52bf72c10a7b85422901,1
224209406368,https://blog.naver.com/PostView.naver?blogId=agapeuni&logNo=224209406368&categoryNo=1213,[독서-1750] 2026 이기적 AI-POT AI 프롬프트활용능력 1급,2026. 3. 9. 3:35,full-text,,dfded4e11d2cddee66c083d2b58f3ba49291b789d4710c94686384a450ba9ef7,1
224210256800,https://blog.naver.com/PostView.naver?blogId=agapeuni&logNo=224210256800&categoryNo=1213,"[독서-1751] 실전 ComfyUI - AI 이미지 생성, 원클릭 업무 자동화",2026. 3. 9. 18:04,full-text,,287d80023c90ca1646aa0de5a0d06e07734913570df8580f46b562364372c28e,1
224219936821,https://blog.naver.com/PostView.naver?blogId=agapeuni&logNo=224219936821&categoryNo=1213,"[독서-1752] 다시, 초격차 - AI 시대에 차이를 만드는 격",2026. 3. 17. 18:23,full-text,,eb29819728ed9cfc2f39b0fcbac449e61291daab3146c662470ff00c15ee8c38,1
224220129030,https://blog.naver.com/PostView.naver?blogId=agapeuni&logNo=224220129030&categoryNo=1213,[독서-1753] 나는 매일 조금씩 강해진다 - 자신감 강화 프로젝트,2026. 3. 17. 21:52,full-text,,e2c688ec38f9bc94b7e3868c78273c9c84279abf57b7a22c3a8a06fc3834ead0,1
224220354636,https://blog.naver.com/PostView.naver?blogId=agapeuni&logNo=224220354636&categoryNo=1213,[독서-1754] 코스피 5000 주식의 시대 - 코리아 디스카운트를 넘어,2026. 3. 18. 2:34,full-text,,3de9dc99a161ed178241f10ddff41251df509e89bc3ca3b1ea40c1783a72c7c5,1
224222737553,https://blog.naver.com/PostView.naver?blogId=agapeuni&logNo=224222737553&categoryNo=1213,[독서-1755] 책쓰기 성공 비법 50가지 - 성공하는 사람은 따로 있다,2026. 3. 19. 22:20,full-text,,b1071f9d4d81d114f81de84f24a9f5b598c3b1918223aa9449d0a7523133b0ad,1
224222789731,https://blog.naver.com/PostView.naver?blogId=agapeuni&logNo=224222789731&categoryNo=1213,[독서-1756] 감각의 뇌과학 - 늙지 않는 뇌를 만드는,2026. 3. 19. 23:14,full-text,,54efbe1f6d33ca008553d128fb69942dcebcd5ab614b80df385f1569a0b8d4a4,1
224222827206,https://blog.naver.com/PostView.naver?blogId=agapeuni&logNo=224222827206&categoryNo=1213,"[독서-1757] KOSPI 5,000투자의 대전환 - 지속 가능한 투자",2026. 3. 19. 23:55,full-text,,8ab02064b4df0453b15e6052b758ef4485788ba08c30f18a859cf598eda0c74c,1
224228703632,https://blog.naver.com/PostView.naver?blogId=agapeuni&logNo=224228703632&categoryNo=1213,[독서-1758] 딱 1년만 미쳐라 - 1년간의 몰입으로 깨어나라,2026. 3. 25. 9:17,full-text,,0c33ab2a66f910324bc82f1fe1f5e291c90bffd94bf9e078f265256421d874eb,1
224228738218,https://blog.naver.com/PostView.naver?blogId=agapeuni&logNo=224228738218&categoryNo=1213,[독서-1759] 타인과 일을 한다는 것 - 서로 이해하지 못함을 인정,2026. 3. 25. 9:53,full-text,,4852be86efa4b6fba6e96171d63ced8d424f846d8811c99dd17174203eab4de7,1
224228829263,https://blog.naver.com/PostView.naver?blogId=agapeuni&logNo=224228829263&categoryNo=1213,[독서-1760] 노력의 배신 - 특별한 내일을 꿈꾸는 당신에게,2026. 3. 25. 11:08,full-text,,a3f6fe7b0ed4cc87fefc7f1b2d83e869e4a6fbe13bc5601c8855a7b14c1fd2f7,1
224228870781,https://blog.naver.com/PostView.naver?blogId=agapeuni&logNo=224228870781&categoryNo=1213,[독서-1761] 버릴수록 부자 되는 미니멀리즘 재테크,2026. 3. 25. 11:41,full-text,,5d521759aa6c2fb6e01676c9faaf3d4c59541986c2695a77d0f8397d2e5add10,1
224230747776,https://blog.naver.com/PostView.naver?blogId=agapeuni&logNo=224230747776&categoryNo=1213,"[독서-1762] 공부 골든타임 - AI 시대, 흔들리지 않는 공부 저력",2026. 3. 26. 21:53,full-text,,a752fded0847ca3e4265feac602517e58bcd44700dd4cffac50d7a0c292f8194,1
224234811691,https://blog.naver.com/PostView.naver?blogId=agapeuni&logNo=224234811691&categoryNo=1213,[독서-1763] 돈 찌는 체질 - 상위 0.15% 자산가가 되기까지,2026. 3. 30. 20:35,full-text,,7c5e663bce4a348d01549be6210cf157fc28db0e54540ca09600e66737938ef6,1
224235143567,https://blog.naver.com/PostView.naver?blogId=agapeuni&logNo=224235143567&categoryNo=1213,[독서-1764] 온톨로지 - 데이터의 무질서를 권력으로 바꾸는 기술,2026. 3. 31. 4:15,full-text,,c78ffa147998cfb061206f9af1f5fb6660f4c6a6ca1253454d814cdd44ba1f16,1
224235153066,https://blog.naver.com/PostView.naver?blogId=agapeuni&logNo=224235153066&categoryNo=1213,"[독서-1765] AI혁명의 시대, 사피엔스의 마지막 항해",2026. 3. 31. 4:43,full-text,,592d976aad3cbcc5c77881c2414d353083a68c45b294066824d115d9d5be6baa,1
224240267690,https://blog.naver.com/PostView.naver?blogId=agapeuni&logNo=224240267690&categoryNo=1213,[독서-1766] 내 안의 리더십 깨우기 - 매순간 자기 답을 찾아간다.,2026. 4. 4. 6:13,full-text,,1ce915d00d3e039e07ff8c4d735742b731fccdc0a7df0159885eb80687a8b19a,1
224241042449,https://blog.naver.com/PostView.naver?blogId=agapeuni&logNo=224241042449&categoryNo=1213,[독서-1767] 연민에 관하여 - 친절한 판사 프랭크 카프리오 이야기,2026. 4. 4. 23:52,full-text,,2308661b798c2cb4dd987a92a37cf11cb4a4e7f7428bc44ad230e86718a30f21,1
224241223438,https://blog.naver.com/PostView.naver?blogId=agapeuni&logNo=224241223438&categoryNo=1213,[독서-1768] 사장의 문장들 - 결정적 성취를 완성하는 고전의 지혜,2026. 4. 5. 7:08,full-text,,c27089f02387325c8dea56eb3a8dd3e436d55476ec1b0c3aaecb95d0a60989b4,1
224241232948,https://blog.naver.com/PostView.naver?blogId=agapeuni&logNo=224241232948&categoryNo=1213,[독서-1769] 마케팅 천재의 돈 버는 공식 - 대박 신화의 비밀,2026. 4. 5. 7:34,full-text,,50ca020fe2d5dce1853bc181e2cfc3bcabb134c7745830cf61da376019e0790d,1
224241918429,https://blog.naver.com/PostView.naver?blogId=agapeuni&logNo=224241918429&categoryNo=1213,[독서-1770] 2026 이기적 CPPG 개인정보관리사 기출 900제,2026. 4. 5. 23:23,full-text,,84fcec6092f41e071cff4e166b759af3a1721ce507e063e63878ecd9314e9715,1
224241946452,https://blog.naver.com/PostView.naver?blogId=agapeuni&logNo=224241946452&categoryNo=1213,[독서-1771] AI 최전선 - AGI 미래를 읽는 사람들,2026. 4. 5. 23:55,full-text,,4390b45bc840d6f07acc9d933ad961c905c608077425aea2387d0be58c2c5e55,1
224243210485,https://blog.naver.com/PostView.naver?blogId=agapeuni&logNo=224243210485&categoryNo=1213,[독서-1772] 피지컬 AI가 온다 - 피지컬 AI 기술과 투자 지도,2026. 4. 6. 23:34,full-text,,706cece7bf362ebae9ca17cbf0a9d329b11a1df9b3bd1733a505f311691b7e9f,1
224244643202,https://blog.naver.com/PostView.naver?blogId=agapeuni&logNo=224244643202&categoryNo=1213,[독서-1773] 과학하는 인간의 태도,2026. 4. 8. 3:32,full-text,,152f35800643f6418da4fe4165d645b80ffdb479168409ff7a9e0a8c41ecd7ef,1
224245935428,https://blog.naver.com/PostView.naver?blogId=agapeuni&logNo=224245935428&categoryNo=1213,"[독서-1774] 서울 아파트, 20대부터 준비하라",2026. 4. 9. 3:40,full-text,,fcda2e1d38b0dd57b30e37af8e074be05142201f6403035a4852b4c6dd294df8,1
224245951287,https://blog.naver.com/PostView.naver?blogId=agapeuni&logNo=224245951287&categoryNo=1213,[독서-1775] 내집마련 트렌드 2026 - 부의 판도가 뒤집힌다,2026. 4. 9. 4:32,full-text,,5641e66b0ad1d1e3969f341afc7ae0a655da3f9fd1fa103e0e7ab8009c44a6c6,1
224246190255,https://blog.naver.com/PostView.naver?blogId=agapeuni&logNo=224246190255&categoryNo=1213,"[독서-1776] 루프, 원하는 것을 얻는 능력 - 행동 설계법",2026. 4. 9. 10:44,full-text,,e23883c19f279475b954a07a5dd7872c0eb7e021a253190f2629e19d1fed4e05,1
224247073928,https://blog.naver.com/PostView.naver?blogId=agapeuni&logNo=224247073928&categoryNo=1213,[독서-1777] 박태웅의 AI 강의 2026 - 새로운 지능의 모든 것,2026. 4. 9. 23:23,full-text,,63bb405689e0b582dfa92771caeb610d3ce2735ce74012c7e9ed59252747d7fc,1
224247085746,https://blog.naver.com/PostView.naver?blogId=agapeuni&logNo=224247085746&categoryNo=1213,[독서-1778] 절망에서 빠져나오는 심리학 - 나를 살리는 생각 기술,2026. 4. 9. 23:37,full-text,,ee79ce1ead1f30b2c97f711ebdacd26313899584dfc1000a35562b85e12b72c0,1
224247094677,https://blog.naver.com/PostView.naver?blogId=agapeuni&logNo=224247094677&categoryNo=1213,[독서-1779] 쟤는 폰만 보는데 왜 돈이 많을까,2026. 4. 9. 23:48,full-text,,a28312c3ea61911c1b03d73928f96e8305626fd9d2e99270a27f8b9830d12246,1
224247100898,https://blog.naver.com/PostView.naver?blogId=agapeuni&logNo=224247100898&categoryNo=1213,[독서-1780] 나는 실패를 팔아 150억을 벌었다,2026. 4. 9. 23:56,full-text,,2f8d6f3db6992ed3bf42bab0c5055f6baa21df5a2faef230da1e848022d4d411,1
224247600360,https://blog.naver.com/PostView.naver?blogId=agapeuni&logNo=224247600360&categoryNo=1213,[독서-1781] 부동산 투자의 대전환 - 투자 기술 총망라,2026. 4. 10. 12:33,full-text,,3481aa8f520ee132191136b4ce3e1b8c1bff52df6d96d07f513a76ed2f58f77d,1
224247623510,https://blog.naver.com/PostView.naver?blogId=agapeuni&logNo=224247623510&categoryNo=1213,[독서-1782] 세계는 왜 보수에 열광하는가,2026. 4. 10. 12:54,full-text,,dc448cdbd51c34e33425e6fb09f593f2ce283b7a81946de4d54fe0ac02ab34a0,1
224248208778,https://blog.naver.com/PostView.naver?blogId=agapeuni&logNo=224248208778&categoryNo=1213,"[독서-1783] 커뮤니티 전략 바이블 - AI 시대, 커뮤니티의 힘",2026. 4. 10. 22:02,full-text,,bb241b7cc657fbe6aed4b1c0edf710ba13881b5357287ccd70ae7cc9e6069d4b,1
224248214905,https://blog.naver.com/PostView.naver?blogId=agapeuni&logNo=224248214905&categoryNo=1213,[독서-1784] 끝까지 해내는 사람들 - 버티는 사람 vs 해내는 사람,2026. 4. 10. 22:10,full-text,,c9c3a73454e89055ac4c26d9a86107a9e187864d62cca0f144b65d73e84526e2,1
224248228381,https://blog.naver.com/PostView.naver?blogId=agapeuni&logNo=224248228381&categoryNo=1213,[독서-1785] 인생은 행복으로 완성되지 않는다 - 과학적 증명,2026. 4. 10. 22:26,full-text,,93fbd42f29844f91b9ebea23e507d34588d4107fb57267caa77133127d4c09f5,1
224248480857,https://blog.naver.com/PostView.naver?blogId=agapeuni&logNo=224248480857&categoryNo=1213,[독서-1786] 차이나 임팩트 모빌리티 패권 전쟁 - 변화와 대응 전략,2026. 4. 11. 7:40,full-text,,46627714639a9547bf63e7843a53f529561b5666d5b04dbdc1612cfb01c5dc6b,1
224251243090,https://blog.naver.com/PostView.naver?blogId=agapeuni&logNo=224251243090&categoryNo=1213,[독서-1787] 길을 잃어도 걸음을 멈추지 않는다 - 괴테의 인생 조언,2026. 4. 13. 22:18,full-text,,a8b59bcc59ae264a494f8f96952c1821bc53258cb8e42b0e93aa17572b9c7f50,1
224252313690,https://blog.naver.com/PostView.naver?blogId=agapeuni&logNo=224252313690&categoryNo=1213,[독서-1788] AI 시대 강자로 살아남는 법 - 가장 강력한 생존 전략,2026. 4. 14. 19:04,full-text,,7bd3d38034222a712cd871e17443da2cd2b212f8bbde3b71a975509d481f4a68,1
224253959496,https://blog.naver.com/PostView.naver?blogId=agapeuni&logNo=224253959496&categoryNo=1213,[독서-1789] 마음을 사로잡는 경청의 힘,2026. 4. 16. 4:35,full-text,,e5280492ff6b4024f5a689a022aa8046dfdbb562d3b36704480ba19658c11c66,1
224253966031,https://blog.naver.com/PostView.naver?blogId=agapeuni&logNo=224253966031&categoryNo=1213,[독서-1790] AI 프로메테우스 - 미래가 현실이 된 지금 우리는?,2026. 4. 16. 4:57,full-text,,19b1d07c95d75e0aa8d2e75e22f0a289b0227c4ecde246788987f13cd724e16f,1
224254108334,https://blog.naver.com/PostView.naver?blogId=agapeuni&logNo=224254108334&categoryNo=1213,[독서-1791] 품격 있는 태도는 듣기에서 시작됩니다,2026. 4. 16. 9:25,full-text,,3830f19e22a0c4a848bc4305ddb852df5262c21a43d99fd3fc8599a0ae8bcda8,1
224254115952,https://blog.naver.com/PostView.naver?blogId=agapeuni&logNo=224254115952&categoryNo=1213,[독서-1792] TM 실전 비법 - 노후 걱정 없이 평생 월 500만 원 버는,2026. 4. 16. 9:32,full-text,,72b5e12db28c551a0ac6b17d84429adb2b207331fdf4fb7b928f9f0533c822bf,1
224257031827,https://blog.naver.com/PostView.naver?blogId=agapeuni&logNo=224257031827&categoryNo=1213,[독서-1793] 주식회사 이주열 - 내 삶의 대표이사가 된다.,2026. 4. 18. 20:57,full-text,,901ea8495bef414fea66a2651cb017c2489a435ad51a4821537fe2fa6a580c4a,1
224257290019,https://blog.naver.com/PostView.naver?blogId=agapeuni&logNo=224257290019&categoryNo=1213,[독서-1794] Beyond: AI가 이끄는 인지 혁명 - 주체가 바뀌었다,2026. 4. 19. 4:21,full-text,,494d8bef61b39b12bbd780462cfd6492ed8f021727d39c898df766f2a212bff9,1
224257921925,https://blog.naver.com/PostView.naver?blogId=agapeuni&logNo=224257921925&categoryNo=1213,[독서-1795] 일은 어떻게 만들어지는가 - 코넬대 박사의 명강의,2026. 4. 19. 21:02,full-text,,45ace776b6ea384ac8aa4dc2f89733c89dfc3be7201bcdb043f0b9a94e55246f,1
224259559654,https://blog.naver.com/PostView.naver?blogId=agapeuni&logNo=224259559654&categoryNo=1213,[독서-1796] 해달리와 함께 떠나는 신나는 AI 여행 - 문해력 수업,2026. 4. 21. 8:15,full-text,,88df15b787ce42d7c8c348f09b48696546fa9309268accd9e629087c6bc58cf6,1
224259695086,https://blog.naver.com/PostView.naver?blogId=agapeuni&logNo=224259695086&categoryNo=1213,"[독서-1797] 이번 생에 영끌은 무섭고 전세금 올려주긴 지쳐서, 실거주 한 채 샀습니다만",2026. 4. 21. 10:36,full-text,,eac048a53c3681d73d683d99e8c3d82cb17f63d160b7cc0501bcd893a3bc4dcd,1
224261797123,https://blog.naver.com/PostView.naver?blogId=agapeuni&logNo=224261797123&categoryNo=1213,"[독서-1798] 이것이 우분투 리눅스다 - 네트워크와 서버 구축, 운영",2026. 4. 22. 23:19,full-text,,8ea77a296b3af92573fc1f0dea2eec6a2854e989e96eeea4efd78f7a310d327a,1
224268983963,https://blog.naver.com/PostView.naver?blogId=agapeuni&logNo=224268983963&categoryNo=1213,"[독서-1799] AI 에이전트, 초개인화 경험을 설계하라",2026. 4. 29. 11:23,full-text,,0f65ea3faadbe7a2b0ea70b3ce2e88de0c5bc023cee057e7756b1a6fa9cb247f,1
224271868163,https://blog.naver.com/PostView.naver?blogId=agapeuni&logNo=224271868163&categoryNo=1213,[독서-1800] 랭체인 완벽 입문 - LLM 앱 구축 랭체인 활용법,2026. 5. 1. 21:29,full-text,,35c654d10d4291002b1cfbcc09ca6f5061a656e422c0d62f1d915177318949c4,1
224271874859,https://blog.naver.com/PostView.naver?blogId=agapeuni&logNo=224271874859&categoryNo=1213,[독서-1801] 실전! LLM을 활용한 생성형 AI 애플리케이션 개발,2026. 5. 1. 21:38,full-text,,9af0fdebbd7c8b21aae56bbdf22b225dac76f9924eea72896e79d005c94b94f4,1
224275810720,https://blog.naver.com/PostView.naver?blogId=agapeuni&logNo=224275810720&categoryNo=1213,"[독서-1802] 이제, 고전을 읽어야 할 시간 - 나를 지키는 고전의 힘",2026. 5. 5. 22:44,full-text,,7d26f656eab2eef19f3ab8043a5dc0fbcbad92b27baeca22f3d4678dd1cb2e43,1
224275831230,https://blog.naver.com/PostView.naver?blogId=agapeuni&logNo=224275831230&categoryNo=1213,[독서-1803] 혼자 리드하지 마라 - 최고의 팀을 만드는 10가지 기술,2026. 5. 5. 23:08,full-text,,5a17406099158568e422d5043b2c2952777a87eb7f1409a0444ec0b77df51588,1
224276810526,https://blog.naver.com/PostView.naver?blogId=agapeuni&logNo=224276810526&categoryNo=1213,[독서-1804] 올라운더 투자법 - 자산을 불리는 절대 원칙,2026. 5. 6. 18:37,full-text,,46b9cd84f30d5d9ce4a1dcd968bf303d87125620619d6a3a630e5c3548bcc02c,1
224277451698,https://blog.naver.com/PostView.naver?blogId=agapeuni&logNo=224277451698&categoryNo=1213,"[독서-1805] AI 리터러시 플러스+ : 인공지능 기본부터 도구 선택, 조합, 실전 활용까지",2026. 5. 7. 10:36,full-text,,d2ecd0cf3ed24a89f52d23c62e057bcd4bd943999af82d1b94dc0f73ed98ccc2,1
224278281038,https://blog.naver.com/PostView.naver?blogId=agapeuni&logNo=224278281038&categoryNo=1213,[독서-1806] AI로 가속하는 일의 효율화 - 성과의 질을 높이는 법,2026. 5. 7. 23:50,full-text,,a538d1f72d40159919160beae8272e5710103e588647f0545c19451621539a57,1
224279329056,https://blog.naver.com/PostView.naver?blogId=agapeuni&logNo=224279329056&categoryNo=1213,[독서-1807] 실전 스타트업 투자유치 바이블,2026. 5. 8. 21:34,full-text,,b1098abc1fc73dbe435d992a887575c448fd496c214f16922b10efcc2add00f0,1
224279336728,https://blog.naver.com/PostView.naver?blogId=agapeuni&logNo=224279336728&categoryNo=1213,[독서-1808] 나는 나답게 죽기로 했습니다,2026. 5. 8. 21:44,full-text,,06614b074bfe282decadfaa3d0b3c5dcbd531e84e8bccb4f5461e482ef1d46f8,1
224281075155,https://blog.naver.com/PostView.naver?blogId=agapeuni&logNo=224281075155&categoryNo=1213,[독서-1809] 난생처음 시작하는 돈 공부 - 금융 맞춤형 재테크 수업,2026. 5. 10. 22:33,full-text,,0bcba8d9887c6744cb682e0f7a90dcf0bfb11ba25405fb18afda5a3f407eeb0a,1
224283181789,https://blog.naver.com/PostView.naver?blogId=agapeuni&logNo=224283181789&categoryNo=1213,[독서-1810] 경영의 알파와 오메가 - 경제민주화의 현장 목소리,2026. 5. 12. 17:30,full-text,,abb27c627d96f9788eeb52c0f54a7706747ec079c494513062e14c3f74609c08,1
224283195404,https://blog.naver.com/PostView.naver?blogId=agapeuni&logNo=224283195404&categoryNo=1213,[독서-1811] 하이엔드 아비투스 - 그들은 아비투스를 거래한다,2026. 5. 12. 17:41,full-text,,b67453d0f38077029f6bd7c58bde63ca0ef58b9fd2aa9c1f097595c7df96d3d8,1
224283838877,https://blog.naver.com/PostView.naver?blogId=agapeuni&logNo=224283838877&categoryNo=1213,[독서-1812] 10대를 위한 일론 머스크의 미래 예측 50가지,2026. 5. 13. 10:11,full-text,,30fa6dfc41f697606612f099133c4343c7df32f76199bbbf9531e58b787af069,1
224283855152,https://blog.naver.com/PostView.naver?blogId=agapeuni&logNo=224283855152&categoryNo=1213,[독서-1813] 조란 맘다니 - 어떻게 뉴욕 시장이 되었나?,2026. 5. 13. 10:26,full-text,,87e5e7aedecaf2a888339fe43b05b86e6b5c5d745e641309dae6bd51d0aaf749,1
224283883322,https://blog.naver.com/PostView.naver?blogId=agapeuni&logNo=224283883322&categoryNo=1213,[독서-1814] 마시멜로 이야기 - 자기계발의 교과서,2026. 5. 13. 10:49,full-text,,2c6047071e599214f64bdc07003bb918a209cc739bf2158d9710d69729cbe240,1
224285484773,https://blog.naver.com/PostView.naver?blogId=agapeuni&logNo=224285484773&categoryNo=1213,[독서-1815] 성공 너머 성공 - 삼성생명 고객의 성공 DNA를 추적,2026. 5. 14. 16:38,full-text,,7bb45c3b96b84717cf79dc7bcacf875b92d852b214c1716d6d9dc63f2f64e6ed,1
224285629872,https://blog.naver.com/PostView.naver?blogId=agapeuni&logNo=224285629872&categoryNo=1213,[독서-1816] 대화의 기술 - 마음을 읽는 10가지 대화법,2026. 5. 14. 19:04,full-text,,f0f32eb79ac57f9e964898507eccd3205125f7215e08e83581736ea783de9f00,1
224285641931,https://blog.naver.com/PostView.naver?blogId=agapeuni&logNo=224285641931&categoryNo=1213,"[독서-1817] 디스킬 제너레이션 - AI 시대, 생존을 위한 언어력 수업",2026. 5. 14. 19:20,full-text,,17d1b8615ba0159dd1155b4a1f22f967b6a80a5a95e0fa002f8483e183b5eea2,1
224285687795,https://blog.naver.com/PostView.naver?blogId=agapeuni&logNo=224285687795&categoryNo=1213,[독서-1818] 자산의 리밸런싱 비트코인과 새로운 투자전략,2026. 5. 14. 20:24,full-text,,8c9a46136876eaf8e5a75188f84d1b14e70ebe6d9f7dca5df2fedf118188f11b,1
224285706637,https://blog.naver.com/PostView.naver?blogId=agapeuni&logNo=224285706637&categoryNo=1213,[독서-1819] X와의 안전 이별 - 나르시시스트와 멀어지는 법,2026. 5. 14. 20:49,full-text,,cf18123f0d7b0342d7f925ba5fc12e98bf9dc27eb08395bb48d3b150737dbcd7,1
224286381560,https://blog.naver.com/PostView.naver?blogId=agapeuni&logNo=224286381560&categoryNo=1213,[독서-1820] 부자 되기의 과학 - 이 책이 내 인생을 바꾸었다,2026. 5. 15. 14:00,full-text,,5e000b245e4aca8064499d2c2931725a8f58b2894fcd5d71ea1aab33c2802e1f,1
224286703173,https://blog.naver.com/PostView.naver?blogId=agapeuni&logNo=224286703173&categoryNo=1213,"[독서-1821] 팔란티어 파운드리, 판단을 설계하라",2026. 5. 15. 19:08,full-text,,85e3b5d706a36d2b8069c1dcad3dca761b333a66909ac84c3eb3e17a11afedd4,1
224290410792,https://blog.naver.com/PostView.naver?blogId=agapeuni&logNo=224290410792&categoryNo=1213,[독서-1822] 집중력 조절의 기술 - 산만한 뇌를 길들이는,2026. 5. 19. 17:22,full-text,,297966658c665047dbfaa8008fda2e464950e3b2cdb7def28d0b6ed2530a7504,1
224290423515,https://blog.naver.com/PostView.naver?blogId=agapeuni&logNo=224290423515&categoryNo=1213,[독서-1823] 내 감정인데 왜 휘둘릴까? - 불안하고 예민한 마음,2026. 5. 19. 17:31,full-text,,63a073ea3729bd11b7e529f9dba487dd16fe7298ff1a7073da8b380719bc6b83,1
224292846914,https://blog.naver.com/PostView.naver?blogId=agapeuni&logNo=224292846914&categoryNo=1213,"[독서-1824] 엄마, 당신의 이야기를 들려주세요",2026. 5. 21. 22:36,full-text,,f95244f785781174b160b4a6578f39bc49cdf8f192128e0f88d20b579eb31f99,1
224293680919,https://blog.naver.com/PostView.naver?blogId=agapeuni&logNo=224293680919&categoryNo=1213,[독서-1825] 최소한의 환율 공부 - 자산을 지키는 환율 수업,2026. 5. 22. 17:54,full-text,,fbd54e02eea789229a12a9049c08df27300e118e7fd73018618de99d80b95eeb,1
224293697848,https://blog.naver.com/PostView.naver?blogId=agapeuni&logNo=224293697848&categoryNo=1213,[독서-1826] 관계에 대하여 - 어른을 위한 관계 개선 테라피,2026. 5. 22. 18:12,full-text,,dceadf821408ce3ed38b889913ce7343a1569398f868f9e55a2befc60aedc8d3,1
224298855193,https://blog.naver.com/PostView.naver?blogId=agapeuni&logNo=224298855193&categoryNo=1213,[독서-1827] 어른의 말하기 - 마음을 다독이는 다정한 어른의 언어,2026. 5. 28. 12:04,full-text,,9b47c24f08dd86b9b45b2a7398318d7a60cb666bb819ee06bc7bc02c1cfa298c,1
224298883736,https://blog.naver.com/PostView.naver?blogId=agapeuni&logNo=224298883736&categoryNo=1213,[독서-1828] 직원과 나누기 곤란한 대화 74 - 대화하는 기술,2026. 5. 28. 12:33,full-text,,2570799cc6625e1ba3319d0d5739aaba1e430220536de83ed6c49bc94f0dd39d,1
224298904960,https://blog.naver.com/PostView.naver?blogId=agapeuni&logNo=224298904960&categoryNo=1213,[독서-1829] 누구에게도 상처받지 않는 관계의 기술 - 심리 처방전,2026. 5. 28. 12:57,full-text,,a95937b7955fd033237f76115d3a52f7c3b05fecb8707a7e8f8801c81a55033e,1
224299934365,https://blog.naver.com/PostView.naver?blogId=agapeuni&logNo=224299934365&categoryNo=1213,[독서-1830] 일본 문구 대백과 - 600개 아이템 문구 연대기,2026. 5. 29. 12:38,full-text,,e92849fe4ae64ebb6d2452d93550981a5ec4103400b50d0872694395ceb9a52f,1
224305255024,https://blog.naver.com/PostView.naver?blogId=agapeuni&logNo=224305255024&categoryNo=1213,[독서-1831] 네버엔딩 맨 : 미야자키 하야오,2026. 6. 4. 2:39,full-text,,354495ffeff77722fab0cf8d435546349c4c14336d894110dbbedeaff5b456f7,1
224306512104,https://blog.naver.com/PostView.naver?blogId=agapeuni&logNo=224306512104&categoryNo=1213,[독서-1832] 부모와 자녀가 꼭 함께 읽어야 할 시 2,2026. 6. 5. 8:58,full-text,,4a5da09867512222b6b90dce404637e96fc8ccc7b48e88dd976b2605f70192d8,1
224306522899,https://blog.naver.com/PostView.naver?blogId=agapeuni&logNo=224306522899&categoryNo=1213,[독서-1833] 케어리스 피플 - 거대 플랫폼 기업의 세계,2026. 6. 5. 9:13,full-text,,fc5253da4f888ed32553abb403ed7998a47f542e2828e4bbcded7eef15c261f0,1
224307258443,https://blog.naver.com/PostView.naver?blogId=agapeuni&logNo=224307258443&categoryNo=1213,[독서-1834] 질문의 기술 - 성공은 내가 던진 질문에서 시작된다,2026. 6. 5. 22:12,full-text,,01fe461012d195939f45671aac2ab7743f5de48408bdf776e3da5251f60b8473,1
224307286002,https://blog.naver.com/PostView.naver?blogId=agapeuni&logNo=224307286002&categoryNo=1213,[독서-1835] 1% 리더의 언어 공식 - 거부할 수 없는 힘,2026. 6. 5. 22:49,full-text,,2202d8ac90528ce31ce6da0427797e6fc32ab096eed879eaa6ba7a1cdc13b75c,1
224307303468,https://blog.naver.com/PostView.naver?blogId=agapeuni&logNo=224307303468&categoryNo=1213,[독서-1836] 바이브 코딩 with 구글 안티그래비티 - 12가지 웹/앱,2026. 6. 5. 23:12,full-text,,b72a68147fb8fb0949080790b9aa9a0bfc702d1e4d43fc8410338b7b1866ad1d,1
224308017607,https://blog.naver.com/PostView.naver?blogId=agapeuni&logNo=224308017607&categoryNo=1213,[독서-1837] 단독자 - 가장 높은 인생을 설계,2026. 6. 6. 21:06,full-text,,f311a83161cf3c08846fa3ed182c017090a018d3465f8a362baf5c89cdbde498,1
224308020917,https://blog.naver.com/PostView.naver?blogId=agapeuni&logNo=224308020917&categoryNo=1213,[독서-1838] 혁신의 방정식 - 세상을 바꾼 12개의 공식,2026. 6. 6. 21:11,full-text,,d2c45388186eaf2d17ebda78845ad2d9517c3822de35c591afd59468e85ab290,1
224312091947,https://blog.naver.com/PostView.naver?blogId=agapeuni&logNo=224312091947&categoryNo=1213,[독서-1839] 나는 나를 읽기 시작했다 - 어느 청년 예술가의 초상,2026. 6. 10. 20:30,full-text,,3d0e1cbd4bae9b4b800cfafbbff17530b192757db405e9b0f1cbc7d4cc767b20,1
224329186389,https://blog.naver.com/PostView.naver?blogId=agapeuni&logNo=224329186389&categoryNo=1213,[독서-1840] 바로바로 챗GPT X 덕테이프 X 코덱스 - AI 입문서,2026. 6. 27. 22:56,full-text,,a10085d86f93d5bf86ee5bfe90e5cccdc4248f2dab168e6de41635e09d0deb38,1
224329199622,https://blog.naver.com/PostView.naver?blogId=agapeuni&logNo=224329199622&categoryNo=1213,"[독서-1841] 코덱스 완벽 가이드 - 비용은 줄이고, 성능은 극대화",2026. 6. 27. 23:16,full-text,,a2387d5884ddfd3be8b6e6346b1ff67a563fecb5c624a8a06cce841e124ad268,1
224331566392,https://blog.naver.com/PostView.naver?blogId=agapeuni&logNo=224331566392&categoryNo=1213,[독서-1842] 피지컬 AI 기술 혁명 - 기술을 알면 투자가 보인다,2026. 6. 30. 11:12,full-text,,3f1c4b97f8faec3e0bc0e799fee872cc782322b39b2b513ce1e65906ceacb325,1
224332576894,https://blog.naver.com/PostView.naver?blogId=agapeuni&logNo=224332576894&categoryNo=1213,[독서-1843] AI조차 편향에서 벗어나지 못한다 - 판단력 수업,2026. 7. 1. 7:09,full-text,,324d5f7b864c57a9bb72b74e7a76c49dd43eb755f5969b44ec3f5652cb17089d,1
224333624118,https://blog.naver.com/PostView.naver?blogId=agapeuni&logNo=224333624118&categoryNo=1213,[독서-1844] 초월자의 조건 : 야망은 큰데 왜 아직도 평범한가,2026. 7. 2. 1:37,full-text,,e43383174039c80f114dfe10fe7f990874f9e72247db8601588031a2b84a6bda,1
224333633067,https://blog.naver.com/PostView.naver?blogId=agapeuni&logNo=224333633067&categoryNo=1213,[독서-1845] 로비의 경제학 - 보잉에서 구글·쿠팡까지,2026. 7. 2. 1:55,full-text,,e5e055eb349834dc2a9c5829859744abe5a9d4b0440d26f36b9c8807edb50115,1
224333641496,https://blog.naver.com/PostView.naver?blogId=agapeuni&logNo=224333641496&categoryNo=1213,[독서-1846] 딱 ‘한 번 더’ 하면 인생이 달라진다 - 결정적 행동 원칙,2026. 7. 2. 2:12,full-text,,7404ffd79e5b2d84d199276dc09ef9cefba905c362e1d7698a0ce36114e0cc4d,1
224334522541,https://blog.naver.com/PostView.naver?blogId=agapeuni&logNo=224334522541&categoryNo=1213,[독서-1847] 흔들릴 때마다 나는 도스토옙스키를 읽었다,2026. 7. 2. 20:06,full-text,,ae738d9d0e2d6f30af5301ee12ae016bec6aa3cef4606eb8349fe2bad6b1eee9,1
224335081422,https://blog.naver.com/PostView.naver?blogId=agapeuni&logNo=224335081422&categoryNo=1213,[독서-1848] 이게 되네? 클로드 MCP 미친 활용법 27제,2026. 7. 3. 10:47,full-text,,b52f355e889b1156126975660641d07996d92e0d63046c34a278bf41bb0e3e40,1
224338955524,https://blog.naver.com/PostView.naver?blogId=agapeuni&logNo=224338955524&categoryNo=1213,[독서-1849] 누가 AI로 진짜 돈을 버는가 - AI 비즈니스 리포트,2026. 7. 7. 10:40,full-text,,d4282acc98351ec45271562c974f63688d62376f7f0a69e07364ae55d219f96b,1
224338987548,https://blog.naver.com/PostView.naver?blogId=agapeuni&logNo=224338987548&categoryNo=1213,[독서-1850] 나는 AI를 직원으로 뒀다 - 일하는 방식의 AI혁명,2026. 7. 7. 11:08,full-text,,36a0cf24fd3b19941bd5c2711b53c84375e17da3c4823dc43ba5f15f594da0d8,1
224339016952,https://blog.naver.com/PostView.naver?blogId=agapeuni&logNo=224339016952&categoryNo=1213,[독서-1851] 세계사를 움직인 35인의 리더십 - 리더의 성공과 실패,2026. 7. 7. 11:33,full-text,,8e8128e95d4dc7e3d7b5edcf1429463ad529f38a5a8aa5d581746175d3c43bc0,1
224339068316,https://blog.naver.com/PostView.naver?blogId=agapeuni&logNo=224339068316&categoryNo=1213,[독서-1852] 리더의 일은 맡기는 것이 전부다 - 맡김의 연금술,2026. 7. 7. 12:21,full-text,,1e774cd23c1372539c968ba9c1871605e8ed9e10bf5e3b923014c4d733ed3cb3,1
224339536949,https://blog.naver.com/PostView.naver?blogId=agapeuni&logNo=224339536949&categoryNo=1213,[독서-1853] 최상위권의 슈퍼 브레인 공부법 - AI 시대의 질문력,2026. 7. 7. 19:52,full-text,,923551367355250cd31985ee4d3a55996b1f2e6ec299a6eff1299e7012e66e72,1
224339648198,https://blog.naver.com/PostView.naver?blogId=agapeuni&logNo=224339648198&categoryNo=1213,[독서-1854] 에디슨 알고리즘 - AI 시대 창조적 사고법,2026. 7. 7. 22:11,full-text,,c45671083fe06b42fdc72d767023861ffe0ff4333a880a6693619fe45af07cca,1
224339667773,https://blog.naver.com/PostView.naver?blogId=agapeuni&logNo=224339667773&categoryNo=1213,[독서-1855] 하나님의 마스터플랜 새 예루살렘 성,2026. 7. 7. 22:35,full-text,,693683903a43427d184498a93b2b5008cca2f71e35a6137e7c35c4687db3a898,1
224343272387,https://blog.naver.com/PostView.naver?blogId=agapeuni&logNo=224343272387&categoryNo=1213,[독서-1856] 하이스트 - 계급을 바꾸는 단 하나의 시스템,2026. 7. 11. 11:23,full-text,,fae8adb101b99023884ca37c52463ec7dcc3b27d4752947defd96d4343016dec,1
224343296452,https://blog.naver.com/PostView.naver?blogId=agapeuni&logNo=224343296452&categoryNo=1213,[독서-1857] 결핍이 있는 사람이 이긴다 - 불안이 무기가 된다,2026. 7. 11. 11:59,full-text,,e7cf50c8798714b23b5bd1baa7383b85317936fe95ac798a0f0276cf72389066,1
224345485496,https://blog.naver.com/PostView.naver?blogId=agapeuni&logNo=224345485496&categoryNo=1213,[독서-1858] 하루 1시간으로 월 300 더 버는 40대 임부장 이야기,2026. 7. 13. 20:22,full-text,,5c6f44b657c9bfe626e84c6e4d51525cbad64016830632023200eeb372ab4f98,1
224345529720,https://blog.naver.com/PostView.naver?blogId=agapeuni&logNo=224345529720&categoryNo=1213,[독서-1859] 거인처럼 생각하라 - 위대한 거인들의 10가지 생각법,2026. 7. 13. 21:17,full-text,,751aa2e7f01c04a455c54003c32c7b38715c1d7d7d00fa4f802145eee65f3083,1
224346537423,https://blog.naver.com/PostView.naver?blogId=agapeuni&logNo=224346537423&categoryNo=1213,[독서-1860] 일 안 하기의 기술 - 꼭 해야 할 일만 하는 업무 습관,2026. 7. 14. 18:11,full-text,,7490cf21c3a758bfb7eeb9cd964b97062a391c4f5d04d86b2048c77fd2bdd0c7,1
224346545850,https://blog.naver.com/PostView.naver?blogId=agapeuni&logNo=224346545850&categoryNo=1213,[독서-1861] 성공하는 사람은 행동이 다르다,2026. 7. 14. 18:21,full-text,,f5114b5af934dfb2733ce838ba89644e4a9b6fff7a3d662714074582081f574c,1
224351398536,https://blog.naver.com/PostView.naver?blogId=agapeuni&logNo=224351398536&categoryNo=1213,[독서-1862] 다정한 뇌과학 - 불안과 잘 지내고 싶은 당신에게,2026. 7. 19. 23:44,full-text,,de00b24aedc7d93d5fd8c78983daf3590757f72bbee6de9fcce42834cadc0a48,1
224354075132,https://blog.naver.com/PostView.naver?blogId=agapeuni&logNo=224354075132&categoryNo=1213,[독서-1863] 한눈에 오를 주식만 골라내는 현금흐름표 읽는 법,2026. 7. 22. 10:36,full-text,,bf060d32e1310ad5c9592b62f27ee2abc3b7d3fabf5ccc2f5878cee40dde1154,1
224354102192,https://blog.naver.com/PostView.naver?blogId=agapeuni&logNo=224354102192&categoryNo=1213,[독서-1864] 스테이블코인 : AI 시대의 새로운 화폐,2026. 7. 22. 11:00,full-text,,8e4a10074767849063176bb1260e4f1167fb39475c99a23e7d953069707ca973,1
224354122316,https://blog.naver.com/PostView.naver?blogId=agapeuni&logNo=224354122316&categoryNo=1213,[독서-1865] 머니 토큰 - 세상의 모든 것이 토큰화되는 미래 금융,2026. 7. 22. 11:17,full-text,,f264dc4049e901066526c16d9fb59777e35e8d50edfa22d2bd5978a3e44dba9a,1
224354153733,https://blog.naver.com/PostView.naver?blogId=agapeuni&logNo=224354153733&categoryNo=1213,[독서-1866] 문과생들도 알아야 할 최소한의 물리 공부 - 지적 탐험,2026. 7. 22. 11:44,full-text,,9ca8b2bda57129213ad6d04ee5919876202bcb791b76ac676f23e36dfb309967,1
224354178974,https://blog.naver.com/PostView.naver?blogId=agapeuni&logNo=224354178974&categoryNo=1213,[독서-1867] 양자컴퓨터 레시피 - 한 권으로 이해하는 양자 기술,2026. 7. 22. 12:09,full-text,,f912a809fbf98db2312df5226341bf1efa3bba86e07e0a2964a02a7db2776e5d,1
224354204691,https://blog.naver.com/PostView.naver?blogId=agapeuni&logNo=224354204691&categoryNo=1213,[독서-1868] 미치도록 알고 싶은 아이디어 발상법,2026. 7. 22. 12:33,full-text,,6ca723b37b29c67da451d00c7cd861c7fd4199dce356178a4def31c0a8be9ffd,1
224354234345,https://blog.naver.com/PostView.naver?blogId=agapeuni&logNo=224354234345&categoryNo=1213,[독서-1869] 알면 잠 못 드는 위험한 인문학 2,2026. 7. 22. 13:04,full-text,,f54d4736ec46ab2212165786c5b8691257aa29508ecdc3f8d31126baeb9e5527,1
224356179352,https://blog.naver.com/PostView.naver?blogId=agapeuni&logNo=224356179352&categoryNo=1213,[독서-1870] 우리는 망한 사랑만 골라서 하지,2026. 7. 24. 6:56,full-text,,ac025d56392d021540b1f4342705c248283c0b9c1751a65d5020e80a525277af,1
224356182309,https://blog.naver.com/PostView.naver?blogId=agapeuni&logNo=224356182309&categoryNo=1213,[독서-1871] 원 아워 - 인생을 바꾸는 아침 1시간의 기적,2026. 7. 24. 7:03,full-text,,b9c0599822b9c3b3624f540eb8ec2128e4ba9458890e68eeedc046d2dd1595d2,1
224363327179,https://blog.naver.com/PostView.naver?blogId=agapeuni&logNo=224363327179&categoryNo=1213,[독서-1872] 내면혁명 - 내면의 목소리를 믿을 때 자유로워진다,2026. 7. 31. 0:16,full-text,,c483545be9f94853f349dffed948a03e30f55a883ae0dbf481b9e91a192a335f,1
224363371420,https://blog.naver.com/PostView.naver?blogId=agapeuni&logNo=224363371420&categoryNo=1213,[독서-1873] 이게 되네? 오픈클로 미친 활용법 50제 - AI 에이전트,2026. 7. 31. 1:31,full-text,,8f814e92e957e90231a407f115cf49357fe24fe4cb5c0b9a402fcb6767a5b7ac,1
224366066198,https://blog.naver.com/PostView.naver?blogId=agapeuni&logNo=224366066198&categoryNo=1213,"[독서-1874] 오픈클로 with GPT, 제미나이, 클로드 - AI 집사",2026. 8. 2. 23:23,full-text,,ef50771258283669f5a8887c7b764d749952c18cfb8aabe1da41fe94e4d92c5b,1
